id_geometrie,alert_slug,strapi_document_id,notion_page_id,date_traitement
33,alert-EurometropoledeStrasbourg-universite,hk99sfc1u111amlk3985q5gh,3c63a944-682d-8147-9850-ef174fdce6c6,2026-08-24
34,alert-EurometropoledeStrasbourg-cathedrale,tkxya80ytbbs1zah3onzwqey,3c63a944-682d-8150-bd17-f52776da2644,2026-08-24
2,alert-EurometropoledeStrasbourg-autorisation-spr,usbcrbfitrbbcckinf00ixiy,3c63a944-682d-81bf-acbf-f8a0ae597e3b,2026-08-24
6,alert-EurometropoledeStrasbourg-vlio,u9f042kdpk3gy4c987q54ogr,3c63a944-682d-8152-bef7-ceb0f2ce0845,2026-08-24
7,alert-EurometropoledeStrasbourg-Marechaux,co43lb77u1r1uhoanlwd409g,3c63a944-682d-81fc-a590-fe178c578ff8,2026-08-24
8,alert-EurometropoledeStrasbourg-Floralies,q2pyw2w6rqyh8av786p7c0ok,3c63a944-682d-81c8-9a08-e1ef91eb734e,2026-08-24
9,alert-EurometropoledeStrasbourg-ostwald,r0g7om1hz2q075gqwpml4u97,3c63a944-682d-81de-9fab-f85f077c870d,2026-08-24
10,alert-EurometropoledeStrasbourg-secteur-nord-reichstett,wkkdf5p77zmm37r2mqof5bha,3c63a944-682d-8171-bf41-e00099cb5aad,2026-08-24
11,alert-EurometropoledeStrasbourg-Souffel,xvnskgwdwu53eorvjqasc9s1,3c63a944-682d-81fa-b0fc-f92c8d5903e1,2026-08-24
12,alert-EurometropoledeStrasbourg-souffel-ii,a5hvdn21lpeguh7nvoqdvtfc,3c63a944-682d-81fb-9833-e3d60241d672,2026-08-24
13,alert-EurometropoledeStrasbourg-Hirschberg,iijtp1jfps0t0pwiipm0rtbd,3c63a944-682d-812c-9699-c9a50aa9b51f,2026-08-24
15,alert-EurometropoledeStrasbourg-etoile-ilot,s4doorzx5eigglv1vghhxhny,3c63a944-682d-8107-97eb-e969b17259d8,2026-08-24
16,alert-EurometropoledeStrasbourg-Heyritz,veo4yc6d4gveyl3un3824o9h,3c63a944-682d-81e3-a371-e61b534aeeea,2026-08-24
17,alert-EurometropoledeStrasbourg-Musau-Neudorf,zpa62x1o65d691fk13dtzf1i,3c63a944-682d-81cd-95d8-e806e9c2aeb3,2026-08-24
18,alert-EurometropoledeStrasbourg-Romains,tyidru6ke3jsz2giped10n50,3c63a944-682d-81b7-9b13-d2f39e1cb539,2026-08-24
19,alert-EurometropoledeStrasbourg-Petit-Marais,rd3twk37j1rcbrxkmpshq6ed,3c63a944-682d-8112-b269-fda072151ca1,2026-08-24
20,alert-EurometropoledeStrasbourg-Epsan,gp8jw8ueoume3ftpviws0c7m,3c63a944-682d-81f6-afcf-f928f08f5e5b,2026-08-24
21,alert-EurometropoledeStrasbourg-air-bruit,xtj3can5840u1irird1pden3,3c63a944-682d-810e-8d1a-dbb247790de0,2026-08-24
22,alert-EurometropoledeStrasbourg-route-entzheim,dbnm3elkpmh1ti4ihhzx1wzf,3c63a944-682d-81ae-83c0-caa994558e1f,2026-08-24
23,alert-EurometropoledeStrasbourg-ecran-equipement-festif,m3sxddgfbwnoonwxz479c837,3c63a944-682d-817c-ac1a-f6fc9808c78a,2026-08-24
24,alert-EurometropoledeStrasbourg-deux-rives,cjz1asktno33qq64dh5d37m8,3c63a944-682d-81f1-99a2-cfbf13dfc367,2026-08-24
25,alert-EurometropoledeStrasbourg-Huron,hv40xevzxp06xixudqszwmy3,3c63a944-682d-81c0-9221-c2de6dca0449,2026-08-24
26,alert-EurometropoledeStrasbourg-recul-30m,veku8n5ofdj3pu1btkkcoxcw,3c63a944-682d-814c-87b3-d3a314b516a7,2026-08-24
27,alert-EurometropoledeStrasbourg-zone-commerciale-nord,go02lug923wlktldpzndmth7,3c63a944-682d-81c6-b695-ccd387e4a1d6,2026-08-24
28,alert-EurometropoledeStrasbourg-Schwemmloch,iwgz0nkigf13cayzbui2ml3w,3c63a944-682d-8125-b084-fe8630121940,2026-08-24
29,alert-EurometropoledeStrasbourg-Trissermatt,ove248aulwfiv8uvwccyjebz,3c63a944-682d-8173-8a51-c5eebc706166,2026-08-24
30,alert-EurometropoledeStrasbourg-Niedermatt,w7y0rttlgwyxxylq6ol1anu1,3c63a944-682d-81a2-ab74-d50006a3e7b2,2026-08-24
31,alert-EurometropoledeStrasbourg-paysage-a35,i12ymghqxk5twuo8837wskml,3c63a944-682d-81a9-b824-f1edea246631,2026-08-24
33,alert-EurometropoledeStrasbourg-universite,o4uv4vb4y9zhnjemg4qax6kk,3c63a944-682d-8147-9850-ef174fdce6c6,2026-08-24
34,alert-EurometropoledeStrasbourg-cathedrale,tkxya80ytbbs1zah3onzwqey,3c63a944-682d-8150-bd17-f52776da2644,2026-08-24
2,alert-EurometropoledeStrasbourg-autorisation-spr,usbcrbfitrbbcckinf00ixiy,3c63a944-682d-81bf-acbf-f8a0ae597e3b,2026-08-24
6,alert-EurometropoledeStrasbourg-vlio,u9f042kdpk3gy4c987q54ogr,3c63a944-682d-8152-bef7-ceb0f2ce0845,2026-08-24
7,alert-EurometropoledeStrasbourg-Marechaux,co43lb77u1r1uhoanlwd409g,3c63a944-682d-81fc-a590-fe178c578ff8,2026-08-24
8,alert-EurometropoledeStrasbourg-Floralies,q1h0ii3yn91ehqxa3b4k1o4p,3c63a944-682d-81c8-9a08-e1ef91eb734e,2026-08-24
9,alert-EurometropoledeStrasbourg-ostwald,s9st2hflbkmkxlordo0kq56t,3c63a944-682d-81de-9fab-f85f077c870d,2026-08-24
10,alert-EurometropoledeStrasbourg-secteur-nord-reichstett,c2gmmuca1hm2kkksnxf0ztlf,3c63a944-682d-8171-bf41-e00099cb5aad,2026-08-24
11,alert-EurometropoledeStrasbourg-Souffel,ow5ni6k3aqrhhu9v6huq1spn,3c63a944-682d-81fa-b0fc-f92c8d5903e1,2026-08-24
12,alert-EurometropoledeStrasbourg-souffel-ii,l1whgml7q9gldd1fcczsfq1s,3c63a944-682d-81fb-9833-e3d60241d672,2026-08-24
13,alert-EurometropoledeStrasbourg-Hirschberg,a0peast6gmo0m5ohvw07sx6m,3c63a944-682d-812c-9699-c9a50aa9b51f,2026-08-24
15,alert-EurometropoledeStrasbourg-etoile-ilot,ynq1kpsz08dgng27l2myaydp,3c63a944-682d-8107-97eb-e969b17259d8,2026-08-24
16,alert-EurometropoledeStrasbourg-Heyritz,fflbavno9y062t16xaqpufjo,3c63a944-682d-81e3-a371-e61b534aeeea,2026-08-24
17,alert-EurometropoledeStrasbourg-Musau-Neudorf,o10zlha8wgvkpiaqy9pzq28j,3c63a944-682d-81cd-95d8-e806e9c2aeb3,2026-08-24
18,alert-EurometropoledeStrasbourg-Romains,tgfi9mep5biq7jt0yf9qsopx,3c63a944-682d-81b7-9b13-d2f39e1cb539,2026-08-24
19,alert-EurometropoledeStrasbourg-Petit-Marais,ctfoa0yiv8tg1aga735iw6v9,3c63a944-682d-8112-b269-fda072151ca1,2026-08-24
20,alert-EurometropoledeStrasbourg-Epsan,ae132fmlgi2en798udouob77,3c63a944-682d-81f6-afcf-f928f08f5e5b,2026-08-24
21,alert-EurometropoledeStrasbourg-air-bruit,b58uasc9z98hersp4eljd6er,3c63a944-682d-810e-8d1a-dbb247790de0,2026-08-24
22,alert-EurometropoledeStrasbourg-route-entzheim,vb7mrnitm1nz0ws3xdzv60hs,3c63a944-682d-81ae-83c0-caa994558e1f,2026-08-24
23,alert-EurometropoledeStrasbourg-ecran-equipement-festif,m3sxddgfbwnoonwxz479c837,3c63a944-682d-817c-ac1a-f6fc9808c78a,2026-08-24
24,alert-EurometropoledeStrasbourg-deux-rives,cjz1asktno33qq64dh5d37m8,3c63a944-682d-81f1-99a2-cfbf13dfc367,2026-08-24
25,alert-EurometropoledeStrasbourg-Huron,hv40xevzxp06xixudqszwmy3,3c63a944-682d-81c0-9221-c2de6dca0449,2026-08-24
26,alert-EurometropoledeStrasbourg-recul-30m,veku8n5ofdj3pu1btkkcoxcw,3c63a944-682d-814c-87b3-d3a314b516a7,2026-08-24
27,alert-EurometropoledeStrasbourg-zone-commerciale-nord,go02lug923wlktldpzndmth7,3c63a944-682d-81c6-b695-ccd387e4a1d6,2026-08-24
28,alert-EurometropoledeStrasbourg-Schwemmloch,iwgz0nkigf13cayzbui2ml3w,3c63a944-682d-8125-b084-fe8630121940,2026-08-24
29,alert-EurometropoledeStrasbourg-Trissermatt,ove248aulwfiv8uvwccyjebz,3c63a944-682d-8173-8a51-c5eebc706166,2026-08-24
30,alert-EurometropoledeStrasbourg-Niedermatt,w7y0rttlgwyxxylq6ol1anu1,3c63a944-682d-81a2-ab74-d50006a3e7b2,2026-08-24
31,alert-EurometropoledeStrasbourg-paysage-a35,i12ymghqxk5twuo8837wskml,3c63a944-682d-81a9-b824-f1edea246631,2026-08-24
33,alert-EurometropoledeStrasbourg-universite,,3ceba330-7523-81cd-ad6b-db7e8e2a30ba,2026-09-01
34,alert-EurometropoledeStrasbourg-cathedrale,,3ceba330-7523-816b-a968-dc6c80d9be9e,2026-09-01
2,alert-EurometropoledeStrasbourg-autorisation-spr,,3ceba330-7523-8128-8bbe-f7d8f3bd3d61,2026-09-01
6,alert-EurometropoledeStrasbourg-vlio,,3ceba330-7523-811a-8b13-c5580b506e29,2026-09-01
7,alert-EurometropoledeStrasbourg-Marechaux,,3ceba330-7523-8140-910b-f8d32e4b75f0,2026-09-01
8,alert-EurometropoledeStrasbourg-Floralies,,3ceba330-7523-817d-98d4-c70f9d4001f6,2026-09-01
9,alert-EurometropoledeStrasbourg-ostwald,,3ceba330-7523-81ee-abaf-d1989d85c8b3,2026-09-01
10,alert-EurometropoledeStrasbourg-secteur-nord-reichstett,,3ceba330-7523-812a-8b3c-d60f8120d38b,2026-09-01
11,alert-EurometropoledeStrasbourg-Souffel,,3ceba330-7523-8174-8f5a-d9f5f328b8c6,2026-09-01
12,alert-EurometropoledeStrasbourg-souffel-ii,,3ceba330-7523-81f8-bf8c-ff3e8777f648,2026-09-01
13,alert-EurometropoledeStrasbourg-Hirschberg,,3ceba330-7523-81db-b04d-ec5a3dbac652,2026-09-01
15,alert-EurometropoledeStrasbourg-etoile-ilot,,3ceba330-7523-8185-ad8d-c1927bdbe845,2026-09-01
16,alert-EurometropoledeStrasbourg-Heyritz,,3ceba330-7523-812a-ad14-c929b5e0206e,2026-09-01
17,alert-EurometropoledeStrasbourg-Musau-Neudorf,,3ceba330-7523-8186-84ae-f07a64f8eb08,2026-09-01
18,alert-EurometropoledeStrasbourg-Romains,,3ceba330-7523-812c-a071-fe2b7bf87f82,2026-09-01
19,alert-EurometropoledeStrasbourg-Petit-Marais,,3ceba330-7523-817d-9ec3-c13ee4473e77,2026-09-01
20,alert-EurometropoledeStrasbourg-Epsan,,3ceba330-7523-81e5-a191-c8b28e71a5e2,2026-09-01
21,alert-EurometropoledeStrasbourg-air-bruit,,3ceba330-7523-815f-a43a-d70533e81701,2026-09-01
22,alert-EurometropoledeStrasbourg-route-entzheim,,3ceba330-7523-81ab-bf56-d098428bfbe7,2026-09-01
23,alert-EurometropoledeStrasbourg-ecran-equipement-festif,,3ceba330-7523-8109-a6eb-d74e0274fa73,2026-09-01
24,alert-EurometropoledeStrasbourg-deux-rives,,3ceba330-7523-817c-96b8-c3b71a43e8de,2026-09-01
25,alert-EurometropoledeStrasbourg-Huron,,3ceba330-7523-8140-b335-dc142e2b8e7f,2026-09-01
26,alert-EurometropoledeStrasbourg-recul-30m,,3ceba330-7523-8132-b4bb-c502d0e50423,2026-09-01
27,alert-EurometropoledeStrasbourg-zone-commerciale-nord,,3ceba330-7523-8108-9f3a-f252df7cbaf7,2026-09-01
28,alert-EurometropoledeStrasbourg-Schwemmloch,,3ceba330-7523-815f-b531-c8311df129ca,2026-09-01
29,alert-EurometropoledeStrasbourg-Trissermatt,,3ceba330-7523-810a-8f5a-c9fe0e1eb73b,2026-09-01
30,alert-EurometropoledeStrasbourg-Niedermatt,,3ceba330-7523-8134-86ef-cd7f261935bc,2026-09-01
31,alert-EurometropoledeStrasbourg-paysage-a35,,3ceba330-7523-8197-bd04-f18c2448bb06,2026-09-01
