id_geometrie,territoire_propose,description_slug,alert_slug_propose,message_strapi,message_content,strapi_source,strapi_reference,label_propose,titre_propose,nom_fichier_geometrie,communes
33,Eurométropole de Strasbourg,,alert-EurometropoledeStrasbourg-universite,"Message : Le jardin de l'université est un espace de confort, de calme et de rafraîchissement. Tout projet sur ou proche du site doit anticiper la conservation de la situation sonore apaisée actuelle.
Docs sources : OAP
références : page 22","Le jardin de l'université est un espace de confort, de calme et de rafraîchissement. Tout projet sur ou proche du site doit anticiper la conservation de la situation sonore apaisée actuelle.",OAP,page 22,ZONE CALME,Préserver le calme du jardin universitaire,33.geojson,Strasbourg
34,Eurométropole de Strasbourg,,alert-EurometropoledeStrasbourg-cathedrale,"Message : Aux abords de la Cathédrale, il est recommandé d'améliorer le confort sonore de l'espace public par l'introduction de végétal. Attention les gains acoustiques apportés par les substrats et l'amélioration du ressenti apportée par le végétal sont prouvés, mais rien ne prouve que le végétal permet de réduire les niveaux de bruit.
Docs sources : OAP
références : page 26","Aux abords de la Cathédrale, il est recommandé d'améliorer le confort sonore de l'espace public par l'introduction de végétal. Attention les gains acoustiques apportés par les substrats et l'amélioration du ressenti apportée par le végétal sont prouvés, mais rien ne prouve que le végétal permet de réduire les niveaux de bruit.",OAP,page 26,ZONE SOUMISE AU BRUIT,Confort sonore par végétalisation aux abords de la Cathédrale,34.geojson,Strasbourg
2,Eurométropole de Strasbourg,,alert-EurometropoledeStrasbourg-autorisation-spr,"Message : Au sein du Secteur Patrimonial Remarquable, plusieurs interventions sont autorisées afin d'améliorer l'habitabilité : isolation acoustique, isolation thermique, hygiène, accessibilité.
Concrètement il s'agit : 
- du remplacement des menuiseries dégradées ou de leurs profils et verres,
- de la pose d'une double menuiserie intérieure, 
- du remplacement ou modification des ouvrages en surplomb. 
Chaque intervention reste conditionnée au respect des éléments patrimoniaux et historiques. Avant travaux, vérifiez la compatibilité de votre projet avec ces exigences et rapprochez-vous d'un professionnel qualifié ou de l'architecte des Bâtiments de France.
Docs sources : PSMV
références : Article 7 / Article 4","Au sein du Secteur Patrimonial Remarquable, plusieurs interventions sont autorisées afin d'améliorer l'habitabilité : isolation acoustique, isolation thermique, hygiène, accessibilité.
Concrètement il s'agit : 
- du remplacement des menuiseries dégradées ou de leurs profils et verres,
- de la pose d'une double menuiserie intérieure, 
- du remplacement ou modification des ouvrages en surplomb. 
Chaque intervention reste conditionnée au respect des éléments patrimoniaux et historiques. Avant travaux, vérifiez la compatibilité de votre projet avec ces exigences et rapprochez-vous d'un professionnel qualifié ou de l'architecte des Bâtiments de France.",PSMV,Article 7 / Article 4,ZONE SOUMISE AU BRUIT,Travaux d'habitabilité en Secteur Patrimonial Remarquable,2.geojson,Strasbourg
6,Eurométropole de Strasbourg,,alert-EurometropoledeStrasbourg-vlio,"Message : Sur le secteur ""Porte de Hausbergen"", la Voie de Liaison Intercommunale Ouest est identifiée comme une source de nuisances sonores. Il est recommandé, lors de l'aménagement du site, de densifier les espaces verts entre la VLIO et les logements pour assurer une protection phonique. Attention, les distances et densité de végétal nécessaires pour assurer un impact acoustique significatif sont importantes (cf partie recommandations de diagBruit).
Docs sources : OAP
références : page 306","Sur le secteur ""Porte de Hausbergen"", la Voie de Liaison Intercommunale Ouest est identifiée comme une source de nuisances sonores. Il est recommandé, lors de l'aménagement du site, de densifier les espaces verts entre la VLIO et les logements pour assurer une protection phonique. Attention, les distances et densité de végétal nécessaires pour assurer un impact acoustique significatif sont importantes (cf partie recommandations de diagBruit).",OAP,page 306,ZONE SOUMISE AU BRUIT,Écran végétal anti-bruit secteur Porte de Hausbergen,6.geojson,"Achenheim, Bischheim, Blaesheim, Breuschwickersheim, Eckbolsheim, Eckwersheim, Entzheim, Eschau, Fegersheim, Geispolsheim, Hangenbieten, Holtzheim, Hœnheim, Illkirch-Graffenstaden, Kolbsheim, La Wantzenau, Lampertheim, Lingolsheim, Lipsheim, Mittelhausbergen, Mundolsheim, Niederhausbergen, Oberhausbergen, Oberschaeffolsheim, Osthoffen, Ostwald, Plobsheim, Reichstett, Schiltigheim, Souffelweyersheim, Strasbourg, Vendenheim, Wolfisheim"
7,Eurométropole de Strasbourg,,alert-EurometropoledeStrasbourg-Marechaux,"Message : Pour limiter le bruit sur le secteur de la zone d'activité ""des Maréchaux"", L'OAP intercommunale recommande aux aménageurs et constructeurs de mettre en oeuvre des techniques de masquage des batiments en jouant sur l'implantation et la hauteur du bâti (documentation à venir sur diagBruit).
Docs sources : OAP
références : page 312","Pour limiter le bruit sur le secteur de la zone d'activité ""des Maréchaux"", L'OAP intercommunale recommande aux aménageurs et constructeurs de mettre en oeuvre des techniques de masquage des batiments en jouant sur l'implantation et la hauteur du bâti (documentation à venir sur diagBruit).",OAP,page 312,ZONE SOUMISE AU BRUIT,"Masquage du bâti recommandé, zone des Maréchaux",7.geojson,"Achenheim, Bischheim, Blaesheim, Breuschwickersheim, Eckbolsheim, Eckwersheim, Entzheim, Eschau, Fegersheim, Geispolsheim, Hangenbieten, Holtzheim, Hœnheim, Illkirch-Graffenstaden, Kolbsheim, La Wantzenau, Lampertheim, Lingolsheim, Lipsheim, Mittelhausbergen, Mundolsheim, Niederhausbergen, Oberhausbergen, Oberschaeffolsheim, Osthoffen, Ostwald, Plobsheim, Reichstett, Schiltigheim, Souffelweyersheim, Strasbourg, Vendenheim, Wolfisheim"
8,Eurométropole de Strasbourg,,alert-EurometropoledeStrasbourg-Floralies,"Message : Pour limiter les nuisances sonore de la voie ferrée dans le secteur « à l'Ouest de la rue des Floralies », il est recommandé d'agir sur :
- le maillage des voies, 
- les ouvertures et fermetures visuelles, 
- l'implantation du bâti
- la hauteur du bâti.
Anticipez ces choix d'aménagement dès la conception de votre projet en faisant appel à un spécialiste en acoustique.
Docs sources : OAP
références : page 278","Pour limiter les nuisances sonore de la voie ferrée dans le secteur « à l'Ouest de la rue des Floralies », il est recommandé d'agir sur :
- le maillage des voies, 
- les ouvertures et fermetures visuelles, 
- l'implantation du bâti
- la hauteur du bâti.
Anticipez ces choix d'aménagement dès la conception de votre projet en faisant appel à un spécialiste en acoustique.",OAP,page 278,ZONE SOUMISE AU BRUIT,"Nuisances voie ferrée, secteur Ouest rue des Floralies",8.geojson,"Achenheim, Bischheim, Blaesheim, Breuschwickersheim, Eckbolsheim, Eckwersheim, Entzheim, Eschau, Fegersheim, Geispolsheim, Hangenbieten, Holtzheim, Hœnheim, Illkirch-Graffenstaden, Kolbsheim, La Wantzenau, Lampertheim, Lingolsheim, Lipsheim, Mittelhausbergen, Mundolsheim, Niederhausbergen, Oberhausbergen, Oberschaeffolsheim, Osthoffen, Ostwald, Plobsheim, Reichstett, Schiltigheim, Souffelweyersheim, Strasbourg, Vendenheim, Wolfisheim"
9,Eurométropole de Strasbourg,,alert-EurometropoledeStrasbourg-ostwald,"Message : Dans le secteur Sud-Ouest d'Ostwald (plus particulièrement si votre parcelle borde la voie structurante Rue E. Bugatti/Allée du Bohrie), il est recommandé de concentrer les hauteurs de construction les plus importantes : 
- le long de la voie ferrée, 
- à proximité de la gare,
- le long de la liaison Est-Ouest proche du futur passage sur la voie ferrée. 
Ces bâtiments plus hauts contribuent à protéger le secteur du bruit ferroviaire et routier. Faites étudiez les hauteurs de votre projet par un acousticien pour optimiser cette qualité de protection acoustique.
Docs sources : OAP
références : page 332","Dans le secteur Sud-Ouest d'Ostwald (plus particulièrement si votre parcelle borde la voie structurante Rue E. Bugatti/Allée du Bohrie), il est recommandé de concentrer les hauteurs de construction les plus importantes : 
- le long de la voie ferrée, 
- à proximité de la gare,
- le long de la liaison Est-Ouest proche du futur passage sur la voie ferrée. 
Ces bâtiments plus hauts contribuent à protéger le secteur du bruit ferroviaire et routier. Faites étudiez les hauteurs de votre projet par un acousticien pour optimiser cette qualité de protection acoustique.",OAP,page 332,ZONE SOUMISE AU BRUIT,"Hauteurs bâties anti-bruit, secteur Sud-Ouest Ostwald",9.geojson,"Achenheim, Bischheim, Blaesheim, Breuschwickersheim, Eckbolsheim, Eckwersheim, Entzheim, Eschau, Fegersheim, Geispolsheim, Hangenbieten, Holtzheim, Hœnheim, Illkirch-Graffenstaden, Kolbsheim, La Wantzenau, Lampertheim, Lingolsheim, Lipsheim, Mittelhausbergen, Mundolsheim, Niederhausbergen, Oberhausbergen, Oberschaeffolsheim, Osthoffen, Ostwald, Plobsheim, Reichstett, Schiltigheim, Souffelweyersheim, Strasbourg, Vendenheim, Wolfisheim"
10,Eurométropole de Strasbourg,,alert-EurometropoledeStrasbourg-secteur-nord-reichstett,"Message : Le « Secteur Nord » de Reichstett est exposé au bruit de la D63. 
Pour limiter les impacts sonores, vous pouvez agir sur : 
- le maillage des voies, 
- les ouvertures et fermetures visuelles, 
- l'implantation du bâti,
- la hauteur du bâti, 
- la répartition des programmes. 
Faites vous accompagner par un spécialiste acoustique dès la conception de votre projet.
Docs sources : OAP
références : page 374","Le « Secteur Nord » de Reichstett est exposé au bruit de la D63. 
Pour limiter les impacts sonores, vous pouvez agir sur : 
- le maillage des voies, 
- les ouvertures et fermetures visuelles, 
- l'implantation du bâti,
- la hauteur du bâti, 
- la répartition des programmes. 
Faites vous accompagner par un spécialiste acoustique dès la conception de votre projet.",OAP,page 374,ZONE SOUMISE AU BRUIT,Nuisances sonores D63 — Secteur Nord,10.geojson,"Achenheim, Bischheim, Blaesheim, Breuschwickersheim, Eckbolsheim, Eckwersheim, Entzheim, Eschau, Fegersheim, Geispolsheim, Hangenbieten, Holtzheim, Hœnheim, Illkirch-Graffenstaden, Kolbsheim, La Wantzenau, Lampertheim, Lingolsheim, Lipsheim, Mittelhausbergen, Mundolsheim, Niederhausbergen, Oberhausbergen, Oberschaeffolsheim, Osthoffen, Ostwald, Plobsheim, Reichstett, Schiltigheim, Souffelweyersheim, Strasbourg, Vendenheim, Wolfisheim"
11,Eurométropole de Strasbourg,,alert-EurometropoledeStrasbourg-Souffel,"Message : Sur le « Secteur d'extension Ouest rue de l'Industrie » à Souffelweyersheim il est recommandé de mettre en oeuvre des protections acoustiques renforcées : 
- double peau, 
- protections amovibles pour les prolongements extérieurs.
Consultez un acousticien pour évaluer les solutions adaptées à votre projet.
Docs sources : OAP
références : page 421","Sur le « Secteur d'extension Ouest rue de l'Industrie » à Souffelweyersheim il est recommandé de mettre en oeuvre des protections acoustiques renforcées : 
- double peau, 
- protections amovibles pour les prolongements extérieurs.
Consultez un acousticien pour évaluer les solutions adaptées à votre projet.",OAP,page 421,ZONE SOUMISE AU BRUIT,"Protections acoustiques renforcées, secteur extension Ouest",11.geojson,"Achenheim, Bischheim, Blaesheim, Breuschwickersheim, Eckbolsheim, Eckwersheim, Entzheim, Eschau, Fegersheim, Geispolsheim, Hangenbieten, Holtzheim, Hœnheim, Illkirch-Graffenstaden, Kolbsheim, La Wantzenau, Lampertheim, Lingolsheim, Lipsheim, Mittelhausbergen, Mundolsheim, Niederhausbergen, Oberhausbergen, Oberschaeffolsheim, Osthoffen, Ostwald, Plobsheim, Reichstett, Schiltigheim, Souffelweyersheim, Strasbourg, Vendenheim, Wolfisheim"
12,Eurométropole de Strasbourg,,alert-EurometropoledeStrasbourg-souffel-ii,"Message : Le « Secteur Pointe de la Souffel II » prescrit la prise en compte du bruit dès la conception du projet. La volumétrie du bâti, la dispersion des nuisances, les protections à mettre en place devront être anticipée dés le plan d'aménagement. Les bâtiments devront également répondre à des exigences d'isolement acoustique renforcé :
- double peau, 
- protections amovibles pour les prolongements extérieurs.
Consultez un acousticien pour définir les solutions adaptées à votre projet.
Docs sources : OAP
références : page 425","Le « Secteur Pointe de la Souffel II » prescrit la prise en compte du bruit dès la conception du projet. La volumétrie du bâti, la dispersion des nuisances, les protections à mettre en place devront être anticipée dés le plan d'aménagement. Les bâtiments devront également répondre à des exigences d'isolement acoustique renforcé :
- double peau, 
- protections amovibles pour les prolongements extérieurs.
Consultez un acousticien pour définir les solutions adaptées à votre projet.",OAP,page 425,ZONE SOUMISE AU BRUIT,Prise en compte du bruit - Pointe de la Souffel II,12.geojson,"Achenheim, Bischheim, Blaesheim, Breuschwickersheim, Eckbolsheim, Eckwersheim, Entzheim, Eschau, Fegersheim, Geispolsheim, Hangenbieten, Holtzheim, Hœnheim, Illkirch-Graffenstaden, Kolbsheim, La Wantzenau, Lampertheim, Lingolsheim, Lipsheim, Mittelhausbergen, Mundolsheim, Niederhausbergen, Oberhausbergen, Oberschaeffolsheim, Osthoffen, Ostwald, Plobsheim, Reichstett, Schiltigheim, Souffelweyersheim, Strasbourg, Vendenheim, Wolfisheim"
13,Eurométropole de Strasbourg,,alert-EurometropoledeStrasbourg-Hirschberg,"Message : Sur le secteur  « Le Hirschberg », la zone d'activité le long de laRD45 doit devenir un écran limitant les nuisances sonores pour les habitations voisines.
Il est recommandé de définir le plan d'aménagement et les hauteurs de bâti en ce sens.
Docs sources : OAP
références : page 11","Sur le secteur  « Le Hirschberg », la zone d'activité le long de laRD45 doit devenir un écran limitant les nuisances sonores pour les habitations voisines.
Il est recommandé de définir le plan d'aménagement et les hauteurs de bâti en ce sens.",OAP,page 11,ZONE SOUMISE AU BRUIT,Écran anti-bruit RD45 – secteur Hirschberg,13.geojson,"Achenheim, Bischheim, Blaesheim, Breuschwickersheim, Eckbolsheim, Eckwersheim, Entzheim, Eschau, Fegersheim, Geispolsheim, Hangenbieten, Holtzheim, Hœnheim, Illkirch-Graffenstaden, Kolbsheim, La Wantzenau, Lampertheim, Lingolsheim, Lipsheim, Mittelhausbergen, Mundolsheim, Niederhausbergen, Oberhausbergen, Oberschaeffolsheim, Osthoffen, Ostwald, Plobsheim, Reichstett, Schiltigheim, Souffelweyersheim, Strasbourg, Vendenheim, Wolfisheim"
15,Eurométropole de Strasbourg,,alert-EurometropoledeStrasbourg-etoile-ilot,"Message : Sur le « Secteur Étoile / Lombardie » il est prescrit d'assurer la continuité du front bâti Nord, afin de protèger le cœur d'îlot contre le bruit.
Docs sources : OAP
références : page 440","Sur le « Secteur Étoile / Lombardie » il est prescrit d'assurer la continuité du front bâti Nord, afin de protèger le cœur d'îlot contre le bruit.",OAP,page 440,ZONE SOUMISE AU BRUIT,"Front bâti Nord contre le bruit, Étoile/Lombardie",15.geojson,"Achenheim, Bischheim, Blaesheim, Breuschwickersheim, Eckbolsheim, Eckwersheim, Entzheim, Eschau, Fegersheim, Geispolsheim, Hangenbieten, Holtzheim, Hœnheim, Illkirch-Graffenstaden, Kolbsheim, La Wantzenau, Lampertheim, Lingolsheim, Lipsheim, Mittelhausbergen, Mundolsheim, Niederhausbergen, Oberhausbergen, Oberschaeffolsheim, Osthoffen, Ostwald, Plobsheim, Reichstett, Schiltigheim, Souffelweyersheim, Strasbourg, Vendenheim, Wolfisheim"
16,Eurométropole de Strasbourg,,alert-EurometropoledeStrasbourg-Heyritz,"Message : Sur le  « Secteur Heyritz », il est recommandé de prendre en compte la pollution sonore parmi les contraintes environnementales du site, aux côtés de l'inondabilité, de la qualité de l'air et de la qualité des sols. Cette recommandation ne fixe pas de seuil ni de mesure technique précise : consultez un acousticien pour définir les dispositions adaptées à votre projet.
Docs sources : OAP
références : page 449","Sur le  « Secteur Heyritz », il est recommandé de prendre en compte la pollution sonore parmi les contraintes environnementales du site, aux côtés de l'inondabilité, de la qualité de l'air et de la qualité des sols. Cette recommandation ne fixe pas de seuil ni de mesure technique précise : consultez un acousticien pour définir les dispositions adaptées à votre projet.",OAP,page 449,ZONE SOUMISE AU BRUIT,Pollution sonore à prendre en compte – Secteur Heyritz,16.geojson,"Achenheim, Bischheim, Blaesheim, Breuschwickersheim, Eckbolsheim, Eckwersheim, Entzheim, Eschau, Fegersheim, Geispolsheim, Hangenbieten, Holtzheim, Hœnheim, Illkirch-Graffenstaden, Kolbsheim, La Wantzenau, Lampertheim, Lingolsheim, Lipsheim, Mittelhausbergen, Mundolsheim, Niederhausbergen, Oberhausbergen, Oberschaeffolsheim, Osthoffen, Ostwald, Plobsheim, Reichstett, Schiltigheim, Souffelweyersheim, Strasbourg, Vendenheim, Wolfisheim"
17,Eurométropole de Strasbourg,,alert-EurometropoledeStrasbourg-Musau-Neudorf,"Message : Sur le secteur ""Musau/Neudorf"", il est recommandé de prendre en compte les contraintes de bruit et de pollution dans l'aménagement du quartier. Intégrez cet enjeu dès la conception de votre projet en faisant appel à un spécialiste en acoustique.
Docs sources : OAP
références : page 458","Sur le secteur ""Musau/Neudorf"", il est recommandé de prendre en compte les contraintes de bruit et de pollution dans l'aménagement du quartier. Intégrez cet enjeu dès la conception de votre projet en faisant appel à un spécialiste en acoustique.",OAP,page 458,ZONE SOUMISE AU BRUIT,Bruit et pollution - secteur Musau/Neudorf,17.geojson,"Achenheim, Bischheim, Blaesheim, Breuschwickersheim, Eckbolsheim, Eckwersheim, Entzheim, Eschau, Fegersheim, Geispolsheim, Hangenbieten, Holtzheim, Hœnheim, Illkirch-Graffenstaden, Kolbsheim, La Wantzenau, Lampertheim, Lingolsheim, Lipsheim, Mittelhausbergen, Mundolsheim, Niederhausbergen, Oberhausbergen, Oberschaeffolsheim, Osthoffen, Ostwald, Plobsheim, Reichstett, Schiltigheim, Souffelweyersheim, Strasbourg, Vendenheim, Wolfisheim"
18,Eurométropole de Strasbourg,,alert-EurometropoledeStrasbourg-Romains,"Message : Sur le secteur « Porte des Romains » il est recommandé d'intégrer le bruit comme une contrainte dès la conception du projet. Aucune mesure technique précise n'est fixée à ce stade, mais cette vigilance doit guider vos choix d'aménagement. Faites appel à un spécialiste en acoustique pour vous aider à définir les mesures à mettre en oeuvre.
Docs sources : OAP
références : page 483","Sur le secteur « Porte des Romains » il est recommandé d'intégrer le bruit comme une contrainte dès la conception du projet. Aucune mesure technique précise n'est fixée à ce stade, mais cette vigilance doit guider vos choix d'aménagement. Faites appel à un spécialiste en acoustique pour vous aider à définir les mesures à mettre en oeuvre.",OAP,page 483,ZONE SOUMISE AU BRUIT,Bruit à anticiper – secteur Porte des Romains,18.geojson,"Achenheim, Bischheim, Blaesheim, Breuschwickersheim, Eckbolsheim, Eckwersheim, Entzheim, Eschau, Fegersheim, Geispolsheim, Hangenbieten, Holtzheim, Hœnheim, Illkirch-Graffenstaden, Kolbsheim, La Wantzenau, Lampertheim, Lingolsheim, Lipsheim, Mittelhausbergen, Mundolsheim, Niederhausbergen, Oberhausbergen, Oberschaeffolsheim, Osthoffen, Ostwald, Plobsheim, Reichstett, Schiltigheim, Souffelweyersheim, Strasbourg, Vendenheim, Wolfisheim"
19,Eurométropole de Strasbourg,,alert-EurometropoledeStrasbourg-Petit-Marais,"Message : Sur le « Secteur Petit-Marais - Singrist », deux sources de bruit sont identifiées par les documents d'urbanisme : 
- la voie ferrée au nord,
- la route de Schirmeck au sud. 
Anticipez la gestion de ces nuisances dès la conception, notamment pour les bâtiments les plus proches de ces axes. Un acousticien peut vous aider à identifier les solutions adaptées à votre implantation.
Docs sources : OAP
références : page 510","Sur le « Secteur Petit-Marais - Singrist », deux sources de bruit sont identifiées par les documents d'urbanisme : 
- la voie ferrée au nord,
- la route de Schirmeck au sud. 
Anticipez la gestion de ces nuisances dès la conception, notamment pour les bâtiments les plus proches de ces axes. Un acousticien peut vous aider à identifier les solutions adaptées à votre implantation.",OAP,page 510,ZONE SOUMISE AU BRUIT,Nuisances sonores secteur Petit-Marais - Singrist,19.geojson,"Achenheim, Bischheim, Blaesheim, Breuschwickersheim, Eckbolsheim, Eckwersheim, Entzheim, Eschau, Fegersheim, Geispolsheim, Hangenbieten, Holtzheim, Hœnheim, Illkirch-Graffenstaden, Kolbsheim, La Wantzenau, Lampertheim, Lingolsheim, Lipsheim, Mittelhausbergen, Mundolsheim, Niederhausbergen, Oberhausbergen, Oberschaeffolsheim, Osthoffen, Ostwald, Plobsheim, Reichstett, Schiltigheim, Souffelweyersheim, Strasbourg, Vendenheim, Wolfisheim"
20,Eurométropole de Strasbourg,,alert-EurometropoledeStrasbourg-Epsan,"Message : Sur le secteur EPSAN, il est recommandé de créer une frange végétalisée en limite de la M301 afin d'atténuer les nuisances sonores et la pollution de l'air liées au trafic routier.
Docs sources : OAP
références : page 622","Sur le secteur EPSAN, il est recommandé de créer une frange végétalisée en limite de la M301 afin d'atténuer les nuisances sonores et la pollution de l'air liées au trafic routier.",OAP,page 622,ZONE SOUMISE AU BRUIT,Frange végétalisée recommandée en limite de M301,20.geojson,"Achenheim, Bischheim, Blaesheim, Breuschwickersheim, Eckbolsheim, Eckwersheim, Entzheim, Eschau, Fegersheim, Geispolsheim, Hangenbieten, Holtzheim, Hœnheim, Illkirch-Graffenstaden, Kolbsheim, La Wantzenau, Lampertheim, Lingolsheim, Lipsheim, Mittelhausbergen, Mundolsheim, Niederhausbergen, Oberhausbergen, Oberschaeffolsheim, Osthoffen, Ostwald, Plobsheim, Reichstett, Schiltigheim, Souffelweyersheim, Strasbourg, Vendenheim, Wolfisheim"
21,Eurométropole de Strasbourg,,alert-EurometropoledeStrasbourg-air-bruit,"Message : Cette parcelle se situe en zone tampon et/ou en zone de vigilance qualité de l'air et bruit routier.
-  Il est recommandé d'implanter en première ligne un bâtiment haut, d'au moins R+3, pour créer un effet barrière contre le bruit et la pollution : vérifiez que cette hauteur est autorisée par le règlement en vigueur avant de concevoir votre projet.
- Il est prescrit pour les façades donnant directement sur un axe routier signalé au plan vigilance  : 
    - que tout espaces extérieurs (balcons, loggias), doit être équipé d'un dispositif permettant de le fermer,
    - que les prises d'air de ventilation ne soient pas présentes sur ces façades.
Docs sources : OAP / règlement écrit
références : page 121 / Article 15, alinéa 6","Cette parcelle se situe en zone tampon et/ou en zone de vigilance qualité de l'air et bruit routier.
-  Il est recommandé d'implanter en première ligne un bâtiment haut, d'au moins R+3, pour créer un effet barrière contre le bruit et la pollution : vérifiez que cette hauteur est autorisée par le règlement en vigueur avant de concevoir votre projet.
- Il est prescrit pour les façades donnant directement sur un axe routier signalé au plan vigilance  : 
    - que tout espaces extérieurs (balcons, loggias), doit être équipé d'un dispositif permettant de le fermer,
    - que les prises d'air de ventilation ne soient pas présentes sur ces façades.",OAP / règlement écrit,"page 121 / Article 15, alinéa 6",ZONE SOUMISE AU BRUIT,Zone tampon : bâti barrière et façades protégées,21.geojson,"Achenheim, Bischheim, Blaesheim, Breuschwickersheim, Eckbolsheim, Eckwersheim, Entzheim, Eschau, Fegersheim, Geispolsheim, Hangenbieten, Holtzheim, Hœnheim, Illkirch-Graffenstaden, Kolbsheim, La Wantzenau, Lampertheim, Lingolsheim, Lipsheim, Mittelhausbergen, Mundolsheim, Niederhausbergen, Oberhausbergen, Oberschaeffolsheim, Osthoffen, Ostwald, Plobsheim, Reichstett, Schiltigheim, Souffelweyersheim, Strasbourg, Vendenheim, Wolfisheim"
22,Eurométropole de Strasbourg,,alert-EurometropoledeStrasbourg-route-entzheim,"Message : Le secteur « Entrée Nord route d'Entzheim » est exposé au bruit de l'autoroute A35. Il est prescrit de travailler : 
- l'implantation, 
- la hauteur, 
- l'orientation des bâtiments 
pour limiter l'exposition des populations. 
Faites appel à un spécialiste acoustique pour vous aider à définir les mesures à mettre en oeuvre.
Docs sources : OAP
références : page 102","Le secteur « Entrée Nord route d'Entzheim » est exposé au bruit de l'autoroute A35. Il est prescrit de travailler : 
- l'implantation, 
- la hauteur, 
- l'orientation des bâtiments 
pour limiter l'exposition des populations. 
Faites appel à un spécialiste acoustique pour vous aider à définir les mesures à mettre en oeuvre.",OAP,page 102,ZONE SOUMISE AU BRUIT,Bruit A35 - secteur Entrée Nord route d'Entzheim,22.geojson,"Achenheim, Bischheim, Blaesheim, Breuschwickersheim, Eckbolsheim, Eckwersheim, Entzheim, Eschau, Fegersheim, Geispolsheim, Hangenbieten, Holtzheim, Hœnheim, Illkirch-Graffenstaden, Kolbsheim, La Wantzenau, Lampertheim, Lingolsheim, Lipsheim, Mittelhausbergen, Mundolsheim, Niederhausbergen, Oberhausbergen, Oberschaeffolsheim, Osthoffen, Ostwald, Plobsheim, Reichstett, Schiltigheim, Souffelweyersheim, Strasbourg, Vendenheim, Wolfisheim"
23,Eurométropole de Strasbourg,,alert-EurometropoledeStrasbourg-ecran-equipement-festif,"Message : Sur la partie Nord du secteur « Gare Entrée Ouest », il est recommandé d'utiliser la construction d'un équipement de type ""festif"" pour protéger les habitations des nuisances sonores de la M353. Attention toutefois à ne pas créer des nuisances de type ""bruit de voisinage"" ou ""bruit de musique amplifiée"".
Docs sources : OAP
références : page 113","Sur la partie Nord du secteur « Gare Entrée Ouest », il est recommandé d'utiliser la construction d'un équipement de type ""festif"" pour protéger les habitations des nuisances sonores de la M353. Attention toutefois à ne pas créer des nuisances de type ""bruit de voisinage"" ou ""bruit de musique amplifiée"".",OAP,page 113,ZONE SOUMISE AU BRUIT,Protection sonore secteur Gare Entrée Ouest,23.geojson,"Achenheim, Bischheim, Blaesheim, Breuschwickersheim, Eckbolsheim, Eckwersheim, Entzheim, Eschau, Fegersheim, Geispolsheim, Hangenbieten, Holtzheim, Hœnheim, Illkirch-Graffenstaden, Kolbsheim, La Wantzenau, Lampertheim, Lingolsheim, Lipsheim, Mittelhausbergen, Mundolsheim, Niederhausbergen, Oberhausbergen, Oberschaeffolsheim, Osthoffen, Ostwald, Plobsheim, Reichstett, Schiltigheim, Souffelweyersheim, Strasbourg, Vendenheim, Wolfisheim"
24,Eurométropole de Strasbourg,,alert-EurometropoledeStrasbourg-deux-rives,"Message : Le secteur « Cœur métropolitain Deux-Rives » présente plusieurs contraintes liées à l'activité portuaire : risques technologiques, trafics routier et ferroviaire, nuisances acoustiques et pollution des sols. Il est recommandé de prendre en compte ces éléments dans vos choix programmatiques. Rapprochez-vous des services d'urbanisme pour affiner votre projet.
Docs sources : OAP
références : page 203","Le secteur « Cœur métropolitain Deux-Rives » présente plusieurs contraintes liées à l'activité portuaire : risques technologiques, trafics routier et ferroviaire, nuisances acoustiques et pollution des sols. Il est recommandé de prendre en compte ces éléments dans vos choix programmatiques. Rapprochez-vous des services d'urbanisme pour affiner votre projet.",OAP,page 203,ZONE SOUMISE AU BRUIT,Contraintes portuaires secteur Cœur métropolitain Deux-Rives,24.geojson,"Achenheim, Bischheim, Blaesheim, Breuschwickersheim, Eckbolsheim, Eckwersheim, Entzheim, Eschau, Fegersheim, Geispolsheim, Hangenbieten, Holtzheim, Hœnheim, Illkirch-Graffenstaden, Kolbsheim, La Wantzenau, Lampertheim, Lingolsheim, Lipsheim, Mittelhausbergen, Mundolsheim, Niederhausbergen, Oberhausbergen, Oberschaeffolsheim, Osthoffen, Ostwald, Plobsheim, Reichstett, Schiltigheim, Souffelweyersheim, Strasbourg, Vendenheim, Wolfisheim"
25,Eurométropole de Strasbourg,,alert-EurometropoledeStrasbourg-Huron,"Message : Sur le « Secteur Huron » il est recommandé de prendre en compte les nuisances sonores dues à la route de Lyon, au tramway et à la salle des fêtes dans la conception de votre projet. Prévoyez des dispositions constructives adaptées à ces nuisances, et prenant également en compte les exigences de hauteur des constructions. 
Consultez un acousticien pour définir les dispositions les mieux adaptées à votre projet.
Docs sources : OAP
références : page 165","Sur le « Secteur Huron » il est recommandé de prendre en compte les nuisances sonores dues à la route de Lyon, au tramway et à la salle des fêtes dans la conception de votre projet. Prévoyez des dispositions constructives adaptées à ces nuisances, et prenant également en compte les exigences de hauteur des constructions. 
Consultez un acousticien pour définir les dispositions les mieux adaptées à votre projet.",OAP,page 165,ZONE SOUMISE AU BRUIT,"Nuisances sonores à prendre en compte, Secteur Huron",25.geojson,"Achenheim, Bischheim, Blaesheim, Breuschwickersheim, Eckbolsheim, Eckwersheim, Entzheim, Eschau, Fegersheim, Geispolsheim, Hangenbieten, Holtzheim, Hœnheim, Illkirch-Graffenstaden, Kolbsheim, La Wantzenau, Lampertheim, Lingolsheim, Lipsheim, Mittelhausbergen, Mundolsheim, Niederhausbergen, Oberhausbergen, Oberschaeffolsheim, Osthoffen, Ostwald, Plobsheim, Reichstett, Schiltigheim, Souffelweyersheim, Strasbourg, Vendenheim, Wolfisheim"
26,Eurométropole de Strasbourg,,alert-EurometropoledeStrasbourg-recul-30m,"Message : Sur le ""secteur Sud de la ZAC Parc d'Innovation"", il est prescrit de respecter un recul inconstructible de 30 mètres par rapport à l'axe de la M468.
Docs sources : OAP
références : page 190","Sur le ""secteur Sud de la ZAC Parc d'Innovation"", il est prescrit de respecter un recul inconstructible de 30 mètres par rapport à l'axe de la M468.",OAP,page 190,ZONE SOUMISE AU BRUIT,"Recul de 30 m, secteur Sud ZAC",26.geojson,"Achenheim, Bischheim, Blaesheim, Breuschwickersheim, Eckbolsheim, Eckwersheim, Entzheim, Eschau, Fegersheim, Geispolsheim, Hangenbieten, Holtzheim, Hœnheim, Illkirch-Graffenstaden, Kolbsheim, La Wantzenau, Lampertheim, Lingolsheim, Lipsheim, Mittelhausbergen, Mundolsheim, Niederhausbergen, Oberhausbergen, Oberschaeffolsheim, Osthoffen, Ostwald, Plobsheim, Reichstett, Schiltigheim, Souffelweyersheim, Strasbourg, Vendenheim, Wolfisheim"
27,Eurométropole de Strasbourg,,alert-EurometropoledeStrasbourg-zone-commerciale-nord,"Message : Sur le secteur « Zone commerciale Nord », il est prescrit de ne pas implenter les installations techniques d'aspiration d'air (VMC) sur les façades donnant sur l'A4 et la D63.
Docs sources : OAP
références : page 270","Sur le secteur « Zone commerciale Nord », il est prescrit de ne pas implenter les installations techniques d'aspiration d'air (VMC) sur les façades donnant sur l'A4 et la D63.",OAP,page 270,ZONE SOUMISE AU BRUIT,VMC interdite en façade sur A4/D63,27.geojson,"Achenheim, Bischheim, Blaesheim, Breuschwickersheim, Eckbolsheim, Eckwersheim, Entzheim, Eschau, Fegersheim, Geispolsheim, Hangenbieten, Holtzheim, Hœnheim, Illkirch-Graffenstaden, Kolbsheim, La Wantzenau, Lampertheim, Lingolsheim, Lipsheim, Mittelhausbergen, Mundolsheim, Niederhausbergen, Oberhausbergen, Oberschaeffolsheim, Osthoffen, Ostwald, Plobsheim, Reichstett, Schiltigheim, Souffelweyersheim, Strasbourg, Vendenheim, Wolfisheim"
28,Eurométropole de Strasbourg,,alert-EurometropoledeStrasbourg-Schwemmloch,"Message : Le « Secteur du Schwemmloch » est exposé au bruit : 
- de la D223,
- de la D468,
- de la voie ferrée.
Il est recommandé d'en tenir compte dès la conception du projet en agissant sur : 
- le maillage des voies, 
- les ouvertures et fermetures visuelles, 
- l'implantation du bâti, 
- la hauteur du bâti.
Faites appel à un spécialiste acoustique pour vous accompagner sur votre projet.
Docs sources : OAP
références : page 233","Le « Secteur du Schwemmloch » est exposé au bruit : 
- de la D223,
- de la D468,
- de la voie ferrée.
Il est recommandé d'en tenir compte dès la conception du projet en agissant sur : 
- le maillage des voies, 
- les ouvertures et fermetures visuelles, 
- l'implantation du bâti, 
- la hauteur du bâti.
Faites appel à un spécialiste acoustique pour vous accompagner sur votre projet.",OAP,page 233,ZONE SOUMISE AU BRUIT,Nuisances sonores – Secteur du Schwemmloch,28.geojson,"Achenheim, Bischheim, Blaesheim, Breuschwickersheim, Eckbolsheim, Eckwersheim, Entzheim, Eschau, Fegersheim, Geispolsheim, Hangenbieten, Holtzheim, Hœnheim, Illkirch-Graffenstaden, Kolbsheim, La Wantzenau, Lampertheim, Lingolsheim, Lipsheim, Mittelhausbergen, Mundolsheim, Niederhausbergen, Oberhausbergen, Oberschaeffolsheim, Osthoffen, Ostwald, Plobsheim, Reichstett, Schiltigheim, Souffelweyersheim, Strasbourg, Vendenheim, Wolfisheim"
29,Eurométropole de Strasbourg,,alert-EurometropoledeStrasbourg-Trissermatt,"Message : Le secteur Trissermatt est exposé aux nuisances sonores de la voie ferrée à l'Ouest. L'OAP communale de La Wantzenau recommande d'intégrer cette contrainte dès la conception de votre projet, en agissant sur : 
- le maillage des voies, 
- les ouvertures et fermetures visuelles, 
- l'implantation du bâti,
- la hauteur du bati. 
Faites appels à un spécialiste acoustique pour vous accompagner sur votre projet.
Docs sources : OAP
références : page 236","Le secteur Trissermatt est exposé aux nuisances sonores de la voie ferrée à l'Ouest. L'OAP communale de La Wantzenau recommande d'intégrer cette contrainte dès la conception de votre projet, en agissant sur : 
- le maillage des voies, 
- les ouvertures et fermetures visuelles, 
- l'implantation du bâti,
- la hauteur du bati. 
Faites appels à un spécialiste acoustique pour vous accompagner sur votre projet.",OAP,page 236,ZONE SOUMISE AU BRUIT,Nuisances voie ferrée – secteur Trissermatt,29.geojson,"Achenheim, Bischheim, Blaesheim, Breuschwickersheim, Eckbolsheim, Eckwersheim, Entzheim, Eschau, Fegersheim, Geispolsheim, Hangenbieten, Holtzheim, Hœnheim, Illkirch-Graffenstaden, Kolbsheim, La Wantzenau, Lampertheim, Lingolsheim, Lipsheim, Mittelhausbergen, Mundolsheim, Niederhausbergen, Oberhausbergen, Oberschaeffolsheim, Osthoffen, Ostwald, Plobsheim, Reichstett, Schiltigheim, Souffelweyersheim, Strasbourg, Vendenheim, Wolfisheim"
30,Eurométropole de Strasbourg,,alert-EurometropoledeStrasbourg-Niedermatt,"Message : Le secteur Niedermatt est exposé aux nuisances de la D1083 et de la voie ferrée. L'OAP communale recommande de protéger l'habitat de ces nuisances dès la conception du projet en agissant sur le bâti : 
- implantation générale (utilisation de bâtiments d'activité ou de stationnement comme écran), 
- implantations des installations technique (entrées d'air VMC), balcons et terasses sur les façades non orientées vers la D1083
- hauteur, 
- double peau
et sur l'organisation des voies. 
Elle recommande notamment de fermer les façades latérales Est et Oues pour limiter l'exposition au bruit de la voirie traversant le quartier. 
Associez un acousticien à votre projet pour définir les solutions les mieux adaptées
Docs sources : OAP
références : page 251","Le secteur Niedermatt est exposé aux nuisances de la D1083 et de la voie ferrée. L'OAP communale recommande de protéger l'habitat de ces nuisances dès la conception du projet en agissant sur le bâti : 
- implantation générale (utilisation de bâtiments d'activité ou de stationnement comme écran), 
- implantations des installations technique (entrées d'air VMC), balcons et terasses sur les façades non orientées vers la D1083
- hauteur, 
- double peau
et sur l'organisation des voies. 
Elle recommande notamment de fermer les façades latérales Est et Oues pour limiter l'exposition au bruit de la voirie traversant le quartier. 
Associez un acousticien à votre projet pour définir les solutions les mieux adaptées",OAP,page 251,ZONE SOUMISE AU BRUIT,Nuisances sonores : protection du bâti à Niedermatt,30.geojson,"Achenheim, Bischheim, Blaesheim, Breuschwickersheim, Eckbolsheim, Eckwersheim, Entzheim, Eschau, Fegersheim, Geispolsheim, Hangenbieten, Holtzheim, Hœnheim, Illkirch-Graffenstaden, Kolbsheim, La Wantzenau, Lampertheim, Lingolsheim, Lipsheim, Mittelhausbergen, Mundolsheim, Niederhausbergen, Oberhausbergen, Oberschaeffolsheim, Osthoffen, Ostwald, Plobsheim, Reichstett, Schiltigheim, Souffelweyersheim, Strasbourg, Vendenheim, Wolfisheim"
31,Eurométropole de Strasbourg,,alert-EurometropoledeStrasbourg-paysage-a35,"Message : Votre parcelle est concernée par l'OAP intercommunale « Aménagements paysagers aux abords de l'A35 ». Cette OAP recommande de renforcer les protections naturelles déjà présentes (talus, végétation) contre le bruit, via un traitement paysager. Privilégiez une végétalisation sur plusieurs strates, dont au moins une strate arborée, pour atténuer les nuisances sonores.
Docs sources : OAP
références : page 290","Votre parcelle est concernée par l'OAP intercommunale « Aménagements paysagers aux abords de l'A35 ». Cette OAP recommande de renforcer les protections naturelles déjà présentes (talus, végétation) contre le bruit, via un traitement paysager. Privilégiez une végétalisation sur plusieurs strates, dont au moins une strate arborée, pour atténuer les nuisances sonores.",OAP,page 290,ZONE SOUMISE AU BRUIT,Traitement paysager anti-bruit aux abords de l'A35,31.geojson,"Achenheim, Bischheim, Blaesheim, Breuschwickersheim, Eckbolsheim, Eckwersheim, Entzheim, Eschau, Fegersheim, Geispolsheim, Hangenbieten, Holtzheim, Hœnheim, Illkirch-Graffenstaden, Kolbsheim, La Wantzenau, Lampertheim, Lingolsheim, Lipsheim, Mittelhausbergen, Mundolsheim, Niederhausbergen, Oberhausbergen, Oberschaeffolsheim, Osthoffen, Ostwald, Plobsheim, Reichstett, Schiltigheim, Souffelweyersheim, Strasbourg, Vendenheim, Wolfisheim"
