id_gpu,partition_gpu,id_occurrence,code_insee_commune,nature_zone,portee_geometrique,statut_verification_finale,nom_document,communes,type_piece_source,lien_web_document,reference_type,reference_precise,zone_reglementaire_mentionnee,extrait_significatif,contexte_documentaire,confiance_extrait,justification,nature_occurrence,nature_juridique_piece,nature_sonore_zone,ocr_utilise,ocr_confiance,validation_manuelle_statut,validation_manuelle_commentaire
95d3871caefe158c101a466ab9e91c5b,DU_246700488,11_246700488_orientations_amenagement_1_20260206.pdf,,occurrence_locale,zone_specifique,corrigé,Plan Local d'Urbanisme intercommunal (PLUi) EUROMETROPOLE DE STRASBOURG,"Achenheim, Bischheim, Blaesheim, Breuschwickersheim, Eckbolsheim, Eckwersheim, Entzheim, Eschau, Fegersheim, Geispolsheim, Hangenbieten, Holtzheim, Hœnheim, Illkirch-Graffenstaden, Kolbsheim, La Wantzenau, Lampertheim, Lingolsheim, Lipsheim, Mittelhausbergen, Mundolsheim, Niederhausbergen, Oberhausbergen, Oberschaeffolsheim, Osthoffen, Ostwald, Plobsheim, Reichstett, Schiltigheim, Souffelweyersheim, Strasbourg, Vendenheim, Wolfisheim",OAP,https://www.geoportail-urbanisme.gouv.fr/api/document/95d3871caefe158c101a466ab9e91c5b/files/246700488_orientations_amenagement_1_20260206.pdf,page,page 306,OAP intercommunale : « PORTE DE HAUSBERGEN »,"Ces espaces verts peuvent être épaissis, notamment en façade Sud-Est entre la VLIO et les secteurs résidentiels du Prévert et de la rue Marcel Pagnol, pour accueillir par exemple des jardins familiaux et des espaces de jeux de plein air et pour constituer une protection phonique par rapport aux nuisances sonores émises par la VLIO.","…e grand paysage. Ces espaces verts peuvent être épaissis, notamment en façade Sud-Est entre la VLIO et les secteurs résidentiels du Prévert et de la rue Marcel Pagnol, pour accueillir par exemple des jardins familiaux et des espaces de jeux de plein air et pour constituer une protection phonique par Ces espaces verts peuvent être épaissis, notamment en façade Sud-Est entre la VLIO et les secteurs résidentiels du Prévert et de la rue Marcel Pagnol, pour accueillir par exemple des jardins familiaux et des espaces de jeux de plein air et pour constituer une protection phonique par rapport aux nuisances sonores émises par la VLIO. L'espace paysagé central de l'allée Saint-Sauveur le Vicomte sera prolongé afin d'assurer une continuité urbaine et paysagère avec l'urbanisation déjà existante. Il sera prolongé jusqu'au chemin rural en limite de zone et accueillera un cheminement doux. La voie à créer sur la façade Sud-Est du sect…",forte,"Le passage recommande d'épaissir les espaces verts en façade Sud-Est pour constituer une protection phonique contre les nuisances sonores de la VLIO, au bénéfice des secteurs résidentiels avoisinants. Il s'agit d'une règle d'aménagement urbain (espaces verts/plantations) visant à protéger l'urbanisation existante du bruit, ce qui relève bien du périmètre diagBruit et non d'un simple renvoi au classement sonore.",recommandation,opposable en compatibilité,lutte_bruit_existant,False,,corrigé,Les espaces verts doivent etre utilisés pour limiter les nuisances sonores de la VLIO
95d3871caefe158c101a466ab9e91c5b,DU_246700488,12_246700488_orientations_amenagement_1_20260206.pdf,,occurrence_locale,zone_specifique,corrigé,Plan Local d'Urbanisme intercommunal (PLUi) EUROMETROPOLE DE STRASBOURG,"Achenheim, Bischheim, Blaesheim, Breuschwickersheim, Eckbolsheim, Eckwersheim, Entzheim, Eschau, Fegersheim, Geispolsheim, Hangenbieten, Holtzheim, Hœnheim, Illkirch-Graffenstaden, Kolbsheim, La Wantzenau, Lampertheim, Lingolsheim, Lipsheim, Mittelhausbergen, Mundolsheim, Niederhausbergen, Oberhausbergen, Oberschaeffolsheim, Osthoffen, Ostwald, Plobsheim, Reichstett, Schiltigheim, Souffelweyersheim, Strasbourg, Vendenheim, Wolfisheim",OAP,https://www.geoportail-urbanisme.gouv.fr/api/document/95d3871caefe158c101a466ab9e91c5b/files/246700488_orientations_amenagement_1_20260206.pdf,page,page 312,"OAP Intercommunale ""SECTEUR DE LA ZONE D’ACTIVITÉ INTERCOMMUNALE DES MARÉCHAUX""","En complément des exigences d’isolation phonique des constructions, la composition globale ainsi que les formes urbaines (implantation et hauteur du bâti) pourront également être conçues de manière à limiter les nuisances sonores.","…a être aménagée. Elle devra être dimensionnée de façon à permettre la circulation des poids lourds. Concernant les modes actifs, l'optimisation des cheminements piétons-cycles sera recherchée pour relier la ZA vers les coeurs de villages. Il s'agira d'aménager une bande cyclable le long de la rue du En complément des exigences d’isolation phonique des constructions, la composition globale ainsi que les formes urbaines (implantation et hauteur du bâti) pourront également être conçues de manière à limiter les nuisances sonores. d’aménagement intégrera cette contrainte. En complément des exigences d’isolation phonique des constructions, la composition globale ainsi que les formes urbaines (implantation et hauteur du bâti) pourront également être conçues de manière à limiter les nuisances sonores. 3.1.3. Intégration qualitat…",forte,"Le passage concerne une zone d'aménagement urbain (ZA) exposée au bruit d'une voie ferrée, et prescrit des mesures allant au-delà de la simple isolation phonique standard : la composition urbaine, l'implantation et la hauteur des bâtiments doivent être conçues pour limiter les nuisances sonores. Cela dépasse le simple renvoi à l'isolement acoustique réglementaire lié au classement sonore, et constitue donc une règle autonome relevant du périmètre diagBruit. La portée est limitée à la zone spécifique concernée par cette nuisance (partie Est de la ZA, le long de la voie ferrée).",prescription,opposable en compatibilité,lutte_bruit_existant,False,,corrigé,tout projet d'aménagemen ou de constructipojn doit intégrer la contrainte sonore de la voie ferrée à l'Est de la rue du Dépot ; l'aire des gens du voyage doit etre protéger des bruits (par un merlon par exemple)
95d3871caefe158c101a466ab9e91c5b,DU_246700488,12_246700488_orientations_amenagement_2_20260206.pdf,,occurrence_locale,zone_specifique,corrigé,Plan Local d'Urbanisme intercommunal (PLUi) EUROMETROPOLE DE STRASBOURG,"Achenheim, Bischheim, Blaesheim, Breuschwickersheim, Eckbolsheim, Eckwersheim, Entzheim, Eschau, Fegersheim, Geispolsheim, Hangenbieten, Holtzheim, Hœnheim, Illkirch-Graffenstaden, Kolbsheim, La Wantzenau, Lampertheim, Lingolsheim, Lipsheim, Mittelhausbergen, Mundolsheim, Niederhausbergen, Oberhausbergen, Oberschaeffolsheim, Osthoffen, Ostwald, Plobsheim, Reichstett, Schiltigheim, Souffelweyersheim, Strasbourg, Vendenheim, Wolfisheim",OAP,https://www.geoportail-urbanisme.gouv.fr/api/document/95d3871caefe158c101a466ab9e91c5b/files/246700488_orientations_amenagement_2_20260206.pdf,page,page 278,OAP Communale COMMUNE DE MUNDOLSHEIM : « SECTEUR À L’OUEST DE LA RUE DES FLORALIES »,"Cette zone est soumise aux nuisances sonores liées à la présence de la voie ferrée à l'Ouest. La réussite de ce futur quartier tiendra en grande partie à la prise en compte, en amont, de ces nuisances. Afin de limiter les impacts négatifs, il est possible d’agir sur la composition globale (maillage des voies, ouvertures et fermetures visuelles, ...) et sur les formes urbaines (implantation du bâti, hauteur du bâti,...). Au-delà des préconisations citées ci-dessus, des dispositions en matière de construction pourront également répondre à cet aspect (isolation phonique,…).","…ISATION VIAIRE Une voie d'accès, permettant de desservir la zone, devra être créée sous forme de bouclage se connectant sur la rue des Floralies à l'Est. Elle sera traitée en zone 30 / zone de rencontre. Concernant les modes actifs, l'optimisation des cheminements piétons-cycles sera recherchée pour Cette zone est soumise aux nuisances sonores liées à la présence de la voie ferrée à l'Ouest. La réussite de ce futur quartier tiendra en grande partie à la prise en compte, en amont, de ces nuisances. Afin de limiter les impacts négatifs, il est possible d’agir sur la composition globale (maillage des voies, ouvertures et fermetures visuelles, ...) et sur les formes urbaines (implantation du bâti, hauteur du bâti,...). Au-delà des préconisations citées ci-dessus, des dispositions en matière de construction pourront également répondre à cet aspect (isolation phonique,…). ouvertures et fermetures visuelles, ...) et sur les formes urbaines (implantation du bâti, hauteur du bâti,...). Au-delà des préconisations citées ci-dessus, des dispositions en matière de construction pourront également répondre à cet aspect (isolation phonique,…). 3.3. INTÉGRATION QUALITATIVE DE L…",forte,"Le passage identifie une zone d'OAP soumise aux nuisances sonores de la voie ferrée et recommande d'agir sur la composition urbaine (maillage des voies, implantation et hauteur du bâti) et éventuellement sur l'isolation phonique des constructions pour limiter ces impacts. Il s'agit d'une règle autonome, distincte du classement sonore réglementaire, portant sur l'aménagement et les bâtiments de cette zone spécifique du projet urbain.",recommandation,opposable en compatibilité,lutte_bruit_existant,False,,corrigé,
95d3871caefe158c101a466ab9e91c5b,DU_246700488,13_246700488_orientations_amenagement_2_20260206.pdf,,occurrence_locale,zone_specifique,corrigé,Plan Local d'Urbanisme intercommunal (PLUi) EUROMETROPOLE DE STRASBOURG,"Achenheim, Bischheim, Blaesheim, Breuschwickersheim, Eckbolsheim, Eckwersheim, Entzheim, Eschau, Fegersheim, Geispolsheim, Hangenbieten, Holtzheim, Hœnheim, Illkirch-Graffenstaden, Kolbsheim, La Wantzenau, Lampertheim, Lingolsheim, Lipsheim, Mittelhausbergen, Mundolsheim, Niederhausbergen, Oberhausbergen, Oberschaeffolsheim, Osthoffen, Ostwald, Plobsheim, Reichstett, Schiltigheim, Souffelweyersheim, Strasbourg, Vendenheim, Wolfisheim",OAP,https://www.geoportail-urbanisme.gouv.fr/api/document/95d3871caefe158c101a466ab9e91c5b/files/246700488_orientations_amenagement_2_20260206.pdf,page,page 332,OAP Communale COMMUNE DE OSTWALD : « SECTEUR SUD-OUEST »,"assureront la mixité urbaine et sociale recherchée. 3.4. LES HAUTEURS DES CONSTRUCTIONS Les hauteurs les plus importantes se trouveront le long de la voie ferrée et à proximité de la gare, et le long de la liaison Est-Ouest la plus proche du futur passage sur la voie ferrée. Elles permettront, entre autre, une protection contre le bruit du trafic ferroviaire ou routier. La façade ferroviaire sera traitée qualitativement, en tant qu'entrée de ville Sud par le train.","…ueillir plusieurs fonctions urbaines : de l'habitat principalement, des activités non nuisantes comme des bureaux, services et commerces de proximité qui permettront de créer un quartier vivant. Des formes urbaines variées dans l'habitat (petits collectifs, habitat dense intermédiaire ou individuel) assureront la mixité urbaine et sociale recherchée. 3.4. LES HAUTEURS DES CONSTRUCTIONS Les hauteurs les plus importantes se trouveront le long de la voie ferrée et à proximité de la gare, et le long de la liaison Est-Ouest la plus proche du futur passage sur la voie ferrée. Elles permettront, entre autre, une protection contre le bruit du trafic ferroviaire ou routier. La façade ferroviaire sera traitée qualitativement, en tant qu'entrée de ville Sud par le train. Les hauteurs des bâtiments seront étudiées de manière à avoir de véritables qualités de protection acoustique. Dans une moindre mesure, le long de la voie structurante (rue E. Bugatti/Allée du Bohrie), les hauteurs devront prendre en compte le trafic de cette voie importante. Des typologies de bâti…",forte,"Le passage établit une règle de hauteur des bâtiments pour assurer une protection acoustique contre le bruit ferroviaire et routier, ce qui concerne directement la conception des bâtiments (et non uniquement l'infrastructure de transport elle-même). La règle s'applique à des secteurs géographiques précis de l'OAP (le long de la voie ferrée, près de la gare, le long de la liaison Est-Ouest, et dans une moindre mesure le long de la voie structurante), donc portée zone_specifique.",recommandation,opposable en compatibilité,autre,False,,corrigé,"Les batiments le long de la voie ferrée et à proximité de la gare, et le long de la liaison Est-Ouest la plus proche du futur passage sur la voie ferrée doivent présenter les hauteurs les plus hautes, pour assurer un effet d'écran. Attention, un tel écran s'appuie aussi sur la continuité du bati, mais peut crééer des ""rue en U"" ou rue ""Canyions"", qui amplifie les risques sonores"
95d3871caefe158c101a466ab9e91c5b,DU_246700488,15_246700488_orientations_amenagement_2_20260206.pdf,,occurrence_locale,zone_specifique,corrigé,Plan Local d'Urbanisme intercommunal (PLUi) EUROMETROPOLE DE STRASBOURG,"Achenheim, Bischheim, Blaesheim, Breuschwickersheim, Eckbolsheim, Eckwersheim, Entzheim, Eschau, Fegersheim, Geispolsheim, Hangenbieten, Holtzheim, Hœnheim, Illkirch-Graffenstaden, Kolbsheim, La Wantzenau, Lampertheim, Lingolsheim, Lipsheim, Mittelhausbergen, Mundolsheim, Niederhausbergen, Oberhausbergen, Oberschaeffolsheim, Osthoffen, Ostwald, Plobsheim, Reichstett, Schiltigheim, Souffelweyersheim, Strasbourg, Vendenheim, Wolfisheim",OAP,https://www.geoportail-urbanisme.gouv.fr/api/document/95d3871caefe158c101a466ab9e91c5b/files/246700488_orientations_amenagement_2_20260206.pdf,page,page 374,"OAP Communale ""COMMUNE DE REICHSTETT : « SECTEUR NORD »""","un système de voiries apaisées sera mis en place et participera à l'atténuation des nuisances sonores liées à la RD 63 dans ce secteur. D'autre part, afin de limiter les impacts négatifs, on pourra agir sur la composition globale (maillage des voies, ouvertures et fermetures visuelles, ...), les formes urbaines (implantation du bâti, hauteur du bâti,...) cherchant dans l'ensemble à limiter la diffusion du bruit au sein du projet","- 331 - Carte n°2 :Schéma de principes - ensemble du secteur d’étude y compris la ZAC Plan Local d’Urbanisme OAP COMMUNALES SEPTEMBRE 2019 Commune de Reichstett Eurométropole de Strasbourg un système de voiries apaisées sera mis en place et participera à l'atténuation des nuisances sonores liées à la RD 63 dans ce secteur. D'autre part, afin de limiter les impacts négatifs, on pourra agir sur la composition globale (maillage des voies, ouvertures et fermetures visuelles, ...), les formes urbaines (implantation du bâti, hauteur du bâti,...) cherchant dans l'ensemble à limiter la diffusion du bruit au sein du projet bâti,...) cherchant dans l'ensemble à limiter la diffusion du bruit au sein du projet, et la programmation (localisation et répartition des différents programmes,…). Au-delà des préconisations citées ci-dessus, des dispositifs architecturaux adaptés de type façade double peau pourront être mis en pl…",forte,"Ce passage concerne directement l'aménagement urbain et la conception du bâti (formes urbaines, implantation, hauteur, maillage des voies) pour limiter la diffusion du bruit de la RD 63, ce qui relève pleinement du périmètre diagBruit. Il ne s'agit pas d'un simple renvoi au classement sonore mais de recommandations d'aménagement propres à ce secteur d'étude/ZAC. La portée est limitée à la zone du projet urbain décrite.",recommandation,opposable en compatibilité,lutte_bruit_existant,False,,corrigé,"L'OAP préconise dexu angles de limitation des nuisances : 1. Agir à la source, sur le système de voirie lié à la RD 63. 2. agir sur la composition globale (maillage des voies, ouvertures et fermetures visuelles, ...), les formes urbaines (implantation du bâti, hauteur du bâti,...) cherchant dans l'ensemble à limiter la diffusion du bruit au sein du projet"
95d3871caefe158c101a466ab9e91c5b,DU_246700488,17_246700488_orientations_amenagement_2_20260206.pdf,,occurrence_locale,zone_specifique,corrigé,Plan Local d'Urbanisme intercommunal (PLUi) EUROMETROPOLE DE STRASBOURG,"Achenheim, Bischheim, Blaesheim, Breuschwickersheim, Eckbolsheim, Eckwersheim, Entzheim, Eschau, Fegersheim, Geispolsheim, Hangenbieten, Holtzheim, Hœnheim, Illkirch-Graffenstaden, Kolbsheim, La Wantzenau, Lampertheim, Lingolsheim, Lipsheim, Mittelhausbergen, Mundolsheim, Niederhausbergen, Oberhausbergen, Oberschaeffolsheim, Osthoffen, Ostwald, Plobsheim, Reichstett, Schiltigheim, Souffelweyersheim, Strasbourg, Vendenheim, Wolfisheim",OAP,https://www.geoportail-urbanisme.gouv.fr/api/document/95d3871caefe158c101a466ab9e91c5b/files/246700488_orientations_amenagement_2_20260206.pdf,page,page 421,OAP Communale COMMUNE DE SOUFFELWEYERSHEIM : « SECTEUR D’EXTENSION OUEST RUE DE L’INDUSTRIE »,"les bâtiments devront répondre aux exigences d'isolement acoustique conformément à la réglementation en vigueur. Les protections acoustiques permettant également d'aller au-delà des exigences réglementaires sont à privilégier (double peau, protections amovibles pour les prolongements extérieurs ...)","téléphonie mobile, permettra également une meilleure insertion paysagère. Plan Local d’Urbanisme OAP COMMUNALES SEPTEMBRE 2019 Commune de Souffelweyersheim Eurométropole de Strasbourg les bâtiments devront répondre aux exigences d'isolement acoustique conformément à la réglementation en vigueur. Les protections acoustiques permettant également d'aller au-delà des exigences réglementaires sont à privilégier (double peau, protections amovibles pour les prolongements extérieurs ...) exigences d'isolement acoustique conformément à la réglementation en vigueur. Les protections acoustiques permettant également d'aller au-delà des exigences réglementaires sont à privilégier (double peau, protections amovibles pour les prolongements extérieurs ...). Le secteur étant situé à proximit…",forte,"Le passage concerne une OAP sectorielle (secteur exposé au bruit de l'autoroute et des voies ferrées) et impose une prise en compte du bruit dans l'aménagement du projet, ainsi que des protections acoustiques allant au-delà des exigences réglementaires standard (double peau, protections amovibles). Cela dépasse le simple renvoi à l'isolement acoustique réglementaire lié au classement sonore, ce qui constitue une règle autonome. La portée est limitée au secteur de l'OAP concerné, non précisé par un nom de zone réglementaire classique mais correspondant à un secteur d'aménagement spécifique.",recommandation,opposable en compatibilité,lutte_bruit_existant,False,,corrigé,"l'OAP point les sources de suisance que sont l'autoroute et la voie ferrée. ""le bruit et la qualité de l'air devront être pris en compte dans l'aménagement du projet "", ""Les protections acoustiques permettant également d'aller au-delà des exigences réglementaires sont à privilégier (double peau, protections amovibles pour les prolongements extérieurs ...)."""
95d3871caefe158c101a466ab9e91c5b,DU_246700488,19_246700488_orientations_amenagement_2_20260206.pdf,,occurrence_locale,zone_specifique,corrigé,Plan Local d'Urbanisme intercommunal (PLUi) EUROMETROPOLE DE STRASBOURG,"Achenheim, Bischheim, Blaesheim, Breuschwickersheim, Eckbolsheim, Eckwersheim, Entzheim, Eschau, Fegersheim, Geispolsheim, Hangenbieten, Holtzheim, Hœnheim, Illkirch-Graffenstaden, Kolbsheim, La Wantzenau, Lampertheim, Lingolsheim, Lipsheim, Mittelhausbergen, Mundolsheim, Niederhausbergen, Oberhausbergen, Oberschaeffolsheim, Osthoffen, Ostwald, Plobsheim, Reichstett, Schiltigheim, Souffelweyersheim, Strasbourg, Vendenheim, Wolfisheim",OAP,https://www.geoportail-urbanisme.gouv.fr/api/document/95d3871caefe158c101a466ab9e91c5b/files/246700488_orientations_amenagement_2_20260206.pdf,page,page 425,OAP Communal COMMUNE DE SOUFFELWEYERSHEIM : « SECTEUR POINTE DE LA SOUFFEL II »,"Le bruit et la qualité de l'air devront être pris en compte dans le plan d’aménagement du projet et la conception du bâtiment (volumétrie, dispersion des nuisances, protections à mettre en place, etc). Afin d'atténuer les nuisances supportées par les futurs occupants, les bâtiments devront répondre aux exigences d'isolement acoustique (double peau, protections amovibles pour les prolongements extérie","…ou locaux poubelles devront être intégrés ou couverts et traités de façon qualitative (placage en bois par exemple). Il est nécessaire de garantir un traitement qualitatif des transitions entre le parc d'activités et l'autoroute A4, ainsi qu’entre le parc d’activités et les voies de chemin de fer : Le bruit et la qualité de l'air devront être pris en compte dans le plan d’aménagement du projet et la conception du bâtiment (volumétrie, dispersion des nuisances, protections à mettre en place, etc). Afin d'atténuer les nuisances supportées par les futurs occupants, les bâtiments devront répondre aux exigences d'isolement acoustique (double peau, protections amovibles pour les prolongements extérie conception du bâtiment (volumétrie, dispersion des nuisances, protections à mettre en place, etc). Afin d'atténuer les nuisances supportées par les futurs occupants, les bâtiments devront répondre aux exigences d'isolement acoustique (double peau, protections amovibles pour les prolongements extérie…",forte,"Le passage impose la prise en compte du bruit dans le plan d'aménagement et la conception des bâtiments, et exige des exigences d'isolement acoustique renforcées (double peau, protections amovibles) pour les futurs occupants du parc d'activités - il ne s'agit pas d'un simple renvoi au classement sonore ou au PEB mais d'une règle autonome propre à ce document d'urbanisme, applicable au secteur du parc d'activités.",prescription,opposable en compatibilité,lutte_bruit_existant,False,,corrigé,"l'OAP rappelle que ""Le bruit et la qualité de l'air devront être pris en compte dans le plan d’aménagement du projet et la conception du bâtiment"" et ""Afin d'atténuer les nuisances supportées par les futurs occupants, les bâtiments devront répondre aux exigences d'isolement acoustique (double peau, protections amovibles pour les prolongements extérieurs, etc). """
95d3871caefe158c101a466ab9e91c5b,DU_246700488,1_246700488_orientations_amenagement_2_20260206.pdf,,occurrence_locale,zone_specifique,corrigé,Plan Local d'Urbanisme intercommunal (PLUi) EUROMETROPOLE DE STRASBOURG,"Achenheim, Bischheim, Blaesheim, Breuschwickersheim, Eckbolsheim, Eckwersheim, Entzheim, Eschau, Fegersheim, Geispolsheim, Hangenbieten, Holtzheim, Hœnheim, Illkirch-Graffenstaden, Kolbsheim, La Wantzenau, Lampertheim, Lingolsheim, Lipsheim, Mittelhausbergen, Mundolsheim, Niederhausbergen, Oberhausbergen, Oberschaeffolsheim, Osthoffen, Ostwald, Plobsheim, Reichstett, Schiltigheim, Souffelweyersheim, Strasbourg, Vendenheim, Wolfisheim",OAP,https://www.geoportail-urbanisme.gouv.fr/api/document/95d3871caefe158c101a466ab9e91c5b/files/246700488_orientations_amenagement_2_20260206.pdf,page,page 11,COMMUNE DE ACHENHEIM : SECTEUR EST DIT « LE HIRSCHBERG»,Le développement d’une zone d’activités le long de la RD 45 permettra de créer un écran limitant les nuisances sonores vis à vis des habitations.,…pour permettre une optimisation de la valeur d’usages des parcelles tout en réduisant les espaces délaissés. Des emplacements de stationnement en quantité suffisante (cf normes minimales de stationnement fixées par le réglement du PLU) seront à prévoir afin d’éviter l’encombrement du domaine public. Le développement d’une zone d’activités le long de la RD 45 permettra de créer un écran limitant les nuisances sonores vis à vis des habitations. Plan Local d’Urbanisme OAP COMMUNALES SEPTEMBRE 2019 Commune de Achenheim Eurométropole de Strasbourg,totale,"Le passage établit une règle d'aménagement urbain visant à protéger les habitations des nuisances sonores routières (RD 45) via le développement d'une zone d'activités faisant écran. Cela relève bien du périmètre diagBruit (aménagement urbain en lien avec des bâtiments/habitations), et non d'une simple règle d'infrastructure de transport. La règle s'applique spécifiquement au secteur le long de la RD 45 concerné par cette OAP communale, donc portée géométrique zone_specifique.",recommandation,opposable en compatibilité,lutte_bruit_existant,False,,corrigé,la zone d'activité créé devra l'etre avec l'ambition (et la preuve) qu'elle permet de proteger les habitations du bruit de la RD45
95d3871caefe158c101a466ab9e91c5b,DU_246700488,1_246700488_reglement_20260206.pdf,,occurrence_locale,zone_specifique,validé,Plan Local d'Urbanisme intercommunal (PLUi) EUROMETROPOLE DE STRASBOURG,"Achenheim, Bischheim, Blaesheim, Breuschwickersheim, Eckbolsheim, Eckwersheim, Entzheim, Eschau, Fegersheim, Geispolsheim, Hangenbieten, Holtzheim, Hœnheim, Illkirch-Graffenstaden, Kolbsheim, La Wantzenau, Lampertheim, Lingolsheim, Lipsheim, Mittelhausbergen, Mundolsheim, Niederhausbergen, Oberhausbergen, Oberschaeffolsheim, Osthoffen, Ostwald, Plobsheim, Reichstett, Schiltigheim, Souffelweyersheim, Strasbourg, Vendenheim, Wolfisheim",règlement écrit,https://www.geoportail-urbanisme.gouv.fr/api/document/95d3871caefe158c101a466ab9e91c5b/files/246700488_reglement_20260206.pdf,alinea,"Article 15, alinéa 6",zones repérées au « règlement graphique – plan vigilance » (dépassements réglementaires de qualité de l'air et abords d'axes routiers),les espaces extérieurs situés sur la façade implantée au droit d’un axe routier repéré au « règlement graphique – plan vigilance » doivent pouvoir être fermés pour se protéger du bruit et des polluants atmosphériques,"…alité de l’air, dans les zones en dépassements réglementaires et en dépassements réglementaires potentiels, et dans les zones de surveillance aux abords des axes routiers repérées au « règlement graphique – plan vigilance », la conception des nouveaux bâtiments doit intégrer les principes suivants : les espaces extérieurs situés sur la façade implantée au droit d’un axe routier repéré au « règlement graphique – plan vigilance » doivent pouvoir être fermés pour se protéger du bruit et des polluants atmosphériques • la prise d’air du système de ventilation ne doit pas être installée sur la façade implantée au droit de l’axe routier repéré au « règlement graphique – plan vigilance ». Si toutes les façades sont implantées au droit d’axes routiers repérés, la prise d’air du système de ventilation sera installée…",forte,"Le passage impose des règles constructives (fermeture des espaces extérieurs en façade sur axe routier, ventilation filtrante) motivées à la fois par le bruit et la pollution atmosphérique, dans une zone de vigilance qualité de l'air/bruit routier distincte du classement sonore réglementaire classique. Il s'agit d'une règle autonome d'urbanisme, applicable aux bâtiments, dans une zone spécifique délimitée graphiquement (plan vigilance), donc retenue avec portée géométrique zone_specifique.",prescription,opposable en conformité,autre,False,,validé,"les prescriptions liés à la qualité de l'air permettent de se protéger du bruit en obligean les espaces exterieurs des façades (balcon, avancé de fenetres) à pouvoir etre fermés"
95d3871caefe158c101a466ab9e91c5b,DU_246700488,21_246700488_orientations_amenagement_2_20260206.pdf,,occurrence_locale,zone_specifique,corrigé,Plan Local d'Urbanisme intercommunal (PLUi) EUROMETROPOLE DE STRASBOURG,"Achenheim, Bischheim, Blaesheim, Breuschwickersheim, Eckbolsheim, Eckwersheim, Entzheim, Eschau, Fegersheim, Geispolsheim, Hangenbieten, Holtzheim, Hœnheim, Illkirch-Graffenstaden, Kolbsheim, La Wantzenau, Lampertheim, Lingolsheim, Lipsheim, Mittelhausbergen, Mundolsheim, Niederhausbergen, Oberhausbergen, Oberschaeffolsheim, Osthoffen, Ostwald, Plobsheim, Reichstett, Schiltigheim, Souffelweyersheim, Strasbourg, Vendenheim, Wolfisheim",OAP,https://www.geoportail-urbanisme.gouv.fr/api/document/95d3871caefe158c101a466ab9e91c5b/files/246700488_orientations_amenagement_2_20260206.pdf,page,page 440,OAP Communale COMMUNE DE STRASBOURG : « SECTEUR ETOILE »,Protection du cœur d'îlot contre le bruit (par la continuité du front bâti au Nord).,"…r des îlots fondés sur une construction côté rue et une préservation marquée des cœurs d'îlots. Les secteurs Schwanau et Lombardie devront permettre la continuité urbaine avec le tissu existant du quartier de Neudorf, aussi bien le long de l'Avenue Jean Jaurès que vers les rues de Nomeny et du Grand Protection du cœur d'îlot contre le bruit (par la continuité du front bâti au Nord). permettant la double orientation Nord et Sud ; à l'Est et à l'Ouest la simple orientation sera permise). Cette transition du tissu urbain sera permise par la diminution progressive des hauteurs entre les bâtiments côté centre-ville (R+5, R+7) et ceux côté Neudorf (R+2, R+4). Les hauteurs à l'acrotèr…",totale,"Le passage impose un principe d'aménagement explicite de protection du cœur d'îlot contre le bruit, à obtenir par la continuité du front bâti au Nord dans le secteur Lombardie. C'est une règle d'urbanisme autonome liée au bruit, concernant l'implantation du bâti, donc bien dans le périmètre diagBruit.",prescription,opposable en compatibilité,autre,False,,corrigé,la contruction en ilot vise notamment à lutter contre le bruit et offrir des façades calmes
95d3871caefe158c101a466ab9e91c5b,DU_246700488,23_246700488_orientations_amenagement_2_20260206.pdf,,occurrence_locale,zone_specifique,validé,Plan Local d'Urbanisme intercommunal (PLUi) EUROMETROPOLE DE STRASBOURG,"Achenheim, Bischheim, Blaesheim, Breuschwickersheim, Eckbolsheim, Eckwersheim, Entzheim, Eschau, Fegersheim, Geispolsheim, Hangenbieten, Holtzheim, Hœnheim, Illkirch-Graffenstaden, Kolbsheim, La Wantzenau, Lampertheim, Lingolsheim, Lipsheim, Mittelhausbergen, Mundolsheim, Niederhausbergen, Oberhausbergen, Oberschaeffolsheim, Osthoffen, Ostwald, Plobsheim, Reichstett, Schiltigheim, Souffelweyersheim, Strasbourg, Vendenheim, Wolfisheim",OAP,https://www.geoportail-urbanisme.gouv.fr/api/document/95d3871caefe158c101a466ab9e91c5b/files/246700488_orientations_amenagement_2_20260206.pdf,page,page 449,OAP Communale COMMUNE DE STRASBOURG : « SECTEUR HEYRITZ »,"Prendre en compte les contraintes environnementales : inondabilité, qualité de l'air, pollution sonore, qualité des sols.","…, hôtel, parking, bureaux). Sa structuration urbaine permet une deuxième phase d'urbanisation, entre la rue de la Corderie et le parc du Heyritz. Cette seconde phase s'inscrirait dans la continuité du projet urbain global. 2. ENJEUX - Assurer une articulation paysagère forte avec le parc du Heyritz. Prendre en compte les contraintes environnementales : inondabilité, qualité de l'air, pollution sonore, qualité des sols. - Proposer une continuité d'urbanisation en relation étroite avec son contexte ; - Développer le lien avec le parc public du Heyritz et préserver l'identité verte des lieux ; - Redéfinir l'entrée de ville le long de la rue de la Corderie ; - Favoriser les modes doux et limiter la place de la voiture…",faible,"Le passage identifie la pollution sonore comme une contrainte environnementale à prendre en compte dans le développement de l'urbanisation de cette OAP, ce qui constitue une règle autonome relevant du périmètre diagBruit (prise en compte du bruit dans l'aménagement, pas un simple renvoi au classement sonore ou au PEB). Cependant la formulation reste générale et peu précise sur la nature concrète de la mesure à prendre, d'où une confiance modérée à faible.",recommandation,opposable en compatibilité,lutte_bruit_existant,False,,validé,"Rappel simple de la nécessité de prendre en compte le bruit ""La localisation des programmations participe également à la création d'un territoire apaisé (nuisances sonores, accessibilité)."". L'OAP indique également l'obejctif de ""Renforcer l'isolation acoustique des constructions le long des infrastructures bruyantes : autoroute et contournement sud. "" mais sans préciser les objectifs chiffres de ce renforcement "
95d3871caefe158c101a466ab9e91c5b,DU_246700488,25_246700488_orientations_amenagement_2_20260206.pdf,,occurrence_locale,zone_specifique,corrigé,Plan Local d'Urbanisme intercommunal (PLUi) EUROMETROPOLE DE STRASBOURG,"Achenheim, Bischheim, Blaesheim, Breuschwickersheim, Eckbolsheim, Eckwersheim, Entzheim, Eschau, Fegersheim, Geispolsheim, Hangenbieten, Holtzheim, Hœnheim, Illkirch-Graffenstaden, Kolbsheim, La Wantzenau, Lampertheim, Lingolsheim, Lipsheim, Mittelhausbergen, Mundolsheim, Niederhausbergen, Oberhausbergen, Oberschaeffolsheim, Osthoffen, Ostwald, Plobsheim, Reichstett, Schiltigheim, Souffelweyersheim, Strasbourg, Vendenheim, Wolfisheim",OAP,https://www.geoportail-urbanisme.gouv.fr/api/document/95d3871caefe158c101a466ab9e91c5b/files/246700488_orientations_amenagement_2_20260206.pdf,page,page 458,OAP Communale secteur Musau/Neudorf,"Prendre en compte les contraintes (bruit, pollution, notamment).","…ètre régi par la loi de 1990 de la ceinture des glacis, concernant la limitation des surfaces construites au sol des terrains libres restant. 2. ENJEUX - Une trame verte importante à conserver et à renforcer ; - Des liaisons entre Neudorf et Musau à aménager ; - Conforter la centralité du quartier ; Prendre en compte les contraintes (bruit, pollution, notamment). - Créer une continuité avec une ambiance « villageoise » (jardins, vergers, maisons individuelles) à l'Est ; - Conforter la place de Wattwiller dans son rôle de place centrale ouverte sur les équipements de proximité du quartier. Plan Local d’Urbanisme OAP COMMUNALES MAI 2024 Modification n° 4 Ville…",moyenne,"Le passage mentionne explicitement de 'prendre en compte les contraintes (bruit, pollution)' dans le cadre d'une OAP sectorielle, ce qui constitue une recommandation autonome liée au bruit pour l'aménagement du secteur concerné. La formulation reste toutefois vague et générique, sans précision sur la nature de la contrainte de bruit ni sur les mesures à prendre, d'où une confiance limitée dans l'extrait.",recommandation,opposable en compatibilité,autre,False,,corrigé,"L'OAP est vague sur les mesures à prendre, mais au dela des rappels de classement sonore, elle met en evidence ""L'activité de l'aérodrome génère par ailleurs des nuisances sonores bien que celui-ci ne dispose pas à ce jour de plan d'exposition au bruit. "" et aussi ""Créer une continuité avec une ambiance « villageoise » (jardins, vergers, maisons individuelles) à l'Est"""
95d3871caefe158c101a466ab9e91c5b,DU_246700488,26_246700488_orientations_amenagement_2_20260206.pdf,,occurrence_locale,zone_specifique,corrigé,Plan Local d'Urbanisme intercommunal (PLUi) EUROMETROPOLE DE STRASBOURG,"Achenheim, Bischheim, Blaesheim, Breuschwickersheim, Eckbolsheim, Eckwersheim, Entzheim, Eschau, Fegersheim, Geispolsheim, Hangenbieten, Holtzheim, Hœnheim, Illkirch-Graffenstaden, Kolbsheim, La Wantzenau, Lampertheim, Lingolsheim, Lipsheim, Mittelhausbergen, Mundolsheim, Niederhausbergen, Oberhausbergen, Oberschaeffolsheim, Osthoffen, Ostwald, Plobsheim, Reichstett, Schiltigheim, Souffelweyersheim, Strasbourg, Vendenheim, Wolfisheim",OAP,https://www.geoportail-urbanisme.gouv.fr/api/document/95d3871caefe158c101a466ab9e91c5b/files/246700488_orientations_amenagement_2_20260206.pdf,page,page 483,OAP Communale COMMUNE DE STRASBOURG : « PORTE DES ROMAINS »,Des contraintes à intégrer - Le bruit.,"…adre distant » du bien classé, ainsi qu’une partie de sa « zone tampon ». Ce bien et sa zone tampon font l’objet d’un plan de gestion spécifique, pris en compte dans le PLU. 2. ENJEUX  Des atouts à renforcer - Des équipements de proximité et des commerces de proximité autour de la route des Romains Des contraintes à intégrer - Le bruit. - Accompagner l'arrivée du TCSP par un projet urbain cohérent, trait d'union entre le cœur de Koenigshoffen, développé autour de la route des Romains (liaison stratégique), et le centre- ville ; - Améliorer l'image de l'entrée Est de Koenigshoffen ; - Proposer des logements de qualité, bien desservi…",moyenne,"Le passage identifie le bruit comme une contrainte à intégrer dans le secteur d'OAP, au même titre que la pollution de l'air et des sols. Il s'agit d'un simple constat d'enjeu sans détail sur une mesure concrète, mais cela oriente les objectifs du projet urbain (qualité des logements, accompagnement du TCSP) à prendre en compte cette nuisance. La formulation reste très générale et ne précise pas de prescription technique, d'où une confiance modérée dans l'extrait retenu.",recommandation,opposable en compatibilité,lutte_bruit_existant,False,,corrigé,"L'OAP recommande d'intégrer le bruit dans les porjets, et pose comme objectif de ""Proposer des logements de qualit"""
95d3871caefe158c101a466ab9e91c5b,DU_246700488,28_246700488_orientations_amenagement_2_20260206.pdf,,occurrence_locale,zone_specifique,corrigé,Plan Local d'Urbanisme intercommunal (PLUi) EUROMETROPOLE DE STRASBOURG,"Achenheim, Bischheim, Blaesheim, Breuschwickersheim, Eckbolsheim, Eckwersheim, Entzheim, Eschau, Fegersheim, Geispolsheim, Hangenbieten, Holtzheim, Hœnheim, Illkirch-Graffenstaden, Kolbsheim, La Wantzenau, Lampertheim, Lingolsheim, Lipsheim, Mittelhausbergen, Mundolsheim, Niederhausbergen, Oberhausbergen, Oberschaeffolsheim, Osthoffen, Ostwald, Plobsheim, Reichstett, Schiltigheim, Souffelweyersheim, Strasbourg, Vendenheim, Wolfisheim",OAP,https://www.geoportail-urbanisme.gouv.fr/api/document/95d3871caefe158c101a466ab9e91c5b/files/246700488_orientations_amenagement_2_20260206.pdf,page,page 510,OAP Communale COMMUNE DE STRASBOURG : « SECTEUR PETIT-MARAIS - SINGRIST »,"du bruit, notamment dans la gestion de la proximité avec la voie ferrée au nord et de la route de Schirmeck au sud","…ues solaires. Les logements mono-orientés seront limités notamment pour les logements de trois pièces et plus. La majorité des logements disposera d’un prolongement extérieur (terrasse, balcon, rez-de-jardin…) et d’un espace de rangement (cave, cellier…) pour permettre une qualité d’usage renforcée. du bruit, notamment dans la gestion de la proximité avec la voie ferrée au nord et de la route de Schirmeck au sud route de Schirmeck au sud, - de la qualité de l’air, - du plan de prévention des risques d’inondation (PPRI) de l’Eurométropole de Strasbourg. Plan Local d’Urbanisme OAP COMMUNALES MAI 2024 Modification n° 4 Commune de Strasbourg Eurométropole de Strasbourg",moyenne,"Le passage demande explicitement de prendre en compte le bruit lié à la proximité de la voie ferrée et de la route de Schirmeck dans la conception des projets, afin de réduire l'exposition des personnes aux nuisances. Il s'agit d'une règle liée au bruit existant à proximité des futures constructions, donc dans le périmètre diagBruit. La formulation reste toutefois générale et peu précise sur les mesures concrètes attendues.",recommandation,opposable en compatibilité,lutte_bruit_existant,False,,corrigé,"L'OAP exprime clairement le besoin de prendre en compte le bruit dans la conception des logements, notamments ceux proches de la route de Schrimeck ""Afin de réduire l’exposition des personnes aux nuisances, les projets devront prendre en compte les enjeux de santé et de sécurité publique, au regard : du bruit, notamment dans la gestion de la proximité avec la voie ferrée au nord et de la route de Schirmeck au sud,"""
95d3871caefe158c101a466ab9e91c5b,DU_246700488,29_246700488_orientations_amenagement_2_20260206.pdf,,occurrence_locale,zone_specifique,corrigé,Plan Local d'Urbanisme intercommunal (PLUi) EUROMETROPOLE DE STRASBOURG,"Achenheim, Bischheim, Blaesheim, Breuschwickersheim, Eckbolsheim, Eckwersheim, Entzheim, Eschau, Fegersheim, Geispolsheim, Hangenbieten, Holtzheim, Hœnheim, Illkirch-Graffenstaden, Kolbsheim, La Wantzenau, Lampertheim, Lingolsheim, Lipsheim, Mittelhausbergen, Mundolsheim, Niederhausbergen, Oberhausbergen, Oberschaeffolsheim, Osthoffen, Ostwald, Plobsheim, Reichstett, Schiltigheim, Souffelweyersheim, Strasbourg, Vendenheim, Wolfisheim",OAP,https://www.geoportail-urbanisme.gouv.fr/api/document/95d3871caefe158c101a466ab9e91c5b/files/246700488_orientations_amenagement_2_20260206.pdf,page,page 622,OAP Communale COMMUNE DE VENDENHEIM : « SECTEUR EPSAN » ,"Les projets respecteront une frange végétalisée afin de gérer l’interface avec la route métropolitaine 301. La limite entre le secteur et la RM301 sera végétalisée afin de développer une transition avec la route, et d’atténuer les effets induits de la RM301 sur la santé publique (nuisance sonore et qualité de l’air).","…nagée afin d’assurer le bouclage viaire du projet. 3.2. INTÉGRATION QUALITATIVE DU SECTEUR DANS SON ENVIRONNEMENT Les projets respecteront une frange végétalisée afin de gérer l’interface avec la route métropolitaine 301. La limite entre le secteur et la RM301 sera végétalisée afin de développer une Les projets respecteront une frange végétalisée afin de gérer l’interface avec la route métropolitaine 301. La limite entre le secteur et la RM301 sera végétalisée afin de développer une transition avec la route, et d’atténuer les effets induits de la RM301 sur la santé publique (nuisance sonore et qualité de l’air). aux espaces de pleine terre. L’espace arboré existant au Nord de la RM301 identifié comme « végétation existante à maintenir » dans le schéma de principe ci-après devra être maintenu. 3.3. PROGRAMMATION Les bureaux liés aux activités des entreprises devront être orientés de sorte à ne pas être direc…",forte,"Le passage prescrit une frange végétalisée le long de la RM301 pour atténuer les nuisances sonores (et la qualité de l'air) subies par le secteur aménagé, ce qui concerne bien l'aménagement urbain à proximité d'une infrastructure de transport, et non l'infrastructure elle-même. Ce n'est pas un simple renvoi au classement sonore : il s'agit d'une mesure d'aménagement paysager spécifique (frange végétalisée avec strates végétales) allant au-delà de l'isolement acoustique réglementaire standard. La règle s'applique à un secteur spécifique du projet en limite de la RM301, donc portée géométrique zone_specifique.",recommandation,opposable en compatibilité,lutte_bruit_existant,False,,corrigé,"L'OAP rappelle que ""Afin de réduire l’exposition des personnes aux nuisances, les projets devront prendre en compte les enjeux de santé et de sécurité publique, au regard du bruit, notamment dans la gestion de la proximité avec la RM301 au Sud"" et insite sur les effets bénéfique de la végétalisation. Attention, si la végétalisation dminiue la gêne, elle ne réduit pas frcé&ment les niveaux de bruit (sauf grande distance et conditions particulières). enfin, ""Les bureaux liés aux activités des entreprises devront être orientés de sorte à ne pas être directement exposés à la RM301, afin de réduire les risques liés à la qualité de l’air et les nuisances sonores"""
95d3871caefe158c101a466ab9e91c5b,DU_246700488,2_246700488_orientations_amenagement_1_20260206.pdf,,occurrence_locale,zone_specifique,corrigé,Plan Local d'Urbanisme intercommunal (PLUi) EUROMETROPOLE DE STRASBOURG,"Achenheim, Bischheim, Blaesheim, Breuschwickersheim, Eckbolsheim, Eckwersheim, Entzheim, Eschau, Fegersheim, Geispolsheim, Hangenbieten, Holtzheim, Hœnheim, Illkirch-Graffenstaden, Kolbsheim, La Wantzenau, Lampertheim, Lingolsheim, Lipsheim, Mittelhausbergen, Mundolsheim, Niederhausbergen, Oberhausbergen, Oberschaeffolsheim, Osthoffen, Ostwald, Plobsheim, Reichstett, Schiltigheim, Souffelweyersheim, Strasbourg, Vendenheim, Wolfisheim",OAP,https://www.geoportail-urbanisme.gouv.fr/api/document/95d3871caefe158c101a466ab9e91c5b/files/246700488_orientations_amenagement_1_20260206.pdf,page,page 121,"Les zones en dépassements réglementaires et en dépassements réglementaires potentiels, regroupées sous l’appellation « zone de dépassement » + Les zones tampons autour des infrastructures, appelées « zone tampon »","Créer un effet barrière au bruit et à la pollution par l’implantation d’un bâtiment haut en première ligne. Il est admis qu’un bâtiment implanté en première ligne et présentant une hauteur minimale de R+3 participe à créer un effet barrière, dès lors que cette hauteur est par ailleurs autorisée par le règlement.","…tampon : Organiser l’espace en fonction de la vocation des bâtiments. Implanter les habitations et les établissements accueillant des populations sensibles au titre de la qualité de l’air1 le plus loin de la voie. Implanter les bâtiments en retrait par rapport à la chaussée circulée en assurant une Créer un effet barrière au bruit et à la pollution par l’implantation d’un bâtiment haut en première ligne. Il est admis qu’un bâtiment implanté en première ligne et présentant une hauteur minimale de R+3 participe à créer un effet barrière, dès lors que cette hauteur est par ailleurs autorisée par le règlement. Modification n°3 Air Climat Énergie Eurométropole de Strasbourg",forte,"Le passage prescrit des mesures d'aménagement urbain (implantation des bâtiments, effet barrière, hauteur minimale) dans une zone tampon le long d'une voie, explicitement pour lutter contre le bruit (et la pollution) : c'est une règle autonome relevant du périmètre diagBruit, appliquée à une zone spécifique (zone tampon en bordure de voie) et non à l'ensemble du territoire.",recommandation,opposable en compatibilité,lutte_bruit_existant,False,,corrigé,"l'OAP Air Climat Energie impose de mettre en oeuver (et de justifier cette mise en oeuvre) les principes d'aménagement suivant : Créer un effet barrière au bruit et à la pollution par l’implantation d’un bâtiment haut en première ligne. Il est admis qu’un bâtiment implanté en première ligne et présentant une hauteur minimale de R+3 participe à créer un effet barrière, dès lors que cette hauteur est par ailleurs autorisée par le règlement. Adapter la morphologie urbaine pour influencer la dispersion des polluants et la ventilation, et limiter ainsi la création de rues canyons"
95d3871caefe158c101a466ab9e91c5b,DU_246700488,2_246700488_orientations_amenagement_2_20260206.pdf,,occurrence_locale,zone_specifique,corrigé,Plan Local d'Urbanisme intercommunal (PLUi) EUROMETROPOLE DE STRASBOURG,"Achenheim, Bischheim, Blaesheim, Breuschwickersheim, Eckbolsheim, Eckwersheim, Entzheim, Eschau, Fegersheim, Geispolsheim, Hangenbieten, Holtzheim, Hœnheim, Illkirch-Graffenstaden, Kolbsheim, La Wantzenau, Lampertheim, Lingolsheim, Lipsheim, Mittelhausbergen, Mundolsheim, Niederhausbergen, Oberhausbergen, Oberschaeffolsheim, Osthoffen, Ostwald, Plobsheim, Reichstett, Schiltigheim, Souffelweyersheim, Strasbourg, Vendenheim, Wolfisheim",OAP,https://www.geoportail-urbanisme.gouv.fr/api/document/95d3871caefe158c101a466ab9e91c5b/files/246700488_orientations_amenagement_2_20260206.pdf,page,page 102,OAP Communale COMMUNE DE GEISPOLSHEIM : « ENTRÉE NORD ROUTE D’ENTZHEIM »,"3.2.1. La prise en compte des nuisances La partie Nord de la zone, donnant directement vers l'autoroute A35, doit faire l'objet d'un traitement par- ticulier afin de préserver les futurs habitants des éventuelles nuisances (bruit, covisibilité, pollution de l'air). Afin de limiter les impacts de ces nuisances, tout aménagement doit favoriser des formes urbaines et architecturales permettant la limitation de l'exposition des populations, par exemple en travaillant sur","…secteur dans le sens Est-Ouest. Cet itinéraire permet en effet une circulation fluide et de qualité pour les modes doux vers les équipements publics situés au Sud-Est du périmètre (école, collège), ainsi qu'en direction du centre-bourg. 3.2. INTÉGRATION QUALITATIVE DE LA ZONE DANS SON ENVIRONNEMENT 3.2.1. La prise en compte des nuisances La partie Nord de la zone, donnant directement vers l'autoroute A35, doit faire l'objet d'un traitement par- ticulier afin de préserver les futurs habitants des éventuelles nuisances (bruit, covisibilité, pollution de l'air). Afin de limiter les impacts de ces nuisances, tout aménagement doit favoriser des formes urbaines et architecturales permettant la limitation de l'exposition des populations, par exemple en travaillant sur l'implantation et les hauteurs du bâti, l'orientation ou la forme des logements. Par exemple, les bâtiments Plan Local d’Urbanisme OAP COMMUNALES SEPTEMBRE 2019 Commune de Geispolsheim Eurométropole de Strasbourg",forte,"Le passage impose que la partie Nord de la zone, exposée au bruit de l'autoroute A35, fasse l'objet d'un traitement particulier via les formes urbaines et architecturales (implantation, hauteurs, orientation des bâtiments) pour limiter l'exposition des populations au bruit. Il ne s'agit pas d'un simple renvoi au classement sonore mais d'une prescription d'urbanisme autonome concernant l'aménagement du bâti, donc bien dans le périmètre diagBruit. La portée est limitée à la partie Nord de la zone concernée, sans contour automatique disponible.",prescription,opposable en compatibilité,lutte_bruit_existant,False,,corrigé,"""La partie Nord de la zone, donnant directement vers l'autoroute A35, doit faire l'objet d'un traitement particulier afin de préserver les futurs habitants des éventuelles nuisances (bruit, covisibilité, pollution de l'air). Afin de limiter les impacts de ces nuisances, tout aménagement doit favoriser des formes urbaines et architecturales permettant la limitation de l'exposition des populations, par exemple en travaillant sur l'implantation et les hauteurs du bâti, l'orientation ou la forme des logements. Par exemple, les bâtiments Plan Local d’Urbanisme OAP COMMUNALES SEPTEMBRE 2019 Commune de Geispolsheim Eurométropole de Strasbourg - 89 - de plus grand gabarit pouvent jouer le rôle d'écran. L'orientation des ouvertures, balcons, pièces de vie, etc, doit être privilégiée sur les façades qui ne sont pas orientées vers l'autoroute. Les installations techniques visant à aspirer de l'air (VMC, …) sont privilégiées sur les façades qui ne sont pas orientées vers l'autoroute. Dans le but de réduire les nuisances, il sera possible de recourir à des dispositifs architecturaux améliorant la ventilation et l'isolation phonique de type façade double."""
95d3871caefe158c101a466ab9e91c5b,DU_246700488,3_246700488_orientations_amenagement_2_20260206.pdf,,occurrence_locale,zone_specifique,corrigé,Plan Local d'Urbanisme intercommunal (PLUi) EUROMETROPOLE DE STRASBOURG,"Achenheim, Bischheim, Blaesheim, Breuschwickersheim, Eckbolsheim, Eckwersheim, Entzheim, Eschau, Fegersheim, Geispolsheim, Hangenbieten, Holtzheim, Hœnheim, Illkirch-Graffenstaden, Kolbsheim, La Wantzenau, Lampertheim, Lingolsheim, Lipsheim, Mittelhausbergen, Mundolsheim, Niederhausbergen, Oberhausbergen, Oberschaeffolsheim, Osthoffen, Ostwald, Plobsheim, Reichstett, Schiltigheim, Souffelweyersheim, Strasbourg, Vendenheim, Wolfisheim",OAP,https://www.geoportail-urbanisme.gouv.fr/api/document/95d3871caefe158c101a466ab9e91c5b/files/246700488_orientations_amenagement_2_20260206.pdf,page,page 113,COMMUNE DE GEISPOLSHEIM : « GARE ENTRÉE OUEST »,"maintenant de plus les constructions à l’abri des nuisances (sonores, automobiles…), tout en restant dans un pôle de centralité","…a de renforcer leur présence, leur développement et de favoriser les nouvelles implantations. Ainsi, à l’articulation entre deux quartiers inciter les échanges entre populations installées et nouveaux arrivants. A l’Ouest de la partie Nord, un nouvel équipement de type festif à l’échelle de toute la maintenant de plus les constructions à l’abri des nuisances (sonores, automobiles…), tout en restant dans un pôle de centralité Il permettra aux pièces de vie des logements d’être orientés Sud/Sud-Ouest. Le bâti devra utiliser sa surface d’emprise pour gérer les stationnements. Plus proches du plot plus que de la barre, des petits modules en RDParc+2 ménageront des ouvertures et des perspectives. Les toitures seront plates o…",moyenne,"Le passage recommande l'implantation privilégiée d'un équipement de type festif à un endroit précis (Ouest de la partie Nord) afin de maintenir les constructions à l'abri des nuisances sonores et automobiles. C'est une règle d'aménagement urbain liée au bruit, localisée à une zone spécifique du document, donc dans le périmètre diagBruit.",recommandation,opposable en compatibilité,lutte_bruit_existant,False,,corrigé,"Cette OAP définit la construction de nouveaux équipement comme un moyen de lutte contre le bruit des routes, par effet ""cran"". Attention toutefois à ce que ces équipement ne deviennent pas des sources de bruit"
95d3871caefe158c101a466ab9e91c5b,DU_246700488,4_246700488_orientations_amenagement_1_20260206.pdf,,occurrence_locale,zone_specifique,validé,Plan Local d'Urbanisme intercommunal (PLUi) EUROMETROPOLE DE STRASBOURG,"Achenheim, Bischheim, Blaesheim, Breuschwickersheim, Eckbolsheim, Eckwersheim, Entzheim, Eschau, Fegersheim, Geispolsheim, Hangenbieten, Holtzheim, Hœnheim, Illkirch-Graffenstaden, Kolbsheim, La Wantzenau, Lampertheim, Lingolsheim, Lipsheim, Mittelhausbergen, Mundolsheim, Niederhausbergen, Oberhausbergen, Oberschaeffolsheim, Osthoffen, Ostwald, Plobsheim, Reichstett, Schiltigheim, Souffelweyersheim, Strasbourg, Vendenheim, Wolfisheim",OAP,https://www.geoportail-urbanisme.gouv.fr/api/document/95d3871caefe158c101a466ab9e91c5b/files/246700488_orientations_amenagement_1_20260206.pdf,page,page 203,OAP Métropolitaine SECTEUR D’ENJEUX D’AGGLOMÉRATION : « COEUR MÉTROPOLITAIN DEUX-RIVES »,"contraintes (risques technologiques, trafics routier et ferroviaire, contraintes de bruit, nuisances acoustiques, pollution des sols...) à prendre en compte dans les choix programmatiques","…nt défini dans le PADD du PLU communautaire comme site métropolitain, ayant vocation à participer au renforcement de l’attractivité du cœur métropolitain et à son repositionnement sur le Rhin. Le site est caractérisé par la présence de l’eau et la proximité du port dont l’activité génère un ensemble contraintes (risques technologiques, trafics routier et ferroviaire, contraintes de bruit, nuisances acoustiques, pollution des sols...) à prendre en compte dans les choix programmatiques fortement structuré par ces dernières : - l’avenue du Rhin, reliant Kehl à Strasbourg ; - la liaison interport Nord-Sud reliant le port Nord au port Sud ; - l’extension transfrontalière de la ligne D du tramway reliant Strasbourg à Kehl en 2017, lien physique avec le territoire allemand ; - la ligne…",faible,"Le passage identifie des contraintes de bruit et nuisances acoustiques liées au trafic routier et ferroviaire à proximité du port, à prendre en compte dans les choix programmatiques du site. Il s'agit d'une orientation qui concerne l'aménagement du site (choix programmatiques, donc urbanisation à proximité des infrastructures), mais la formulation reste très générale et ne précise pas de mesure concrète, d'où une confiance limitée. La portée est circonscrite au site métropolitain décrit dans le contexte, pas à l'ensemble du document.",recommandation,opposable en compatibilité,lutte_bruit_existant,False,,validé,"C'est vague, mais l'OAP incite les aménageurs à prendre en compte le bruit et les autres nuisances fortes dans les ""choix programmatiques"", i.e : les phases très amont des projets"
95d3871caefe158c101a466ab9e91c5b,DU_246700488,4_246700488_orientations_amenagement_2_20260206.pdf,,occurrence_locale,zone_specifique,corrigé,Plan Local d'Urbanisme intercommunal (PLUi) EUROMETROPOLE DE STRASBOURG,"Achenheim, Bischheim, Blaesheim, Breuschwickersheim, Eckbolsheim, Eckwersheim, Entzheim, Eschau, Fegersheim, Geispolsheim, Hangenbieten, Holtzheim, Hœnheim, Illkirch-Graffenstaden, Kolbsheim, La Wantzenau, Lampertheim, Lingolsheim, Lipsheim, Mittelhausbergen, Mundolsheim, Niederhausbergen, Oberhausbergen, Oberschaeffolsheim, Osthoffen, Ostwald, Plobsheim, Reichstett, Schiltigheim, Souffelweyersheim, Strasbourg, Vendenheim, Wolfisheim",OAP,https://www.geoportail-urbanisme.gouv.fr/api/document/95d3871caefe158c101a466ab9e91c5b/files/246700488_orientations_amenagement_2_20260206.pdf,page,page 165,OAP Communale COMMUNE DE ILLKIRCH-GRAFFENSTADEN : « SECTEUR HURON »,Le projet urbain devra donc veiller à mettre en oeuvre des dispositions constructibles destinées à prendre en compte ces nuisances.,"…ertaine perméabilité de l'urbanisation, en permettant des vues vers les berges du canal de dérivation de l'Ill et le cœur d'ilot pour les riverains, et vers la ville pour les habitants. Plan Local d’Urbanisme OAP COMMUNALES SEPTEMBRE 2019 Commune de Illkirch-Graffenstaden Eurométropole de Strasbourg Le projet urbain devra donc veiller à mettre en oeuvre des dispositions constructibles destinées à prendre en compte ces nuisances. destinées à prendre en compte ces nuisances. 3.3. HAUTEUR DES CONSTRUCTIONS La hauteur maximale hors tout des constructions devra respecter la carte jointe à la présente OAP. En cohérence avec les hauteurs constatées dans les opérations récentes d’habitat au Nord, les constructions au Nord du secteu…",forte,"Le passage prescrit que le projet urbain doit intégrer des dispositions constructives pour prendre en compte les nuisances sonores liées à la route de Lyon, au tramway et à des équipements publics. Il ne s'agit pas d'un simple renvoi au classement sonore mais d'une exigence propre à l'OAP visant les futures constructions. La règle s'applique à une zone spécifique du secteur de projet (Sud et Est), donc portée géométrique zone_specifique.",prescription,opposable en compatibilité,lutte_bruit_existant,False,,corrigé,"Le passage prescrit que le projet urbain doit intégrer des dispositions constructives pour prendre en compte les nuisances sonores liées à la route de Lyon, au tramway et à des équipements publics"
95d3871caefe158c101a466ab9e91c5b,DU_246700488,5_246700488_orientations_amenagement_2_20260206.pdf,,occurrence_locale,zone_specifique,corrigé,Plan Local d'Urbanisme intercommunal (PLUi) EUROMETROPOLE DE STRASBOURG,"Achenheim, Bischheim, Blaesheim, Breuschwickersheim, Eckbolsheim, Eckwersheim, Entzheim, Eschau, Fegersheim, Geispolsheim, Hangenbieten, Holtzheim, Hœnheim, Illkirch-Graffenstaden, Kolbsheim, La Wantzenau, Lampertheim, Lingolsheim, Lipsheim, Mittelhausbergen, Mundolsheim, Niederhausbergen, Oberhausbergen, Oberschaeffolsheim, Osthoffen, Ostwald, Plobsheim, Reichstett, Schiltigheim, Souffelweyersheim, Strasbourg, Vendenheim, Wolfisheim",OAP,https://www.geoportail-urbanisme.gouv.fr/api/document/95d3871caefe158c101a466ab9e91c5b/files/246700488_orientations_amenagement_2_20260206.pdf,page,page 190,OAP Communale COMMUNE DE ILLKIRCH-GRAFFENSTADEN : « SECTEUR SUD DE LA ZAC PII - PARC D’INNOVATION »,"Afin de se prémunir contre ces nuisances, un recul inconstructible de 30 mètres sera établi par rapport à l'axe de la RM 468.","secteur Sud et sera ainsi destiné à accueillir des fonctions collectives (loisirs, sport, petits équipements légers, etc). Plan Local d’Urbanisme OAP COMMUNALES JUIN 2021 Modification n°3 Commune de Illkirch-Graffenstaden Eurométropole de Strasbourg Afin de se prémunir contre ces nuisances, un recul inconstructible de 30 mètres sera établi par rapport à l'axe de la RM 468. 3.4. INTÉGRATION QUALITATIVE DE LA ZONE DANS SON ENVIRONNEMENT Le nouveau quartier sera conçu de façon à tirer au maximum parti de la présence de la forêt. 3.4.1. Orientations relatives aux espaces publics ou d'intérêt collectif L'aménagement de la zone devra renvoyer au traitement spécifique du dom…",forte,"Le passage prescrit un recul inconstructible de 30 mètres par rapport à l'axe de la Route du Rhin pour se prémunir des nuisances sonores, ce qui constitue une règle d'urbanisme autonome (implantation des constructions) et non un simple renvoi au classement sonore ou au PEB. Cette règle concerne bien l'urbanisation à proximité de l'infrastructure (constructibilité des terrains riverains), donc elle relève du périmètre diagBruit et non uniquement de l'infrastructure elle-même. La zone concernée (le parc d'innovation le long de la RM 468) est une zone spécifique du PLU, sans contour administratif générique.",prescription,opposable en compatibilité,lutte_bruit_existant,False,,corrigé,"recul inconstructible de 30 mètres obligatoire par rapport à la RM 468, ""traitées obligatoirement en espaces verts (avec notamment la plantation d'arbres de haute tige) sur 60 % de leur profondeur en bordure de l'alignement pour les reculs inférieurs ou égaux à 15 m et 30 % pour les reculs supérieurs à 15 m"""
95d3871caefe158c101a466ab9e91c5b,DU_246700488,6_246700488_orientations_amenagement_1_20260206.pdf,,occurrence_locale,zone_specifique,validé,Plan Local d'Urbanisme intercommunal (PLUi) EUROMETROPOLE DE STRASBOURG,"Achenheim, Bischheim, Blaesheim, Breuschwickersheim, Eckbolsheim, Eckwersheim, Entzheim, Eschau, Fegersheim, Geispolsheim, Hangenbieten, Holtzheim, Hœnheim, Illkirch-Graffenstaden, Kolbsheim, La Wantzenau, Lampertheim, Lingolsheim, Lipsheim, Mittelhausbergen, Mundolsheim, Niederhausbergen, Oberhausbergen, Oberschaeffolsheim, Osthoffen, Ostwald, Plobsheim, Reichstett, Schiltigheim, Souffelweyersheim, Strasbourg, Vendenheim, Wolfisheim",OAP,https://www.geoportail-urbanisme.gouv.fr/api/document/95d3871caefe158c101a466ab9e91c5b/files/246700488_orientations_amenagement_1_20260206.pdf,page,page 270,OAP Métropolitaine SECTEUR D’ENJEUX D’AGGLOMÉRATION : « ZONE COMMERCIALE NORD »,"les installations techniques des futurs bâtiments visant à aspirer de l’air (VMC) ne pourront pas être implantées sur les façades donnant sur l’A4 et sur la RD 63, - les constructions situées dans les zones de bruit liées aux infrastructures de transport terrestre feront l’objet de dispositifs s’isolation acoustique","…rs de la zone de vigilance du Plan de Protection de l’Atmosphère (PPA) de l’agglomération strasbourgeoise adopté le 4 juin 2014, - permettre l’aménagement des espaces de vente extérieurs, autorisés sous condition d’intégration architecturale ou paysagère, uniquement s’ils s’implanteront en dehors de les installations techniques des futurs bâtiments visant à aspirer de l’air (VMC) ne pourront pas être implantées sur les façades donnant sur l’A4 et sur la RD 63, - les constructions situées dans les zones de bruit liées aux infrastructures de transport terrestre feront l’objet de dispositifs s’isolation acoustique terrestre feront l’objet de dispositifs s’isolation acoustique. 3.2. LES PRINCIPES D’AMÉNAGEMENT PAR SECTEUR Modernisation et restructuration des secteurs dédiés aux activités commerciales • Les plans ci-après représentent les trois secteurs commerciaux existants qui ont vocation à être restructurés…",forte,"Le passage contient deux prescriptions autonomes liées au bruit, distinctes du simple classement sonore : (1) interdiction d'implanter les VMC des futurs bâtiments sur les façades donnant sur l'A4 et la RD 63, et (2) obligation de dispositifs d'isolation acoustique pour les constructions situées dans les zones de bruit liées aux infrastructures de transport terrestre. Ces règles vont au-delà d'un simple renvoi au classement sonore standard car elles imposent des mesures constructives précises (localisation des équipements techniques, isolation) applicables aux bâtiments eux-mêmes, ce qui relève bien du périmètre diagBruit. La portée est géométriquement limitée aux abords de l'A4/RD63 et aux zones de bruit identifiées, donc zone_specifique.",prescription,opposable en compatibilité,lutte_bruit_existant,False,,validé,"sur les secteurs ""zones de bruit liées aux infrastructures de transport terrestre / façades sur A4 et RD 63"", l'OAP interdit ""d'implanter les VMC des futurs bâtiments sur les façades donnant sur l'A4 et la RD 63"". Il s'agit de  ""Intégrer les différentes nuisances du site pour proposer des solutions urbaines, paysagères et architecturales permettant la cohabitation avec du logement : route de Strasbourg (RD 263 : qualité d'air et pollution sonore), autoroutes (qualité d'air et pollution sonore), voie ferrée à l'ouest (pollution sonore), zone commerciale (ponctuellement selon les activités : qualité d'air, pollution sonore, vues peu qualitatives). Cette contextualisation implique également une organisation des logements et un traitement des façades et prolongements extérieurs spécifiques."""
95d3871caefe158c101a466ab9e91c5b,DU_246700488,6_246700488_orientations_amenagement_2_20260206.pdf,,occurrence_locale,zone_specifique,validé,Plan Local d'Urbanisme intercommunal (PLUi) EUROMETROPOLE DE STRASBOURG,"Achenheim, Bischheim, Blaesheim, Breuschwickersheim, Eckbolsheim, Eckwersheim, Entzheim, Eschau, Fegersheim, Geispolsheim, Hangenbieten, Holtzheim, Hœnheim, Illkirch-Graffenstaden, Kolbsheim, La Wantzenau, Lampertheim, Lingolsheim, Lipsheim, Mittelhausbergen, Mundolsheim, Niederhausbergen, Oberhausbergen, Oberschaeffolsheim, Osthoffen, Ostwald, Plobsheim, Reichstett, Schiltigheim, Souffelweyersheim, Strasbourg, Vendenheim, Wolfisheim",OAP,https://www.geoportail-urbanisme.gouv.fr/api/document/95d3871caefe158c101a466ab9e91c5b/files/246700488_orientations_amenagement_2_20260206.pdf,page,page 233,OAP Communale COMMUNE DE LA WANTZENAU : « SECTEUR DU SCHWEMMLOCH »,"Le secteur est soumis aux nuisances sonores liées à la présence des RD 223 et 468 et de la voie ferrée à l'Ouest. La réussite de ce futur quartier tiendra en grande partie à la prise en compte, en amont, de ces nuisances. Afin de limiter les impacts négatifs, on pourra agir sur la composition globale (maillage des voies, ouvertures et fermetures visuelles, ...) et les formes urbaines (implantation du bâti, hauteur du bâti,...).","Commune de La Wantzenau Eurométropole de Strasbourg Le secteur est soumis aux nuisances sonores liées à la présence des RD 223 et 468 et de la voie ferrée à l'Ouest. La réussite de ce futur quartier tiendra en grande partie à la prise en compte, en amont, de ces nuisances. Afin de limiter les impacts négatifs, on pourra agir sur la composition globale (maillage des voies, ouvertures et fermetures visuelles, ...) et les formes urbaines (implantation du bâti, hauteur du bâti,...). amont, de ces nuisances. Afin de limiter les impacts négatifs, on pourra agir sur la composition globale (maillage des voies, ouvertures et fermetures visuelles, ...) et les formes urbaines (implantation du bâti, hauteur du bâti,...). Au-delà des préconisations citées ci-dessus, des dispositions en…",forte,"Le passage identifie un secteur d'aménagement soumis aux nuisances sonores des RD 223, 468 et de la voie ferrée, et recommande d'agir sur la composition urbaine (maillage des voies, ouvertures/fermetures visuelles) et les formes urbaines (implantation et hauteur du bâti) pour limiter les impacts du bruit sur le futur quartier. Cette règle concerne bien l'aménagement urbain et le bâti à proximité des infrastructures, pas seulement les infrastructures elles-mêmes, et va au-delà d'un simple renvoi au classement sonore puisqu'elle prescrit des dispositions de composition urbaine et de forme bâtie.",recommandation,opposable en compatibilité,lutte_bruit_existant,False,,validé,"l'OAP indique que la réussite du quartier va dépendre de la prise en compte des nuisances sonore, au travers de ""composition urbaine (maillage des voies, ouvertures/fermetures visuelles) et les formes urbaines (implantation et hauteur du bâti)"""
95d3871caefe158c101a466ab9e91c5b,DU_246700488,7_246700488_orientations_amenagement_2_20260206.pdf,,occurrence_locale,zone_specifique,corrigé,Plan Local d'Urbanisme intercommunal (PLUi) EUROMETROPOLE DE STRASBOURG,"Achenheim, Bischheim, Blaesheim, Breuschwickersheim, Eckbolsheim, Eckwersheim, Entzheim, Eschau, Fegersheim, Geispolsheim, Hangenbieten, Holtzheim, Hœnheim, Illkirch-Graffenstaden, Kolbsheim, La Wantzenau, Lampertheim, Lingolsheim, Lipsheim, Mittelhausbergen, Mundolsheim, Niederhausbergen, Oberhausbergen, Oberschaeffolsheim, Osthoffen, Ostwald, Plobsheim, Reichstett, Schiltigheim, Souffelweyersheim, Strasbourg, Vendenheim, Wolfisheim",OAP,https://www.geoportail-urbanisme.gouv.fr/api/document/95d3871caefe158c101a466ab9e91c5b/files/246700488_orientations_amenagement_2_20260206.pdf,page,page 236,OAP Communale COMMUNE DE LA WANTZENAU : « SECTEUR TRISSERMATT »,"Cette zone est soumise aux nuisances sonores liées à la présence de la voie ferrée à l'Ouest. Cette contrainte doit être prise en compte dès la conception du projet d'aménagement. Afin de limiter les impacts négatifs, il est possible d'agir sur la composition globale (maillage des voies, ouvertures et fermetures visuelles, ...) et/ou sur les formes urbaines (implantation du bâti, hauteur du bâti,.…","…vers la rue des Roses afin d’assurer une perméabilité entre quartiers pour les déplacements doux. Concernant les modes actifs, les déplacements piétons-cycles doivent être sécurisés : - soit par l'aménagement d'espaces de circulation propre (par exemple au niveau de la voie principale de desserte), Cette zone est soumise aux nuisances sonores liées à la présence de la voie ferrée à l'Ouest. Cette contrainte doit être prise en compte dès la conception du projet d'aménagement. Afin de limiter les impacts négatifs, il est possible d'agir sur la composition globale (maillage des voies, ouvertures et fermetures visuelles, ...) et/ou sur les formes urbaines (implantation du bâti, hauteur du bâti,.… contrainte doit être prise en compte dès la conception du projet d'aménagement. Afin de limiter les impacts négatifs, il est possible d'agir sur la composition globale (maillage des voies, ouvertures et fermetures visuelles, ...) et/ou sur les formes urbaines (implantation du bâti, hauteur du bâti,.…",forte,"Le passage identifie une zone spécifique de l'OAP soumise aux nuisances sonores de la voie ferrée et recommande d'agir sur la composition urbaine (maillage des voies, orientation, implantation et hauteur du bâti) dès la conception du projet d'aménagement pour limiter les impacts. Ceci concerne directement la conception des bâtiments et de l'aménagement urbain, donc dans le périmètre diagBruit. Il ne s'agit pas d'un simple renvoi au classement sonore ou au PEB, mais d'une recommandation autonome sur les formes urbaines à adopter. La portée est limitée à cette zone d'OAP particulière, non à l'ensemble du document.",recommandation,opposable en compatibilité,lutte_bruit_existant,False,,corrigé,"L'OAP ecommande de luttre contreles nuisances sonore de la voie ferrée, des la conception du projet, en agissant sur la composition globale (maillage des voies, ouvertures et fermetures visuelles, ...) et/ou sur les formes urbaines (implantation du bâti, hauteur du bâti"
95d3871caefe158c101a466ab9e91c5b,DU_246700488,8_246700488_orientations_amenagement_2_20260206.pdf,,occurrence_locale,zone_specifique,validé,Plan Local d'Urbanisme intercommunal (PLUi) EUROMETROPOLE DE STRASBOURG,"Achenheim, Bischheim, Blaesheim, Breuschwickersheim, Eckbolsheim, Eckwersheim, Entzheim, Eschau, Fegersheim, Geispolsheim, Hangenbieten, Holtzheim, Hœnheim, Illkirch-Graffenstaden, Kolbsheim, La Wantzenau, Lampertheim, Lingolsheim, Lipsheim, Mittelhausbergen, Mundolsheim, Niederhausbergen, Oberhausbergen, Oberschaeffolsheim, Osthoffen, Ostwald, Plobsheim, Reichstett, Schiltigheim, Souffelweyersheim, Strasbourg, Vendenheim, Wolfisheim",OAP,https://www.geoportail-urbanisme.gouv.fr/api/document/95d3871caefe158c101a466ab9e91c5b/files/246700488_orientations_amenagement_2_20260206.pdf,page,page 251,OAP Communale COMMUNE DE LIPSHEIM : « SECTEUR NIEDERMATT »,"le caractère relativement fermé, pour des raisons acoustiques, des façades latérales Est et Ouest","d'alignement pour assurer un confort d'été et pour participer à la qualité du cadre de vie des futurs habitants du quartier. Plan Local d’Urbanisme OAP COMMUNALES JUIN 2021 Modification n°3 Commune de Lipsheim Eurométropole de Strasbourg le caractère relativement fermé, pour des raisons acoustiques, des façades latérales Est et Ouest Les modes actifs seront privilégiés dans le futur quartier, notamment grâce à une venelle, orientée Est- Ouest, qui permettra une circulation piétonne fluide. Les parcours vers le pôle multimodal et vers le centre de Fegersheim seront privilégiés. Le quartier sera desservi par deux pistes cyclables…",moyenne,"Le passage recommande de fermer relativement les façades latérales Est et Ouest des bâtiments pour des raisons acoustiques, en lien avec la voirie traversant le quartier. C'est une règle d'aménagement/orientation des bâtiments liée au bruit, donc dans le périmètre diagBruit, applicable à une zone d'OAP spécifique.",recommandation,opposable en compatibilité,lutte_bruit_existant,False,,validé,"Sur ce secteur, les questions accoustiques sontclairement identifiées comme étant centrale par le cahpitre 3.2.1 : 3.2.1. La prise en compte des nuisances Le quartier de la Niedermatt est particulièrement soumis aux nuisances liées à la présence des infrastructures de transport qui génèrent un effet de coupure, des nuisances sonores et de la pollution atmosphérique. La réussite de ce futur quartier tiendra en grande partie à la prise en compte, en amont, de ces contraintes et nuisances. Afin de limiter les impacts négatifs, il sera possible d’agir sur la composition globale (maillage des voies, ouvertures et fermetures visuelles, ...), les formes urbaines (implantation du bâti, hauteur du bâti, ...) et la programmation (localisation et répartition des différents programmes, ...). Ainsi, l'habitat devra être protégé le plus possible des nuisances de la RD 1083 (bruit et pollution de l'air) et de la voie ferrée (bruit). Au-delà des préconisations citées ci-dessus, il sera possible de recourir à des dispositifs architecturaux adaptés de type façade double peau. Les installations techniques des futurs bâtiments visant à aspirer de l'air (VMC, etc) ainsi que les éventuels jardins, balcons et terrasses seront privilégiés sur les façades qui ne sont pas orientées vers la RD 1083. Les bâtiments d'activités ou de stationnement, de plus grand gabarit, pourront jouer le rôle d'écran le long des infrastructures. "
95d3871caefe158c101a466ab9e91c5b,DU_246700488,9_246700488_orientations_amenagement_1_20260206.pdf,,occurrence_locale,zone_specifique,corrigé,Plan Local d'Urbanisme intercommunal (PLUi) EUROMETROPOLE DE STRASBOURG,"Achenheim, Bischheim, Blaesheim, Breuschwickersheim, Eckbolsheim, Eckwersheim, Entzheim, Eschau, Fegersheim, Geispolsheim, Hangenbieten, Holtzheim, Hœnheim, Illkirch-Graffenstaden, Kolbsheim, La Wantzenau, Lampertheim, Lingolsheim, Lipsheim, Mittelhausbergen, Mundolsheim, Niederhausbergen, Oberhausbergen, Oberschaeffolsheim, Osthoffen, Ostwald, Plobsheim, Reichstett, Schiltigheim, Souffelweyersheim, Strasbourg, Vendenheim, Wolfisheim",OAP,https://www.geoportail-urbanisme.gouv.fr/api/document/95d3871caefe158c101a466ab9e91c5b/files/246700488_orientations_amenagement_1_20260206.pdf,page,page 290,"OAP Intercommunale ""Aménagements paysagers aux abords de l’A35""",Les principes de cette OAP visent à renforcer les protections naturelles déjà en place contre les nuisances acoustiques et à améliorer la qualité de l’air,"…Nord de l’A 35. Les zones urbanisées d’Entzheim et de Geispolsheim se situent à quelques centaines de mètres seulement de cette infrastructure qui génère de nombreuses nuisances pour les habitants. Celles-ci sont en partie atténuées par l’environnement naturel au Nord (talus, végétation existante). Les principes de cette OAP visent à renforcer les protections naturelles déjà en place contre les nuisances acoustiques et à améliorer la qualité de l’air paysagère des abords de l’autoroute A 35. 3. PRINCIPES D’AMÉNAGEMENT Le secteur devra faire l’objet d’un traitement paysager grâce à une végétalisation comportant des plantations sur plusieurs strates (dont à minima une strate arborée). La nature des plantations devra permettre : - d’atténuer les nu…",forte,"Cette OAP définit un secteur spécifique de part et d'autre de l'A35 destiné à l'acquisition foncière pour créer des espaces végétalisés. L'objectif explicite est de renforcer les protections naturelles contre les nuisances acoustiques via un traitement paysager (végétalisation multi-strates) qui doit permettre d'atténuer les nuisances sonores. Il s'agit d'une règle autonome d'aménagement (traitement paysager anti-bruit) allant au-delà d'un simple renvoi au classement sonore ou au PEB, et concernant l'aménagement urbain (espaces végétalisés, abords de l'autoroute), donc dans le périmètre diagBruit. La portée est limitée au secteur des emplacements réservés identifié sur le plan de zonage, pas à l'ensemble du document.",recommandation,opposable en compatibilité,lutte_bruit_existant,False,,corrigé,"L'OAP Intercommunale ""Aménagements paysagers aux abords de l’A35"" insiste sur la nécéssité de renforcer les protection acoustiques naturelles existantes en utilisant des ressources naturelles et végétales"
95d3871caefe158c101a466ab9e91c5b,DU_246700488,9_246700488_orientations_amenagement_2_20260206.pdf,,occurrence_locale,zone_specifique,corrigé,Plan Local d'Urbanisme intercommunal (PLUi) EUROMETROPOLE DE STRASBOURG,"Achenheim, Bischheim, Blaesheim, Breuschwickersheim, Eckbolsheim, Eckwersheim, Entzheim, Eschau, Fegersheim, Geispolsheim, Hangenbieten, Holtzheim, Hœnheim, Illkirch-Graffenstaden, Kolbsheim, La Wantzenau, Lampertheim, Lingolsheim, Lipsheim, Mittelhausbergen, Mundolsheim, Niederhausbergen, Oberhausbergen, Oberschaeffolsheim, Osthoffen, Ostwald, Plobsheim, Reichstett, Schiltigheim, Souffelweyersheim, Strasbourg, Vendenheim, Wolfisheim",OAP,https://www.geoportail-urbanisme.gouv.fr/api/document/95d3871caefe158c101a466ab9e91c5b/files/246700488_orientations_amenagement_2_20260206.pdf,page,page 251,OAP Communale COMMUNE DE LIPSHEIM : « SECTEUR NIEDERMATT »,l'habitat devra être protégé le plus possible des nuisances de la RD 1083 (bruit et pollution de l'air) et de la voie ferrée (bruit),"…illage en aménageant le passage sous la voie ferrée, sous réserve d’études techniques complémentaires. 3.2. INTÉGRATION QUALITATIVE DE LA ZONE DANS SON ENVIRONNEMENT 3.2.1. La prise en compte des nuisances Le quartier de la Niedermatt est particulièrement soumis aux nuisances liées à la présence des l'habitat devra être protégé le plus possible des nuisances de la RD 1083 (bruit et pollution de l'air) et de la voie ferrée (bruit) bâti, ...) et la programmation (localisation et répartition des différents programmes, ...). Ainsi, l'habitat devra être protégé le plus possible des nuisances de la RD 1083 (bruit et pollution de l'air) et de la voie ferrée (bruit). Au-delà des préconisations citées ci-dessus, il sera possible de r…",forte,"Le passage recommande, pour l'aménagement du quartier de la Niedermatt, de prendre en compte les nuisances sonores liées à la RD 1083 et à la voie ferrée dès la conception urbaine (composition des voies, formes urbaines, implantation et hauteur du bâti, programmation), afin de protéger l'habitat du bruit. Il ne s'agit pas d'un simple renvoi au classement sonore mais d'une recommandation d'aménagement urbain et de conception du bâti visant à limiter l'exposition au bruit, ce qui relève du périmètre diagBruit. La règle s'applique spécifiquement au quartier de la Niedermatt, une zone identifiée sans contour administratif automatique.",recommandation,opposable en compatibilité,lutte_bruit_existant,False,,corrigé,"""Le quartier de la Niedermatt est particulièrement soumis aux nuisances liées à la présence des infrastructures de transport qui génèrent un effet de coupure, des nuisances sonores et de la pollution atmosphérique. La réussite de ce futur quartier tiendra en grande partie à la prise en compte, en amont, de ces contraintes et nuisances. Afin de limiter les impacts négatifs, il sera possible d’agir sur la composition globale (maillage des voies, ouvertures et fermetures visuelles, ...), les formes urbaines (implantation du bâti, hauteur du bâti, ...) et la programmation (localisation et répartition des différents programmes, ...). Ainsi, l'habitat devra être protégé le plus possible des nuisances de la RD 1083 (bruit et pollution de l'air) et de la voie ferrée (bruit). Au-delà des préconisations citées ci-dessus, il sera possible de recourir à des dispositifs architecturaux adaptés de type façade double peau. Les installations techniques des futurs bâtiments visant à aspirer de l'air (VMC, etc) ainsi que les éventuels jardins, balcons et terrasses seront privilégiés sur les façades qui ne sont pas orientées vers la RD 1083. Les bâtiments d'activités ou de stationnement, de plus grand gabarit, pourront jouer le rôle d'écran le long des infrastructures. "" ""Les activités économiques, de préférence industrielles, artisanales et petite logistique, seront concentrées le long des voies ferrées et au Sud du secteur, pour tirer parti de l'effet de vitrine en entrée d'agglomération et protéger le quartier de la Niedermatt sur le plan acoustique"""
5ef7415de742b3e83e90bd4ca2f8e2f0,PSMV_67482,2_67482_reglement_20230707.pdf,,occurrence_locale,administrative,validé,Plan de Sauvegarde et de Mise en Valeur (PSMV) STRASBOURG,Strasbourg,PSMV,https://www.geoportail-urbanisme.gouv.fr/api/document/5ef7415de742b3e83e90bd4ca2f8e2f0/files/67482_reglement_20230707.pdf,alinea,Article 7,PSMV,"Des modifications peuvent être autorisées dans le but de l’amélioration de l’habitabilité des locaux notamment hygiène, isolation thermique et acoustique, accessibilité, … sous conditions de ne pas altérer des éléments de valeur patrimoniale et historique.","…ppartenant à l’immeuble par nature ou destination. Leur maintien en place et leur restauration devront être assurés dans les mêmes conditions que les éléments extérieurs. Des modifications peuvent être autorisées dans le but de l’amélioration de l’habitabilité des locaux notamment hygiène, isolation Des modifications peuvent être autorisées dans le but de l’amélioration de l’habitabilité des locaux notamment hygiène, isolation thermique et acoustique, accessibilité, … sous conditions de ne pas altérer des éléments de valeur patrimoniale et historique. Les immeubles concernés ont un intérêt par la façade urbaine qu’ils constituent, leur gabarit, leur composition, leur typologie et les perspectives qu’ils encadrent. 07-52 La démolition est interdite sauf mention particulière figurant au document graphique. Les modifications autorisées contribuent à…",forte,"Le passage autorise des modifications intérieures pour améliorer l'habitabilité des locaux, notamment l'isolation acoustique, sous réserve de préserver les éléments patrimoniaux. C'est une règle liée aux bâtiments (isolation acoustique intérieure), donc dans le périmètre diagBruit, mais formulée comme une autorisation générale plutôt qu'une prescription stricte.",recommandation,opposable en conformité,autre,False,,validé,
5ef7415de742b3e83e90bd4ca2f8e2f0,PSMV_67482,3_67482_orientations_amenagement_20230707.pdf,,occurrence_locale,zone_specifique,validé,Plan de Sauvegarde et de Mise en Valeur (PSMV) STRASBOURG,Strasbourg,OAP,https://www.geoportail-urbanisme.gouv.fr/api/document/5ef7415de742b3e83e90bd4ca2f8e2f0/files/67482_orientations_amenagement_20230707.pdf,page,page 22,,"maintenir le jardin comme lieu de confort, calme, et rafraîchissement","…ncernent tant le patrimoine bâti que l’espace paysager. La dégradation du site, notamment due à l’usage du lieu néces- site de trouver aujourd’hui le bon équilibre entre usage / conservation et valorisation. Le secteur représente également un fort enjeu écologique par son rôle de poumon vert au cœur maintenir le jardin comme lieu de confort, calme, et rafraîchissement Nb : Le par cet les clôtures sont partiellement protégés au titre des monuments historiques. J Destination du site J ComPosition du ParC J Paysage et environnement  Conservation de la mission d’enseignement et de  Préservation et mise en valeur de l’esprit du lieu  Préservation et mise en valeur…",forte,"Le passage évoque la préservation du jardin comme 'lieu de confort, calme, et rafraîchissement', ce qui constitue une recommandation de préservation d'une zone calme dans le cadre d'une OAP sur un site patrimonial précis (jardin/parc), donc à portée géométrique spécifique et non un simple renvoi au classement sonore ou au PEB.",recommandation,opposable en compatibilité,preservation_zone_calme,False,,validé,
5ef7415de742b3e83e90bd4ca2f8e2f0,PSMV_67482,4_67482_orientations_amenagement_20230707.pdf,,occurrence_locale,zone_specifique,validé,Plan de Sauvegarde et de Mise en Valeur (PSMV) STRASBOURG,Strasbourg,OAP,https://www.geoportail-urbanisme.gouv.fr/api/document/5ef7415de742b3e83e90bd4ca2f8e2f0/files/67482_orientations_amenagement_20230707.pdf,page,page 26,"PSMV ""abords de la Cathédrale""",Améliorer le confort sonore par l’introduction de végétal.,"….  Interdire l’accessibilité des véhicules et le station- en valeur. La fréquentation touristique importante du lieu induit nement. de nombreuses terrasses et espaces extérieurs des com- L’espace doit rester prioritairement voué aux déplace- merces sur l’espace public. Il est important de cadrer et Améliorer le confort sonore par l’introduction de végétal. végétal. Le maintien d’un espace dégagé offre la possibilité de créer un marché, ce qui permet, à la fois de retrouver une vocation historique de la place mais aussi, pour les habi- tants et riverains, de se la réapproprier.  Intégrer des éléments urbains de confort ou de multiservice tout en limit…",moyenne,"Le passage évoque une recommandation d'aménagement urbain visant à 'améliorer le confort sonore par l'introduction de végétal' sur une place publique spécifique. Il ne s'agit pas d'un renvoi au classement sonore ou au PEB, mais d'une règle autonome propre à l'OAP concernant cet espace particulier. La formulation est cependant coupée entre le passage et le contexte après, ce qui limite la clarté de l'extrait.",recommandation,opposable en compatibilité,autre,False,,validé,"Le PSMV recommande d'""Améliorer le confort sonore par l’introduction de végétal"", attention, concrètement cela peut etre complexe"
5ef7415de742b3e83e90bd4ca2f8e2f0,PSMV_67482,4_67482_reglement_20230707.pdf,,occurrence_locale,administrative,validé,Plan de Sauvegarde et de Mise en Valeur (PSMV) STRASBOURG,Strasbourg,PSMV,https://www.geoportail-urbanisme.gouv.fr/api/document/5ef7415de742b3e83e90bd4ca2f8e2f0/files/67482_reglement_20230707.pdf,alinea,Article 4,PSMV,Le remplacement d’une menuiserie est autorisé à l’identique des dispositions historiques et en cohérence avec la datation de la façade : • en raison de l’état de dégradation de la menuiserie existante et du besoin d’amélioration thermique et acoustique,"…menuiserie sont : lexique annexé • La modification d’une porte sur gonds pour repose dans un cadre dans le cas d’absence de dégagement formant un sas thermique. Le cadre dormant devra être le plus discret possible. • La modification pour motorisation. Les dispositifs de motorisation sont dissimulés. Le remplacement d’une menuiserie est autorisé à l’identique des dispositions historiques et en cohérence avec la datation de la façade : • en raison de l’état de dégradation de la menuiserie existante et du besoin d’amélioration thermique et acoustique • pour restituer un état historique connu afin de requalifier une façade, notamment une double menuiserie extérieure, ou intérieure. La restitution du matériau, du dessin et des profils des dispositions historiques est imposée. Création de menuiserie La création d’une menuiserie est autorisée : • po…",forte,"Le passage autorise le remplacement d'une menuiserie ancienne à l'identique en cas de besoin d'amélioration acoustique, ce qui constitue une règle relative aux bâtiments (menuiseries) et à leur isolement phonique, dans le périmètre diagBruit. Il ne s'agit pas d'un renvoi au classement sonore ou au PEB, mais d'une prescription patrimoniale propre au PSMV encadrant les travaux d'amélioration acoustique des menuiseries.",prescription,opposable en conformité,autre,False,,validé,
5ef7415de742b3e83e90bd4ca2f8e2f0,PSMV_67482,5_67482_reglement_20230707.pdf,,occurrence_locale,administrative,validé,Plan de Sauvegarde et de Mise en Valeur (PSMV) STRASBOURG,Strasbourg,PSMV,https://www.geoportail-urbanisme.gouv.fr/api/document/5ef7415de742b3e83e90bd4ca2f8e2f0/files/67482_reglement_20230707.pdf,alinea,Article 4,,"pour l’amélioration thermique et acoustique du bâtiment, par la pose d’une double menuiserie intérieure (porte ou fenêtre)","…ité et le remplacement de verre. Remplacement Le remplacement d’une menuiserie est autorisé à l’identique des dispositions historiques et en cohérence avec la datation de la façade : • en raison de l’état de dégradation de la menuiserie existante et du besoin d’amélioration thermique et acoustique ; pour l’amélioration thermique et acoustique du bâtiment, par la pose d’une double menuiserie intérieure (porte ou fenêtre) conditions de ne pas dégrader ou supprimer des décors intérieurs. Le dessin de la menuiserie neuve doit être cohérent avec celui de la menuiserie extérieure. • pour l’amélioration thermique du bâtiment par la pose d’une double menuiserie extérieure selon un modèle historique et appliqué sur toutes l…",totale,"Le passage autorise la création de menuiseries (double menuiserie intérieure ou extérieure) pour l'amélioration acoustique du bâtiment, dans le cadre d'un règlement PSMV sur les modifications de façades. Cette règle concerne bien les bâtiments (menuiseries) et non une infrastructure de transport, elle relève donc pleinement du périmètre diagBruit avec une confiance forte à totale.",prescription,opposable en conformité,autre,False,,validé,
5ef7415de742b3e83e90bd4ca2f8e2f0,PSMV_67482,6_67482_reglement_20230707.pdf,,occurrence_locale,administrative,validé,Plan de Sauvegarde et de Mise en Valeur (PSMV) STRASBOURG,Strasbourg,PSMV,https://www.geoportail-urbanisme.gouv.fr/api/document/5ef7415de742b3e83e90bd4ca2f8e2f0/files/67482_reglement_20230707.pdf,alinea,Article 4,,"Le remplacement et la modification peuvent être autorisés pour mise aux normes vis-à-vis de la sécurité du public, de l’amélioration thermique et acoustique, dans le respect de la composition architecturale*, des matériaux et des dispositions décoratives et structurelles historiques.","…nt correspondre aux dispositions historiques. 1.5 Ouvrage en surplomb * Les ouvrages en surplomb* des immeubles de type A (07-50), B (07-52) et sur les façades protégées (07-53) sont conservés et restaurés. La restitution est autorisée selon des dispositions structurelles et décoratives historiques. Le remplacement et la modification peuvent être autorisés pour mise aux normes vis-à-vis de la sécurité du public, de l’amélioration thermique et acoustique, dans le respect de la composition architecturale*, des matériaux et des dispositions décoratives et structurelles historiques. d’origine de la construction de l’ouvrage, est imposée. 1.5.1 Balcons Modification des balcons existants Sont autorisées, sur les immeubles de type A (07-50) et sur les façades protégées (07-53) en cohérence avec la composition architecturale* et les dispositions historiques : • La réalisation d’une…",forte,"Le passage autorise le remplacement/modification d'ouvrages en surplomb (balcons, éléments de façade) pour mise aux normes en matière d'amélioration acoustique, sous réserve de respecter la composition architecturale historique. C'est une règle liée à l'amélioration acoustique des bâtiments existants, dans le périmètre diagBruit, applicable à l'ensemble du document (pas de zone spécifique mentionnée).",prescription,opposable en conformité,autre,False,,validé,
5ef7415de742b3e83e90bd4ca2f8e2f0,PSMV_67482,7_67482_reglement_20230707.pdf,,occurrence_locale,administrative,validé,Plan de Sauvegarde et de Mise en Valeur (PSMV) STRASBOURG,Strasbourg,PSMV,https://www.geoportail-urbanisme.gouv.fr/api/document/5ef7415de742b3e83e90bd4ca2f8e2f0/files/67482_reglement_20230707.pdf,alinea,Article 4,,Le remplacement des profils et des verres pour une amélioration thermique et acoustique est autorisé selon les dispositions historiques.,"…res dont la surface est supérieure à 1 m² sont redivisées par un ou plusieurs petits bois dans le sens de la plus grande longueur. Le verre est transparent et incolore. Les verrières des immeubles de type A (07-50) et B (07-52) sont conservées ou restaurées conformément aux dispositions historiques. Le remplacement des profils et des verres pour une amélioration thermique et acoustique est autorisé selon les dispositions historiques. Les descentes d’eaux pluviales sont disposées aux extrémités des façades ou selon un rythme respectant la composition architecturale* de la façade. Les boîtes à eau* en façade sont autorisées, s’il s’agit d’une disposition historique. Les dauphins* en partie basse sont en fonte et peints dans le ton…",forte,"Le passage autorise le remplacement des profils et des verres des menuiseries pour une amélioration acoustique (en plus de thermique), sous réserve du respect des dispositions historiques. Ceci concerne des bâtiments existants (immeubles protégés au PSMV) et relève donc bien du périmètre diagBruit, il s'agit d'une règle autonome relative à l'isolation acoustique des façades, non liée au classement sonore ou au PEB.",prescription,opposable en conformité,autre,False,,validé,
