id_gpu,id_occurrence,nom_document,communes,type_piece_source,lien_web_document,reference_type,reference_precise,zone_reglementaire_mentionnee,portee_geometrique,extrait_significatif,contexte_documentaire,confiance_extrait,justification,nature_occurrence,nature_juridique_piece,nature_sonore_zone,statut_verification,ocr_utilise,ocr_confiance,priorite,validation_manuelle_statut,validation_manuelle_commentaire
95d3871caefe158c101a466ab9e91c5b,1_246700488_padd_20260206.pdf,Plan Local d'Urbanisme intercommunal (PLUi) EUROMETROPOLE DE STRASBOURG,"Achenheim, Bischheim, Blaesheim, Breuschwickersheim, Eckbolsheim, Eckwersheim, Entzheim, Eschau, Fegersheim, Geispolsheim, Hangenbieten, Holtzheim, Hœnheim, Illkirch-Graffenstaden, Kolbsheim, La Wantzenau, Lampertheim, Lingolsheim, Lipsheim, Mittelhausbergen, Mundolsheim, Niederhausbergen, Oberhausbergen, Oberschaeffolsheim, Osthoffen, Ostwald, Plobsheim, Reichstett, Schiltigheim, Souffelweyersheim, Strasbourg, Vendenheim, Wolfisheim",PADD,https://www.geoportail-urbanisme.gouv.fr/api/document/95d3871caefe158c101a466ab9e91c5b/files/246700488_padd_20260206.pdf,page,page 9,,administrative,"les risques pour la santé publique (la qualité de l'eau, celle de l'air, les nuisances sonores et le traitement des déchets)","…urbains remarquables comme ceux compris dans le périmètre du Plan de Sauvegarde et de Mise en Valeur de Strasbourg mais aussi, plus généralement, ceux représentatifs d'une urbanisation traditionnelle ; • Garantir la qualité paysagère et du bâti des entrées de ville et préserver les éléments majeurs les risques pour la santé publique (la qualité de l'eau, celle de l'air, les nuisances sonores et le traitement des déchets) œuvre de celui-ci, dont bon nombre concerne l'agglomération strasbourgeoise. L'élaboration du PLU métropolitain s'inscrit en outre dans le même temps que certaines évolutions du SCOTERS. Celui-ci a notamment lancé des réflexions pour élaborer un volet traitant de l'aménagement commercial. Ces élémen…",faible,"Le passage mentionne, dans une liste très générale d'objectifs du SCOTERS, la prévention des risques pour la santé publique incluant les nuisances sonores. Il s'agit d'une orientation très générale et peu précise, sans définition d'une règle concrète, d'un zonage ou d'une mesure d'isolement particulière. La confiance est donc faible car le passage est une simple énumération d'intentions générales, difficile à traduire en prescription opérationnelle claire.",recommandation,non opposable,lutte_bruit_existant,validé,False,,3,rejeté,trop vague
95d3871caefe158c101a466ab9e91c5b,5_246700488_orientations_amenagement_1_20260206.pdf,Plan Local d'Urbanisme intercommunal (PLUi) EUROMETROPOLE DE STRASBOURG,"Achenheim, Bischheim, Blaesheim, Breuschwickersheim, Eckbolsheim, Eckwersheim, Entzheim, Eschau, Fegersheim, Geispolsheim, Hangenbieten, Holtzheim, Hœnheim, Illkirch-Graffenstaden, Kolbsheim, La Wantzenau, Lampertheim, Lingolsheim, Lipsheim, Mittelhausbergen, Mundolsheim, Niederhausbergen, Oberhausbergen, Oberschaeffolsheim, Osthoffen, Ostwald, Plobsheim, Reichstett, Schiltigheim, Souffelweyersheim, Strasbourg, Vendenheim, Wolfisheim",OAP,https://www.geoportail-urbanisme.gouv.fr/api/document/95d3871caefe158c101a466ab9e91c5b/files/246700488_orientations_amenagement_1_20260206.pdf,page,page 242,,zone_specifique,"en cas d'opportunité ou de requalification de l'autoroute A35 ou des voies ferrées, réduire les emprises des bretelles d'accès, améliorer les passages sous les ouvrages, et réduire les nuisances sonores et olfactives","…listes nécessaires pour s'affranchir des coupures générées par les cours d'eau et les infrastructures de transport ; - aménager et requalifier les espaces publics au droit des principaux accès au territoire Ill-Bruche : Porte des Romains, Porte de Schirmeck, Porte de la Meinau, Porte de l'Ill, Porte en cas d'opportunité ou de requalification de l'autoroute A35 ou des voies ferrées, réduire les emprises des bretelles d'accès, améliorer les passages sous les ouvrages, et réduire les nuisances sonores et olfactives les commerces de proximité et les activités artisanales ou tertiaires. • Maintenir des activités agricoles diversifiées (jardins familiaux, jardins partagés, agriculture maraîchère, pâturage,…) en permettant la présence de services annexes (surfaces constructibles associées, auvent, serres, points d…",faible,"Le passage évoque la réduction des nuisances sonores en cas de requalification de l'autoroute A35 ou des voies ferrées, mais cette recommandation concerne principalement l'infrastructure de transport elle-même (bretelles d'accès, passages sous ouvrages) plutôt que les bâtiments ou l'urbanisation à proximité. C'est pourquoi la confiance est faible malgré le maintien du statut retenu=true, conformément à la consigne sur les règles ne concernant que l'infrastructure. La portée est géométriquement limitée aux abords de l'A35 et des voies ferrées concernées, donc zone_specifique.",recommandation,opposable en compatibilité,lutte_bruit_existant,validé,False,,3,rejeté,concerne les routes
95d3871caefe158c101a466ab9e91c5b,2_246700488_padd_20260206.pdf,Plan Local d'Urbanisme intercommunal (PLUi) EUROMETROPOLE DE STRASBOURG,"Achenheim, Bischheim, Blaesheim, Breuschwickersheim, Eckbolsheim, Eckwersheim, Entzheim, Eschau, Fegersheim, Geispolsheim, Hangenbieten, Holtzheim, Hœnheim, Illkirch-Graffenstaden, Kolbsheim, La Wantzenau, Lampertheim, Lingolsheim, Lipsheim, Mittelhausbergen, Mundolsheim, Niederhausbergen, Oberhausbergen, Oberschaeffolsheim, Osthoffen, Ostwald, Plobsheim, Reichstett, Schiltigheim, Souffelweyersheim, Strasbourg, Vendenheim, Wolfisheim",PADD,https://www.geoportail-urbanisme.gouv.fr/api/document/95d3871caefe158c101a466ab9e91c5b/files/246700488_padd_20260206.pdf,page,page 22,,administrative,"les espaces naturels jouent un double rôle : • un rôle d'amélioration du cadre de vie, offrant aux habitants des espaces de calme, de respiration, des espaces de loisirs et de récréation, ou d'interface avec la nature en ville","…traverse la métropole du Sud au Nord et d'Ouest en Est, à proximité des espaces urbains les plus denses. Plus encore que sa préservation, c'est son renforcement qui est recherché dans le projet de territoire. En effet, au-delà des enjeux de maintien de la biodiversité, les espaces naturels jouent un les espaces naturels jouent un double rôle : • un rôle d'amélioration du cadre de vie, offrant aux habitants des espaces de calme, de respiration, des espaces de loisirs et de récréation, ou d'interface avec la nature en ville du projet de territoire. Elle joue un rôle central dans la mise en œuvre d'une métropole des proximités. Plan Local d’Urbanisme PADD SEPTEMBRE 2019 Eurométropole de Strasbourg",moyenne,"Le passage évoque le rôle des espaces naturels comme espaces de calme pour les habitants, ce qui relève de la préservation de zones calmes dans le cadre de vie urbain. Il s'agit d'une orientation générale du PADD sans zone géographique délimitée précisément, donc portée administrative.",recommandation,non opposable,preservation_zone_calme,validé,False,,13,rejeté,trop général
95d3871caefe158c101a466ab9e91c5b,3_246700488_padd_20260206.pdf,Plan Local d'Urbanisme intercommunal (PLUi) EUROMETROPOLE DE STRASBOURG,"Achenheim, Bischheim, Blaesheim, Breuschwickersheim, Eckbolsheim, Eckwersheim, Entzheim, Eschau, Fegersheim, Geispolsheim, Hangenbieten, Holtzheim, Hœnheim, Illkirch-Graffenstaden, Kolbsheim, La Wantzenau, Lampertheim, Lingolsheim, Lipsheim, Mittelhausbergen, Mundolsheim, Niederhausbergen, Oberhausbergen, Oberschaeffolsheim, Osthoffen, Ostwald, Plobsheim, Reichstett, Schiltigheim, Souffelweyersheim, Strasbourg, Vendenheim, Wolfisheim",PADD,https://www.geoportail-urbanisme.gouv.fr/api/document/95d3871caefe158c101a466ab9e91c5b/files/246700488_padd_20260206.pdf,page,page 42,,administrative,Ces infrastructures de trans- ports et de déplacements définissent des secteurs contraignants en termes d'isolation acoustique des- tinés à réduire l'exposition des habitants.,"…de la voie EDF située en bordure du Rhin. Cet accès est sécurisé et réservé à la desserte du Port, pour dimi- nuer le trafic poids lourds au niveau de la route du Rhin, ayant pour origine et destination le port autonome. Cet aménagement devra tenir compte des sensibilités environnementales liées aux Ces infrastructures de trans- ports et de déplacements définissent des secteurs contraignants en termes d'isolation acoustique des- tinés à réduire l'exposition des habitants. Orientation n°4 : garantir la qualité de l'eau La protection du réseau d'approvisionnement en eau potable est assurée par la diversification des pompages et interconnectée par un maillage, de façon à sécuriser la distribution et à répondre aux besoins actuels et futurs. Dans les secteurs de captage…",moyenne,"Le PADD identifie l'aéroport, les infrastructures ferroviaires et les principaux axes routiers comme sources de nuisances sonores et évoque des secteurs contraignants en termes d'isolation acoustique visant à réduire l'exposition des habitants. Bien que cela évoque le classement sonore/PEB, la formulation reste vague et générale, à valeur d'orientation stratégique plutôt que de prescription précise ; elle ne définit pas de zone géométrique propre ni de règle d'isolement chiffrée, donc s'applique par défaut à l'ensemble du territoire. Le contenu concerne l'exposition des habitants (donc des bâtiments), ce qui relève bien du périmètre diagBruit.",recommandation,non opposable,lutte_bruit_existant,validé,False,,13,rejeté,C'est le classement sonore
95d3871caefe158c101a466ab9e91c5b,1_246700488_orientations_amenagement_1_20260206.pdf,Plan Local d'Urbanisme intercommunal (PLUi) EUROMETROPOLE DE STRASBOURG,"Achenheim, Bischheim, Blaesheim, Breuschwickersheim, Eckbolsheim, Eckwersheim, Entzheim, Eschau, Fegersheim, Geispolsheim, Hangenbieten, Holtzheim, Hœnheim, Illkirch-Graffenstaden, Kolbsheim, La Wantzenau, Lampertheim, Lingolsheim, Lipsheim, Mittelhausbergen, Mundolsheim, Niederhausbergen, Oberhausbergen, Oberschaeffolsheim, Osthoffen, Ostwald, Plobsheim, Reichstett, Schiltigheim, Souffelweyersheim, Strasbourg, Vendenheim, Wolfisheim",OAP,https://www.geoportail-urbanisme.gouv.fr/api/document/95d3871caefe158c101a466ab9e91c5b/files/246700488_orientations_amenagement_1_20260206.pdf,page,page 120,zone de vigilance Air (plan Vigilance),zone_specifique,"les prescriptions sur l’air ont un effet collatéral sur la réduction de l’exposition au bruit, ce qui représente un autre objectif affirmé du dispositif","…le l’amélioration du bien-être, et du cadre de vie des habitants et usagers de la métropole. Le volet Air de l’OAP s’inscrit, en complément des dispositions énoncées au règlement écrit, dans une démarche visant à rechercher en priorité l’évitement des incidences de la pollution de l’air intérieur et les prescriptions sur l’air ont un effet collatéral sur la réduction de l’exposition au bruit, ce qui représente un autre objectif affirmé du dispositif stratégique Air élaborée et mise à jour par ATMO Grand-Est ainsi que sur la cartographie de la hiérarchisation du réseau viaire du PLU, et propose trois niveaux d’enjeux : Les zones en dépassements réglementaires et en dépassements réglementaires potentiels, regroupées sous l’appellation « zone de d…",moyenne,"Le passage décrit le volet Air de l'OAP qui, en réduisant la pollution atmosphérique, a un effet collatéral positif sur la réduction de l'exposition au bruit dans les zones identifiées par la cartographie du plan Vigilance. Il ne s'agit pas d'un simple renvoi au classement sonore ou au PEB, mais d'une démarche propre au document d'urbanisme visant à réduire le bruit via les principes d'aménagement Air, applicables sur une zone spécifique cartographiée (plan Vigilance). La règle concerne bien l'aménagement urbain et non uniquement une infrastructure de transport, donc le périmètre diagBruit est concerné, mais la formulation reste peu précise sur le contenu concret de la prescription liée au bruit lui-même, d'où une confiance modérée.",recommandation,opposable en compatibilité,lutte_bruit_existant,validé,False,,13,rejeté,Il n'y a pas de regles : ça dt juste que ce qui touche à l'air touche au bruit
95d3871caefe158c101a466ab9e91c5b,22_246700488_orientations_amenagement_2_20260206.pdf,Plan Local d'Urbanisme intercommunal (PLUi) EUROMETROPOLE DE STRASBOURG,"Achenheim, Bischheim, Blaesheim, Breuschwickersheim, Eckbolsheim, Eckwersheim, Entzheim, Eschau, Fegersheim, Geispolsheim, Hangenbieten, Holtzheim, Hœnheim, Illkirch-Graffenstaden, Kolbsheim, La Wantzenau, Lampertheim, Lingolsheim, Lipsheim, Mittelhausbergen, Mundolsheim, Niederhausbergen, Oberhausbergen, Oberschaeffolsheim, Osthoffen, Ostwald, Plobsheim, Reichstett, Schiltigheim, Souffelweyersheim, Strasbourg, Vendenheim, Wolfisheim",OAP,https://www.geoportail-urbanisme.gouv.fr/api/document/95d3871caefe158c101a466ab9e91c5b/files/246700488_orientations_amenagement_2_20260206.pdf,page,page 448,,zone_specifique,"La localisation des programmations participe également à la création d'un territoire apaisé (nuisances sonores, accessibilité).","…ouverture vers le parc, gestion des limites, projet paysager).  Un territoire apaisé Entouré par des réseaux de flux structurants et bruyants, le cœur du site se veut apaisé et ouvert sur les espaces verts et le canal. Pour ce faire, la place de la voiture est fortement limitée afin de favoriser au La localisation des programmations participe également à la création d'un territoire apaisé (nuisances sonores, accessibilité). - 383 -  Un quartier mixte D'une surface de près de 24 hectares, le Heyritz est à l'interface entre plusieurs territoires (hôpital civil, Neudorf Schluthfeld, RN4/entrée de ville, secteur Deux Rives, PNU Bruche). Le développement urbain se structure autour du parc public du Heyritz qui est le lien…",moyenne,"Le passage évoque la nécessité de limiter la place de la voiture et de concentrer les circulations automobiles en périphérie, ainsi que la localisation des programmations, dans le but explicite de créer un 'territoire apaisé' incluant la gestion des 'nuisances sonores'. Cette orientation d'aménagement urbain relève bien du périmètre diagBruit (organisation spatiale des usages pour limiter le bruit à proximité des bâtiments), mais elle est formulée de façon assez générale et rattachée à un secteur d'OAP spécifique (site du Heyritz), donc portée géométrique zone_specifique.",recommandation,opposable en compatibilité,lutte_bruit_existant,validé,False,,13,rejeté,doublon avec occurence précédente
95d3871caefe158c101a466ab9e91c5b,3_246700488_orientations_amenagement_1_20260206.pdf,Plan Local d'Urbanisme intercommunal (PLUi) EUROMETROPOLE DE STRASBOURG,"Achenheim, Bischheim, Blaesheim, Breuschwickersheim, Eckbolsheim, Eckwersheim, Entzheim, Eschau, Fegersheim, Geispolsheim, Hangenbieten, Holtzheim, Hœnheim, Illkirch-Graffenstaden, Kolbsheim, La Wantzenau, Lampertheim, Lingolsheim, Lipsheim, Mittelhausbergen, Mundolsheim, Niederhausbergen, Oberhausbergen, Oberschaeffolsheim, Osthoffen, Ostwald, Plobsheim, Reichstett, Schiltigheim, Souffelweyersheim, Strasbourg, Vendenheim, Wolfisheim",OAP,https://www.geoportail-urbanisme.gouv.fr/api/document/95d3871caefe158c101a466ab9e91c5b/files/246700488_orientations_amenagement_1_20260206.pdf,page,page 123,,administrative,la prise en compte des enjeux liés à la qualité de l’air et au bruit devront être justifiés dans le projet en termes d’aménagement global et/ou de conception des bâtiments,"…rmet également d’optimiser l’ensoleillement et de réduire les îlots de chaleur urbain (cf. chapitre suivant). Ces principes devront être abordés dès le stade de la conception du projet, quand la configuration de l’unité foncière le permet et sans toutefois rompre l’ordonnancement urbain préexistant. la prise en compte des enjeux liés à la qualité de l’air et au bruit devront être justifiés dans le projet en termes d’aménagement global et/ou de conception des bâtiments -66 f - PRINCIPES D’AMÉNAGEMENT CONCERNANT L’ADAPTATION AU CHANGEMENT CLIMATIQUE Principes concernant les espaces de respiration au sein des projets 1. INTRODUCTION / CONTEXTE L’Alsace est particulièrement sensible à deux facteurs : les canicules et les épisodes de pollution à l’ozone, entrainant no…",forte,"Le passage impose que la prise en compte du bruit soit justifiée dans le projet, en termes d'aménagement global et/ou de conception des bâtiments. Cela concerne directement les projets de construction et d'aménagement urbain, donc pleinement dans le périmètre diagBruit. La règle s'applique sans délimitation géographique spécifique, donc portée administrative (ensemble du document).",prescription,opposable en compatibilité,autre,validé,False,,23,rejeté,
95d3871caefe158c101a466ab9e91c5b,7_246700488_orientations_amenagement_1_20260206.pdf,Plan Local d'Urbanisme intercommunal (PLUi) EUROMETROPOLE DE STRASBOURG,"Achenheim, Bischheim, Blaesheim, Breuschwickersheim, Eckbolsheim, Eckwersheim, Entzheim, Eschau, Fegersheim, Geispolsheim, Hangenbieten, Holtzheim, Hœnheim, Illkirch-Graffenstaden, Kolbsheim, La Wantzenau, Lampertheim, Lingolsheim, Lipsheim, Mittelhausbergen, Mundolsheim, Niederhausbergen, Oberhausbergen, Oberschaeffolsheim, Osthoffen, Ostwald, Plobsheim, Reichstett, Schiltigheim, Souffelweyersheim, Strasbourg, Vendenheim, Wolfisheim",OAP,https://www.geoportail-urbanisme.gouv.fr/api/document/95d3871caefe158c101a466ab9e91c5b/files/246700488_orientations_amenagement_1_20260206.pdf,page,page 270,,administrative,"terrestre feront l’objet de dispositifs s’isolation acoustique. 3.2. LES PRINCIPES D’AMÉNAGEMENT PAR SECTEUR Modernisation et restructuration des secteurs dédiés aux activités commerciales • Les plans ci-après représentent les trois secteurs commerciaux existants qui ont vocation à être restructurés : homogénéisation du traitement des façades, travail sur l'alignement, mutualisation des parcs de stationnements, création de cheminements piétons, travail","…Prendre en compte les nuisances acoustiques - les installations techniques des futurs bâtiments visant à aspirer de l’air (VMC) ne pourront pas être implantées sur les façades donnant sur l’A4 et sur la RD 63, - les constructions situées dans les zones de bruit liées aux infrastructures de transport terrestre feront l’objet de dispositifs s’isolation acoustique. 3.2. LES PRINCIPES D’AMÉNAGEMENT PAR SECTEUR Modernisation et restructuration des secteurs dédiés aux activités commerciales • Les plans ci-après représentent les trois secteurs commerciaux existants qui ont vocation à être restructurés : homogénéisation du traitement des façades, travail sur l'alignement, mutualisation des parcs de stationnements, création de cheminements piétons, travail paysager pour le développement d'espaces végétalisés, etc. Plan Local d’Urbanisme OAP MÉTROPOLITAINES SEPTEMBRE 2019 Zone Commerciale Nord Eurométropole de Strasbourg",forte,"Le passage (dont la phrase commence dans le contexte avant) impose que les constructions situées dans les zones de bruit liées aux infrastructures de transport terrestre fassent l'objet de dispositifs d'isolation acoustique. Il s'agit d'une prescription visant les bâtiments eux-mêmes (pas l'infrastructure), donc pleinement dans le périmètre diagBruit. Ce n'est pas un simple renvoi au classement sonore : la règle est formulée comme une prescription autonome du document d'urbanisme visant toutes les constructions concernées, sans limite spatiale propre au-delà du périmètre du document, d'où une portée administrative.",prescription,opposable en compatibilité,lutte_bruit_existant,validé,False,,23,rejeté,traité dans l'occurence précédente
95d3871caefe158c101a466ab9e91c5b,8_246700488_orientations_amenagement_1_20260206.pdf,Plan Local d'Urbanisme intercommunal (PLUi) EUROMETROPOLE DE STRASBOURG,"Achenheim, Bischheim, Blaesheim, Breuschwickersheim, Eckbolsheim, Eckwersheim, Entzheim, Eschau, Fegersheim, Geispolsheim, Hangenbieten, Holtzheim, Hœnheim, Illkirch-Graffenstaden, Kolbsheim, La Wantzenau, Lampertheim, Lingolsheim, Lipsheim, Mittelhausbergen, Mundolsheim, Niederhausbergen, Oberhausbergen, Oberschaeffolsheim, Osthoffen, Ostwald, Plobsheim, Reichstett, Schiltigheim, Souffelweyersheim, Strasbourg, Vendenheim, Wolfisheim",OAP,https://www.geoportail-urbanisme.gouv.fr/api/document/95d3871caefe158c101a466ab9e91c5b/files/246700488_orientations_amenagement_1_20260206.pdf,page,page 279,secteur autour du giratoire,zone_specifique,"Intégrer les différentes nuisances du site pour proposer des solutions urbaines, paysagères et architecturales permettant la cohabitation avec du logement : route de Strasbourg (RD 263 : qualité d'air et pollution sonore), autoroutes (qualité d'air et pollution sonore), voie ferrée à l'ouest (pollution sonore)","…r du giratoire (traitement et programmation des rez-de-chaussée : pas de logements mono-orientés vers la route, aucun logement en rez-de-chaussée autour du giratoire, pas de locaux techniques ou de murs aveugles…). - Privilégier l'implantation de commerces et services de proximité en rez-de-chaussée Intégrer les différentes nuisances du site pour proposer des solutions urbaines, paysagères et architecturales permettant la cohabitation avec du logement : route de Strasbourg (RD 263 : qualité d'air et pollution sonore), autoroutes (qualité d'air et pollution sonore), voie ferrée à l'ouest (pollution sonore) qualitatives). Cette contextualisation implique également une organisation des logements et un traitement des façades et prolongements extérieurs spécifiques. - Limiter les conflits de cohabitation avec les locaux d'activités existants et intégrer leurs contraintes fonctionnelles (éléments technique…",forte,"Le passage recommande d'intégrer les nuisances sonores (route de Strasbourg, autoroutes, voie ferrée) dans la conception urbaine, paysagère et architecturale des futurs logements autour du giratoire (organisation des logements, traitement des façades). Il ne s'agit pas d'un simple renvoi au classement sonore mais d'une exigence de conception urbaine et architecturale intégrant le bruit comme critère, ce qui va au-delà de l'isolement acoustique standard. La règle concerne un secteur géographique précis (autour du giratoire) et non l'ensemble du document.",recommandation,opposable en compatibilité,lutte_bruit_existant,validé,False,,23,rejeté,traité dans l'occurence précédente
95d3871caefe158c101a466ab9e91c5b,10_246700488_orientations_amenagement_1_20260206.pdf,Plan Local d'Urbanisme intercommunal (PLUi) EUROMETROPOLE DE STRASBOURG,"Achenheim, Bischheim, Blaesheim, Breuschwickersheim, Eckbolsheim, Eckwersheim, Entzheim, Eschau, Fegersheim, Geispolsheim, Hangenbieten, Holtzheim, Hœnheim, Illkirch-Graffenstaden, Kolbsheim, La Wantzenau, Lampertheim, Lingolsheim, Lipsheim, Mittelhausbergen, Mundolsheim, Niederhausbergen, Oberhausbergen, Oberschaeffolsheim, Osthoffen, Ostwald, Plobsheim, Reichstett, Schiltigheim, Souffelweyersheim, Strasbourg, Vendenheim, Wolfisheim",OAP,https://www.geoportail-urbanisme.gouv.fr/api/document/95d3871caefe158c101a466ab9e91c5b/files/246700488_orientations_amenagement_1_20260206.pdf,page,page 290,Secteur d'OAP aux abords de l'A35 (Entzheim/Geispolsheim),zone_specifique,La nature des plantations devra permettre : - d’atténuer les nuisances sonores vis-à-vis des zones urbanisées d’Entzheim et de Geispolsheim,"…la création d’espaces végétalisés contribuant aux continuités écologiques de part et d’autre de l’A35. Les principes de cette OAP visent à renforcer les protections naturelles déjà en place contre les nuisances acoustiques et à améliorer la qualité de l’air, même partiellement, ainsi que la qualité La nature des plantations devra permettre : - d’atténuer les nuisances sonores vis-à-vis des zones urbanisées d’Entzheim et de Geispolsheim l’infrastructure. Les ensembles arborés et arbustifs existants, en particulier ceux identifiés sur le schéma ci-après doivent être préservés et si possibles renforcés. Les chemins d’exploitation existants devront être maintenus de manière à continuer à desservir les parcelles agricoles. Plan Local d…",forte,"Le passage impose un traitement paysager végétalisé dont l'un des objectifs explicites est d'atténuer les nuisances sonores de l'A35 vis-à-vis des zones urbanisées voisines. Il s'agit d'une prescription d'aménagement urbain (OAP) autonome, non liée au classement sonore réglementaire, et qui vise la protection des zones urbanisées, donc bien dans le périmètre diagBruit. La règle s'applique à un secteur spécifique de l'OAP, pas à l'ensemble du document.",prescription,opposable en compatibilité,lutte_bruit_existant,validé,False,,23,rejeté,traité par la préco précédente
95d3871caefe158c101a466ab9e91c5b,13_246700488_orientations_amenagement_1_20260206.pdf,Plan Local d'Urbanisme intercommunal (PLUi) EUROMETROPOLE DE STRASBOURG,"Achenheim, Bischheim, Blaesheim, Breuschwickersheim, Eckbolsheim, Eckwersheim, Entzheim, Eschau, Fegersheim, Geispolsheim, Hangenbieten, Holtzheim, Hœnheim, Illkirch-Graffenstaden, Kolbsheim, La Wantzenau, Lampertheim, Lingolsheim, Lipsheim, Mittelhausbergen, Mundolsheim, Niederhausbergen, Oberhausbergen, Oberschaeffolsheim, Osthoffen, Ostwald, Plobsheim, Reichstett, Schiltigheim, Souffelweyersheim, Strasbourg, Vendenheim, Wolfisheim",OAP,https://www.geoportail-urbanisme.gouv.fr/api/document/95d3871caefe158c101a466ab9e91c5b/files/246700488_orientations_amenagement_1_20260206.pdf,page,page 312,,zone_specifique,"En complément des exigences d’isolation phonique des constructions, la composition globale ainsi que les formes urbaines (implantation et hauteur du bâti) pourront également être conçues de manière à limiter les nuisances sonores.","…antes qui devront être pérennisées, notamment à l'Ouest et au Sud. 3.1.2. Prise en compte des nuisances Cette zone est, en partie, concernée par des nuisances sonores liées à la présence de la voie ferrée à l'Est de la rue du Dépôt, au-delà des voies de stockage des véhicules ferroviaires. Le projet En complément des exigences d’isolation phonique des constructions, la composition globale ainsi que les formes urbaines (implantation et hauteur du bâti) pourront également être conçues de manière à limiter les nuisances sonores. traitement végétalisé des franges comportant au minimum deux strates végétales (arborées, arbustives ou herbacées) constituées d'essences locales. La frange Ouest devra avoir une épaisseur d’environ 5 mètres. Plan Local d’Urbanisme OAP INTERCOMMUNALES SEPTEMBRE 2019 Mundolsheim / Niederhaubergen / S…",forte,"Le passage concerne une OAP sectorielle affectée par le bruit d'une voie ferrée. Au-delà des exigences d'isolation phonique standard (déjà couvertes par le classement sonore), il prescrit que la composition urbaine (implantation et hauteur du bâti) soit conçue pour limiter les nuisances sonores : c'est une règle autonome propre à l'urbanisation, distincte du classement sonore, et qui s'applique spécifiquement à cette zone d'OAP.",recommandation,opposable en compatibilité,lutte_bruit_existant,validé,False,,23,rejeté,doublon avec occurence précédente
95d3871caefe158c101a466ab9e91c5b,14_246700488_orientations_amenagement_1_20260206.pdf,Plan Local d'Urbanisme intercommunal (PLUi) EUROMETROPOLE DE STRASBOURG,"Achenheim, Bischheim, Blaesheim, Breuschwickersheim, Eckbolsheim, Eckwersheim, Entzheim, Eschau, Fegersheim, Geispolsheim, Hangenbieten, Holtzheim, Hœnheim, Illkirch-Graffenstaden, Kolbsheim, La Wantzenau, Lampertheim, Lingolsheim, Lipsheim, Mittelhausbergen, Mundolsheim, Niederhausbergen, Oberhausbergen, Oberschaeffolsheim, Osthoffen, Ostwald, Plobsheim, Reichstett, Schiltigheim, Souffelweyersheim, Strasbourg, Vendenheim, Wolfisheim",OAP,https://www.geoportail-urbanisme.gouv.fr/api/document/95d3871caefe158c101a466ab9e91c5b/files/246700488_orientations_amenagement_1_20260206.pdf,page,page 313,aire d'accueil des gens du voyage,zone_specifique,"Un merlon paysager et végétalisé sera aménagé en périphérie de l’aire d’accueil des gens du voyage. Ce dernier devra être conçu de manière à : - participer à la qualité d’accueil de ses occupants, - assurer une transition paysagère qualitative avec la future zone d’activité, - limiter les nuisances sonores futures liées à une éventuelle augmentation des flux à proximité de l’aire d’accueil.","…aire d’accueil sera réalisé sur le réseau existant rue du Dépôt pour le traitement des eaux usées. L’aire sera clôturée pour délimiter son espace par rapport à la future zone d’activités et assurer la sécurité des gens du voyage. Le projet d’aire d’accueil intégrera une approche paysagère. Un merlon Un merlon paysager et végétalisé sera aménagé en périphérie de l’aire d’accueil des gens du voyage. Ce dernier devra être conçu de manière à : - participer à la qualité d’accueil de ses occupants, - assurer une transition paysagère qualitative avec la future zone d’activité, - limiter les nuisances sonores futures liées à une éventuelle augmentation des flux à proximité de l’aire d’accueil. d’aménagement global descrit ci-dessus. Plan Local d’Urbanisme OAP INTERCOMMUNALES SEPTEMBRE 2019 Mundolsheim / Niederhaubergen / Souffelweyersheim Eurométropole de Strasbourg",forte,"Le passage prescrit l'aménagement d'un merlon paysager et végétalisé en périphérie de l'aire d'accueil des gens du voyage, destiné notamment à limiter les nuisances sonores liées à l'augmentation des flux à proximité. Il s'agit d'une règle autonome d'aménagement urbain (dispositif anti-bruit) liée à un projet d'accueil de population, donc dans le périmètre diagBruit, applicable à la zone spécifique de l'aire d'accueil.",prescription,opposable en compatibilité,autre,validé,False,,23,rejeté,doublon avec précédente
95d3871caefe158c101a466ab9e91c5b,10_246700488_orientations_amenagement_2_20260206.pdf,Plan Local d'Urbanisme intercommunal (PLUi) EUROMETROPOLE DE STRASBOURG,"Achenheim, Bischheim, Blaesheim, Breuschwickersheim, Eckbolsheim, Eckwersheim, Entzheim, Eschau, Fegersheim, Geispolsheim, Hangenbieten, Holtzheim, Hœnheim, Illkirch-Graffenstaden, Kolbsheim, La Wantzenau, Lampertheim, Lingolsheim, Lipsheim, Mittelhausbergen, Mundolsheim, Niederhausbergen, Oberhausbergen, Oberschaeffolsheim, Osthoffen, Ostwald, Plobsheim, Reichstett, Schiltigheim, Souffelweyersheim, Strasbourg, Vendenheim, Wolfisheim",OAP,https://www.geoportail-urbanisme.gouv.fr/api/document/95d3871caefe158c101a466ab9e91c5b/files/246700488_orientations_amenagement_2_20260206.pdf,page,page 251,,zone_specifique,"l'habitat devra être protégé le plus possible des nuisances de la RD 1083 (bruit et pollution de l'air) et de la voie ferrée (bruit). Au-delà des préconisations citées ci-dessus, il sera possible de recourir à des dispositifs architecturaux adaptés de type façade double peau.","…tier tiendra en grande partie à la prise en compte, en amont, de ces contraintes et nuisances. Afin de limiter les impacts négatifs, il sera possible d’agir sur la composition globale (maillage des voies, ouvertures et fermetures visuelles, ...), les formes urbaines (implantation du bâti, hauteur du l'habitat devra être protégé le plus possible des nuisances de la RD 1083 (bruit et pollution de l'air) et de la voie ferrée (bruit). Au-delà des préconisations citées ci-dessus, il sera possible de recourir à des dispositifs architecturaux adaptés de type façade double peau. futurs bâtiments visant à aspirer de l'air (VMC, etc) ainsi que les éventuels jardins, balcons et terrasses seront privilégiés sur les façades qui ne sont pas orientées vers la RD 1083. Les bâtiments d'activités ou de stationnement, de plus grand gabarit, pourront jouer le rôle d'écran le long des i…",forte,"Le passage recommande de protéger l'habitat des nuisances sonores de la RD 1083 et de la voie ferrée en agissant sur la composition urbaine, les formes bâties et la programmation, avec des dispositifs architecturaux adaptés (façade double peau) et l'orientation des installations techniques et espaces extérieurs. Il s'agit d'une règle autonome relative à l'aménagement urbain et au bâti à proximité d'infrastructures bruyantes, distincte du classement sonore réglementaire. La portée est limitée géographiquement au secteur concerné par la RD 1083 et la voie ferrée, sans contour administratif automatique.",recommandation,opposable en compatibilité,lutte_bruit_existant,validé,False,,23,rejeté,doublon avec précédente
95d3871caefe158c101a466ab9e91c5b,11_246700488_orientations_amenagement_2_20260206.pdf,Plan Local d'Urbanisme intercommunal (PLUi) EUROMETROPOLE DE STRASBOURG,"Achenheim, Bischheim, Blaesheim, Breuschwickersheim, Eckbolsheim, Eckwersheim, Entzheim, Eschau, Fegersheim, Geispolsheim, Hangenbieten, Holtzheim, Hœnheim, Illkirch-Graffenstaden, Kolbsheim, La Wantzenau, Lampertheim, Lingolsheim, Lipsheim, Mittelhausbergen, Mundolsheim, Niederhausbergen, Oberhausbergen, Oberschaeffolsheim, Osthoffen, Ostwald, Plobsheim, Reichstett, Schiltigheim, Souffelweyersheim, Strasbourg, Vendenheim, Wolfisheim",OAP,https://www.geoportail-urbanisme.gouv.fr/api/document/95d3871caefe158c101a466ab9e91c5b/files/246700488_orientations_amenagement_2_20260206.pdf,page,page 253,,zone_specifique,"Les activités économiques, de préférence industrielles, artisanales et petite logistique, seront concentrées le long des voies ferrées et au Sud du secteur, pour tirer parti de l'effet de vitrine en entrée d'agglomération et protéger le quartier de la Niedermatt sur le plan acoustique.","…sera encouragé. La qualité urbaine et architecturale sera une préoccupation tout au long du processus d'aménagement. 3.5. LE STATIONNEMENT La place de la voiture au sein du nouveau quartier sera limitée. Des espaces publics de qualité assureront le caractère agréable des parcours piétons au sein du Les activités économiques, de préférence industrielles, artisanales et petite logistique, seront concentrées le long des voies ferrées et au Sud du secteur, pour tirer parti de l'effet de vitrine en entrée d'agglomération et protéger le quartier de la Niedermatt sur le plan acoustique. Le nombre de logements à produire, ainsi que le taux de logements locatifs sociaux, devront se référer aux objectifs de production inscrits dans l'orientation d'aménagement et de programmation "" Habitat "". Au niveau de la partie destinée à l’habitat, les formes urbaines seront diversifiées : des mai…",forte,"Le passage organise la localisation des activités économiques (industrielles, artisanales, logistique) le long des voies ferrées et au Sud du secteur, en indiquant explicitement que cela permet de protéger le quartier de la Niedermatt sur le plan acoustique. Il s'agit d'une règle d'aménagement urbain (organisation spatiale des fonctions au sein du projet) motivée par la protection acoustique d'un quartier résidentiel, ce qui relève bien du périmètre diagBruit (aménagement urbain, pas seulement l'infrastructure ferroviaire elle-même). La portée est limitée à ce secteur d'OAP spécifique.",recommandation,opposable en compatibilité,lutte_bruit_existant,validé,False,,23,rejeté,doublon avec précédente
95d3871caefe158c101a466ab9e91c5b,14_246700488_orientations_amenagement_2_20260206.pdf,Plan Local d'Urbanisme intercommunal (PLUi) EUROMETROPOLE DE STRASBOURG,"Achenheim, Bischheim, Blaesheim, Breuschwickersheim, Eckbolsheim, Eckwersheim, Entzheim, Eschau, Fegersheim, Geispolsheim, Hangenbieten, Holtzheim, Hœnheim, Illkirch-Graffenstaden, Kolbsheim, La Wantzenau, Lampertheim, Lingolsheim, Lipsheim, Mittelhausbergen, Mundolsheim, Niederhausbergen, Oberhausbergen, Oberschaeffolsheim, Osthoffen, Ostwald, Plobsheim, Reichstett, Schiltigheim, Souffelweyersheim, Strasbourg, Vendenheim, Wolfisheim",OAP,https://www.geoportail-urbanisme.gouv.fr/api/document/95d3871caefe158c101a466ab9e91c5b/files/246700488_orientations_amenagement_2_20260206.pdf,page,page 332,,zone_specifique,"Les hauteurs des bâtiments seront étudiées de manière à avoir de véritables qualités de protection acoustique. Dans une moindre mesure, le long de la voie structurante (rue E. Bugatti/Allée du Bohrie), les hauteurs devront prendre en compte le trafic de cette voie importante.","…oximité de la gare, et le long de la liaison Est-Ouest la plus proche du futur passage sur la voie ferrée. Elles permettront, entre autre, une protection contre le bruit du trafic ferroviaire ou routier. La façade ferroviaire sera traitée qualitativement, en tant qu'entrée de ville Sud par le train. Les hauteurs des bâtiments seront étudiées de manière à avoir de véritables qualités de protection acoustique. Dans une moindre mesure, le long de la voie structurante (rue E. Bugatti/Allée du Bohrie), les hauteurs devront prendre en compte le trafic de cette voie importante. de faire un quartier de ville hétérogène. Dans les deux extensions de zones d'activités de la Vigie et du Parc des Tanneries : des hauteurs similaires à l'existant seront requises, c'est-à-dire environ une douzaine de mètres, un peu moins pour le Parc des Tanneries. 3.5. INTÉGRATION QUALITATIVE DE L…",forte,"Le passage prescrit d'étudier les hauteurs des bâtiments pour leur donner des qualités de protection acoustique, en particulier le long de la voie structurante (rue E. Bugatti/Allée du Bohrie) exposée au trafic routier. Il s'agit bien d'une règle concernant des bâtiments (leur hauteur) en lien avec le bruit, donc dans le périmètre diagBruit. La règle est localisée à un secteur précis de l'OAP (le long de la voie structurante), sans référence à un classement sonore ou PEB préexistant, donc portée géométrique zone_specifique.",recommandation,opposable en compatibilité,lutte_bruit_existant,validé,False,,23,rejeté,doublons avec précédente
95d3871caefe158c101a466ab9e91c5b,16_246700488_orientations_amenagement_2_20260206.pdf,Plan Local d'Urbanisme intercommunal (PLUi) EUROMETROPOLE DE STRASBOURG,"Achenheim, Bischheim, Blaesheim, Breuschwickersheim, Eckbolsheim, Eckwersheim, Entzheim, Eschau, Fegersheim, Geispolsheim, Hangenbieten, Holtzheim, Hœnheim, Illkirch-Graffenstaden, Kolbsheim, La Wantzenau, Lampertheim, Lingolsheim, Lipsheim, Mittelhausbergen, Mundolsheim, Niederhausbergen, Oberhausbergen, Oberschaeffolsheim, Osthoffen, Ostwald, Plobsheim, Reichstett, Schiltigheim, Souffelweyersheim, Strasbourg, Vendenheim, Wolfisheim",OAP,https://www.geoportail-urbanisme.gouv.fr/api/document/95d3871caefe158c101a466ab9e91c5b/files/246700488_orientations_amenagement_2_20260206.pdf,page,page 374,,zone_specifique,"des dispositifs architecturaux adaptés de type façade double peau pourront être mis en place et des dispositions en matière de construction pourront également répondre à cet aspect (isolation phonique,…)","…ce et participera à l'atténuation des nuisances sonores liées à la RD 63 dans ce secteur. D'autre part, afin de limiter les impacts négatifs, on pourra agir sur la composition globale (maillage des voies, ouvertures et fermetures visuelles, ...), les formes urbaines (implantation du bâti, hauteur du des dispositifs architecturaux adaptés de type façade double peau pourront être mis en place et des dispositions en matière de construction pourront également répondre à cet aspect (isolation phonique,…) 3.3. PRISE EN COMPTE ET MISE EN VALEUR DE L’ENVIRONNEMENT L'aménagement de la zone devra prendre en compte les sensibilités environnementales présentes sur le secteur. Le site est localisé à proximité d'éléments constitutifs de la trame verte et bleue : le canal de la Marne au Rhin à l'Ouest, et le…",forte,"Le passage recommande des dispositions urbaines et architecturales (composition urbaine, formes bâties, façades double peau, isolation phonique) pour limiter la diffusion du bruit lié à la RD 63 au sein du projet d'aménagement. Il s'agit d'une règle autonome concernant directement les bâtiments et l'aménagement, donc pleinement dans le périmètre diagBruit. La portée est limitée au secteur du projet OAP concerné, non à l'ensemble du document.",recommandation,opposable en compatibilité,lutte_bruit_existant,validé,False,,23,rejeté,doublons précédent
95d3871caefe158c101a466ab9e91c5b,20_246700488_orientations_amenagement_2_20260206.pdf,Plan Local d'Urbanisme intercommunal (PLUi) EUROMETROPOLE DE STRASBOURG,"Achenheim, Bischheim, Blaesheim, Breuschwickersheim, Eckbolsheim, Eckwersheim, Entzheim, Eschau, Fegersheim, Geispolsheim, Hangenbieten, Holtzheim, Hœnheim, Illkirch-Graffenstaden, Kolbsheim, La Wantzenau, Lampertheim, Lingolsheim, Lipsheim, Mittelhausbergen, Mundolsheim, Niederhausbergen, Oberhausbergen, Oberschaeffolsheim, Osthoffen, Ostwald, Plobsheim, Reichstett, Schiltigheim, Souffelweyersheim, Strasbourg, Vendenheim, Wolfisheim",OAP,https://www.geoportail-urbanisme.gouv.fr/api/document/95d3871caefe158c101a466ab9e91c5b/files/246700488_orientations_amenagement_2_20260206.pdf,page,page 425,,administrative,"Afin d'atténuer les nuisances supportées par les futurs occupants, les bâtiments devront répondre aux exigences d'isolement acoustique (double peau, protections amovibles pour les prolongements extérieurs, etc).","…ée à raison de trois strates : herbacée, arbustive et arborée. Toute végétation existante à l’intérieur de la bande de 15 mètres devra être conservée. 3.5. PRISE EN COMPTE DES NUISANCES ET SÉCURITÉ Le bruit et la qualité de l'air devront être pris en compte dans le plan d’aménagement du projet et la Afin d'atténuer les nuisances supportées par les futurs occupants, les bâtiments devront répondre aux exigences d'isolement acoustique (double peau, protections amovibles pour les prolongements extérieurs, etc). d'activités et d'autre part, des usagers de la route. Pour ce faire, le projet devra prévoir le recul de ses constructions et mettre en place une clôture, aussi bien côté autoroute que côté voie ferrée, évitant tout accès vers ces infrastructures. 3.6. GESTION DE L’EAU 3.6.1. GESTION DES EAUX PLUVIA…",forte,"Le passage impose explicitement une prise en compte du bruit dans la conception des bâtiments et des exigences d'isolement acoustique pour les futurs occupants, ce qui constitue une règle autonome liée à un projet d'aménagement/construction, distincte d'un simple renvoi au classement sonore ou au PEB (aucune infrastructure classée n'est mentionnée ici).",prescription,opposable en compatibilité,lutte_bruit_existant,validé,False,,23,rejeté,doublon avec précédente
95d3871caefe158c101a466ab9e91c5b,24_246700488_orientations_amenagement_2_20260206.pdf,Plan Local d'Urbanisme intercommunal (PLUi) EUROMETROPOLE DE STRASBOURG,"Achenheim, Bischheim, Blaesheim, Breuschwickersheim, Eckbolsheim, Eckwersheim, Entzheim, Eschau, Fegersheim, Geispolsheim, Hangenbieten, Holtzheim, Hœnheim, Illkirch-Graffenstaden, Kolbsheim, La Wantzenau, Lampertheim, Lingolsheim, Lipsheim, Mittelhausbergen, Mundolsheim, Niederhausbergen, Oberhausbergen, Oberschaeffolsheim, Osthoffen, Ostwald, Plobsheim, Reichstett, Schiltigheim, Souffelweyersheim, Strasbourg, Vendenheim, Wolfisheim",OAP,https://www.geoportail-urbanisme.gouv.fr/api/document/95d3871caefe158c101a466ab9e91c5b/files/246700488_orientations_amenagement_2_20260206.pdf,page,page 450,,zone_specifique,Renforcer l'isolation acoustique des constructions le long des infrastructures bruyantes : autoroute et contournement sud.,"Modification n° 4 Ville de Strasbourg Eurométropole de Strasbourg Renforcer l'isolation acoustique des constructions le long des infrastructures bruyantes : autoroute et contournement sud. et contournement sud. - Intégrer les problématiques de qualité de l'air dans le projet, tant d'un point de vue programmatique qu'urbain et architectural. - Intégrer les problématiques de sols pollués avérés et suspectés du site (ancien port industriel de Strasbourg). - Privilégier l'approvisionnemen…",forte,"Le passage constitue une OAP sectorielle qui prescrit un renforcement de l'isolation acoustique des constructions le long de l'autoroute et du contournement sud. Cette règle concerne directement les bâtiments à construire dans le secteur d'aménagement, donc bien dans le périmètre diagBruit. Elle va au-delà d'un simple renvoi au classement sonore puisqu'elle formule une exigence de renforcement de l'isolation, propre à cette OAP. La portée est limitée au secteur d'aménagement concerné par cette OAP (zone spécifique, non précisée par un contour administratif standard).",prescription,opposable en compatibilité,lutte_bruit_existant,validé,False,,23,rejeté,"trop vague, classmeent sonore et doublons"
95d3871caefe158c101a466ab9e91c5b,27_246700488_orientations_amenagement_2_20260206.pdf,Plan Local d'Urbanisme intercommunal (PLUi) EUROMETROPOLE DE STRASBOURG,"Achenheim, Bischheim, Blaesheim, Breuschwickersheim, Eckbolsheim, Eckwersheim, Entzheim, Eschau, Fegersheim, Geispolsheim, Hangenbieten, Holtzheim, Hœnheim, Illkirch-Graffenstaden, Kolbsheim, La Wantzenau, Lampertheim, Lingolsheim, Lipsheim, Mittelhausbergen, Mundolsheim, Niederhausbergen, Oberhausbergen, Oberschaeffolsheim, Osthoffen, Ostwald, Plobsheim, Reichstett, Schiltigheim, Souffelweyersheim, Strasbourg, Vendenheim, Wolfisheim",OAP,https://www.geoportail-urbanisme.gouv.fr/api/document/95d3871caefe158c101a466ab9e91c5b/files/246700488_orientations_amenagement_2_20260206.pdf,page,page 504,OAP COMMUNALE COMMUNE DE STRASBOURG : « SECTEUR CARPE-HAUTE - JACOUTOT »,zone_specifique,"Renforcer l'isolation acoustique des constructions le long des voies classées comme infrastructures bruyantes : allée des Droits de l'Homme, route de la Wantzenau, chemin Goeb, et rue Boecklin.","définissant les périmètres de risque qui limitent l'activité et les constructions en fonction des potentiels de danger. Plan Local d’Urbanisme OAP COMMUNALES MAI 2024 Modification n° 4 Commune de Strasbourg Eurométropole de Strasbourg Renforcer l'isolation acoustique des constructions le long des voies classées comme infrastructures bruyantes : allée des Droits de l'Homme, route de la Wantzenau, chemin Goeb, et rue Boecklin. infrastructures bruyantes : allée des Droits de l'Homme, route de la Wantzenau, chemin Goeb, et rue Boecklin. - Maintenir la déchetterie sur son site actuel au niveau du giratoire de la rue de Rouen. - Développer l'activité maraîchère et le jardinage pour favoriser l'évolution vers de l'agriculture…",forte,"Le passage recommande de renforcer l'isolation acoustique des constructions le long de voies classées bruyantes précises. Bien que ces voies relèvent probablement du classement sonore déjà traité par diagBruit, ici la règle va au-delà d'un simple renvoi : elle formule une prescription/recommandation de renforcement de l'isolation acoustique directement dans l'OAP, ciblant des rues nommément désignées, ce qui constitue une règle autonome avec une portée géographique spécifique (zone_specifique).",recommandation,opposable en compatibilité,lutte_bruit_existant,validé,False,,23,rejeté,rappel classement sonore
95d3871caefe158c101a466ab9e91c5b,31_246700488_orientations_amenagement_2_20260206.pdf,Plan Local d'Urbanisme intercommunal (PLUi) EUROMETROPOLE DE STRASBOURG,"Achenheim, Bischheim, Blaesheim, Breuschwickersheim, Eckbolsheim, Eckwersheim, Entzheim, Eschau, Fegersheim, Geispolsheim, Hangenbieten, Holtzheim, Hœnheim, Illkirch-Graffenstaden, Kolbsheim, La Wantzenau, Lampertheim, Lingolsheim, Lipsheim, Mittelhausbergen, Mundolsheim, Niederhausbergen, Oberhausbergen, Oberschaeffolsheim, Osthoffen, Ostwald, Plobsheim, Reichstett, Schiltigheim, Souffelweyersheim, Strasbourg, Vendenheim, Wolfisheim",OAP,https://www.geoportail-urbanisme.gouv.fr/api/document/95d3871caefe158c101a466ab9e91c5b/files/246700488_orientations_amenagement_2_20260206.pdf,page,page 622,"Secteur EPSAN, proximité RM301",zone_specifique,"les projets devront prendre en compte les enjeux de santé et de sécurité publique, au regard du bruit, notamment dans la gestion de la proximité avec la RM301 au Sud ainsi que de la qualité de l’air","…tante à maintenir » dans le schéma de principe ci-après devra être maintenu. 3.3. PROGRAMMATION Les bureaux liés aux activités des entreprises devront être orientés de sorte à ne pas être directement exposés à la RM301, afin de réduire les risques liés à la qualité de l’air et les nuisances sonores. les projets devront prendre en compte les enjeux de santé et de sécurité publique, au regard du bruit, notamment dans la gestion de la proximité avec la RM301 au Sud ainsi que de la qualité de l’air - 524 c - Carte n°1 : Schéma / Principes d’aménagements – Secteur EPSAN Plan Local d’Urbanisme OAP COMMUNALES MAI 2024 Modification n° 4 Commune de Vendenheim Eurométropole de Strasbourg",forte,"Le passage impose une prise en compte des nuisances sonores liées à la RM301 dans les projets d'aménagement du secteur EPSAN, ce qui constitue une règle autonome distincte du classement sonore (elle porte sur la conception des projets, pas seulement un renvoi à l'isolement standard). La portée est limitée au secteur EPSAN concerné par la proximité de la RM301.",prescription,opposable en compatibilité,lutte_bruit_existant,validé,False,,23,rejeté,doublons avec précédent
95d3871caefe158c101a466ab9e91c5b,18_246700488_orientations_amenagement_2_20260206.pdf,Plan Local d'Urbanisme intercommunal (PLUi) EUROMETROPOLE DE STRASBOURG,"Achenheim, Bischheim, Blaesheim, Breuschwickersheim, Eckbolsheim, Eckwersheim, Entzheim, Eschau, Fegersheim, Geispolsheim, Hangenbieten, Holtzheim, Hœnheim, Illkirch-Graffenstaden, Kolbsheim, La Wantzenau, Lampertheim, Lingolsheim, Lipsheim, Mittelhausbergen, Mundolsheim, Niederhausbergen, Oberhausbergen, Oberschaeffolsheim, Osthoffen, Ostwald, Plobsheim, Reichstett, Schiltigheim, Souffelweyersheim, Strasbourg, Vendenheim, Wolfisheim",OAP,https://www.geoportail-urbanisme.gouv.fr/api/document/95d3871caefe158c101a466ab9e91c5b/files/246700488_orientations_amenagement_2_20260206.pdf,page,page 421,,administrative,"les bâtiments devront répondre aux exigences d'isolement acoustique conformément à la réglementation en vigueur. Les protections acoustiques permettant également d'aller au-delà des exigences réglementaires sont à privilégier (double peau, protections amovibles pour les prolongements extérieurs ...)","…route et les voies ferrées. Ainsi, le bruit et la qualité de l'air devront être pris en compte dans l'aménagement du projet (volumétrie, dispersion des nuisances, protections à mettre en place ...). Afin d'atténuer les nuisances supportées par les futurs occupants, les bâtiments devront répondre aux les bâtiments devront répondre aux exigences d'isolement acoustique conformément à la réglementation en vigueur. Les protections acoustiques permettant également d'aller au-delà des exigences réglementaires sont à privilégier (double peau, protections amovibles pour les prolongements extérieurs ...) n'émettant pas de polluants (particules PM, oxydes d'azote, ...) est à privilégier. Par ailleurs, les occupations et utilisations du sol excluront de la zone des constructions accueillant des personnes sensibles (enfants, personnes âgées, etc.). La sécurité devra être envisagée sous deux angles : d'…",totale,"Le passage impose une exigence d'isolement acoustique réglementaire pour les bâtiments et recommande d'aller au-delà des exigences standards (double peau, protections amovibles), ce qui constitue une règle autonome distincte du simple classement sonore ou PEB, applicable aux bâtiments à construire dans le secteur du projet (portée administrative faute de zone réglementaire précise).",recommandation,opposable en compatibilité,autre,validé,False,,33,rejeté,doublon avec précédente
95d3871caefe158c101a466ab9e91c5b,30_246700488_orientations_amenagement_2_20260206.pdf,Plan Local d'Urbanisme intercommunal (PLUi) EUROMETROPOLE DE STRASBOURG,"Achenheim, Bischheim, Blaesheim, Breuschwickersheim, Eckbolsheim, Eckwersheim, Entzheim, Eschau, Fegersheim, Geispolsheim, Hangenbieten, Holtzheim, Hœnheim, Illkirch-Graffenstaden, Kolbsheim, La Wantzenau, Lampertheim, Lingolsheim, Lipsheim, Mittelhausbergen, Mundolsheim, Niederhausbergen, Oberhausbergen, Oberschaeffolsheim, Osthoffen, Ostwald, Plobsheim, Reichstett, Schiltigheim, Souffelweyersheim, Strasbourg, Vendenheim, Wolfisheim",OAP,https://www.geoportail-urbanisme.gouv.fr/api/document/95d3871caefe158c101a466ab9e91c5b/files/246700488_orientations_amenagement_2_20260206.pdf,page,page 622,RM301,zone_specifique,"Les bureaux liés aux activités des entreprises devront être orientés de sorte à ne pas être directement exposés à la RM301, afin de réduire les risques liés à la qualité de l’air et les nuisances sonores.","…ris végétal favorisera les essences locales, en lien étroit avec les fonctionnalités écologiques du site et développera au minimum deux strates végétales (arborées, arbustives ou herbacées). Les solutions d’infiltration des eaux pluviales seront privilégiées avec des matériaux naturels et connectées Les bureaux liés aux activités des entreprises devront être orientés de sorte à ne pas être directement exposés à la RM301, afin de réduire les risques liés à la qualité de l’air et les nuisances sonores. 3.4. PRISE EN COMPTE DES NUISANCES Afin de réduire l’exposition des personnes aux nuisances, les projets devront prendre en compte les enjeux de santé et de sécurité publique, au regard du bruit, notamment dans la gestion de la proximité avec la RM301 au Sud ainsi que de la qualité de l’air. Plan Lo…",totale,"Le passage impose une orientation des bâtiments (bureaux) pour réduire l'exposition aux nuisances sonores liées à la RM301, ce qui relève bien du périmètre diagBruit (règle affectant la conception des bâtiments, pas seulement l'infrastructure). Il ne s'agit pas d'un simple renvoi au classement sonore, mais d'une prescription d'orientation du bâti propre à cette OAP. La portée est limitée à la zone spécifique concernée par la proximité de la RM301.",prescription,opposable en compatibilité,autre,validé,False,,33,rejeté,doublon avec une des précédentes
5ef7415de742b3e83e90bd4ca2f8e2f0,1_67482_orientations_amenagement_20230707.pdf,Plan de Sauvegarde et de Mise en Valeur (PSMV) STRASBOURG,Strasbourg,OAP,https://www.geoportail-urbanisme.gouv.fr/api/document/5ef7415de742b3e83e90bd4ca2f8e2f0/files/67482_orientations_amenagement_20230707.pdf,page,page 6,,administrative,"ment, d’améliorer la qualité de l’habitabilité. Ils œuvre. peuvent notamment porter sur l’amélioration : Ces solutions portent notamment sur : • acoustique et thermique ; • de la luminosité ; • La possibilité de création d’ouvrages d’acces- • de l’accessibilité et des circulations ; sibilité (escaliers, ascenseurs…) à l’intérieur des bâtiments, préférentiellement dans des • de la distribution. volumes et pièces de service ne présentant","…Orientation n°2 : améliorer l’haBitaBilité des esP aCes intérieurs et extérieurs INTÉRIEURS ACCESSIBILITÉ Les intérieurs des bâtiments peuvent faire l’objet Pour les immeubles existants, des solutions d’amé- de travaux et aménagements en vue, notam- lioration de l’accessibilité peuvent être mises en ment, d’améliorer la qualité de l’habitabilité. Ils œuvre. peuvent notamment porter sur l’amélioration : Ces solutions portent notamment sur : • acoustique et thermique ; • de la luminosité ; • La possibilité de création d’ouvrages d’acces- • de l’accessibilité et des circulations ; sibilité (escaliers, ascenseurs…) à l’intérieur des bâtiments, préférentiellement dans des • de la distribution. volumes et pièces de service ne présentant pas d’enjeu de conservation patrimoniale. Les aménagements réversibles doivent être pri- La création de tels ouvrages en extérieur vilégiés, lorsque les alternatives existent, afin de est autorisée en cas d’impossibilité de les préserver les ouvrages de structure historique et réaliser à l’intérieur…",faible,"Le passage mentionne que les travaux d'amélioration de l'habitabilité des intérieurs de bâtiments existants peuvent porter notamment sur l'amélioration acoustique, ce qui relève du périmètre diagBruit (bâtiments). C'est une recommandation générale, peu détaillée, mêlée à d'autres sujets (thermique, luminosité, accessibilité) dans une énumération, d'où une confiance faible sur la netteté de l'extrait.",recommandation,opposable en compatibilité,autre,validé,False,,3,rejeté,trop général
5ef7415de742b3e83e90bd4ca2f8e2f0,8_67482_reglement_20230707.pdf,Plan de Sauvegarde et de Mise en Valeur (PSMV) STRASBOURG,Strasbourg,PSMV,https://www.geoportail-urbanisme.gouv.fr/api/document/5ef7415de742b3e83e90bd4ca2f8e2f0/files/67482_reglement_20230707.pdf,alinea,Article 4,,administrative,L’amélioration thermique et acoustique,"…dans leur disposition historique et avec des techniques adaptées. Les ouvrages scellés ou fixés dans les parois verticales et plafonds témoignant de dispositifs anciens de décors ou d’ouvrages techniques (potence, sonnettes, bras de lumière) sont conservés et restaurés avec les techniques adaptées. L’amélioration thermique et acoustique Renforcements Les travaux de renforcement et de consolidation autorisés, dans le respect des dispositions historiques et avec les techniques adaptées sont : • La reconstitution d’ouvrages de structure, notamment voûtes, escaliers, planchers, pan de bois*, pan de fer*, maçonnerie, s’ils sont dans un…",moyenne,"Le passage autorise explicitement, parmi les modifications possibles sur le bâti existant protégé, 'L'amélioration thermique et acoustique', ce qui constitue une règle autonome concernant l'isolation acoustique des bâtiments, dans le respect des dispositions historiques. Cette règle s'applique à l'ensemble des bâtiments concernés par ce règlement, sans zone spécifique mentionnée.",prescription,opposable en conformité,autre,validé,False,,13,rejeté,doublon
5ef7415de742b3e83e90bd4ca2f8e2f0,1_67482_reglement_20230707.pdf,Plan de Sauvegarde et de Mise en Valeur (PSMV) STRASBOURG,Strasbourg,PSMV,https://www.geoportail-urbanisme.gouv.fr/api/document/5ef7415de742b3e83e90bd4ca2f8e2f0/files/67482_reglement_20230707.pdf,alinea,Article 7,,administrative,"interdits. Seuls les travaux œuvrant dans le sens d’une restauration, d’une restitution de l’architecture originelle du bâtiment, 07-50 d’une mise en valeur de l’édifice, sont autorisés conformément aux dispositions du présent règlement et aux éventuelles prescriptions spécifiques portées au plan. Des modifications peuvent être autorisées dans le but de l’amélioration de l’habitabilité des locaux notamment hygiène, isolation thermique et acoustique, accessibilité, … sous conditions de ne pas alt…","…aussi s’agir d’immeubles ayant conservé suffisamment de dispositions rares pour être protégés et conservés (fenêtre à meneaux, escalier hors-œuvre, plancher à la française, …). La démolition, l’enlèvement, l’altération, la surélévation ou la modification de ces immeubles ou parties d’immeubles sont interdits. Seuls les travaux œuvrant dans le sens d’une restauration, d’une restitution de l’architecture originelle du bâtiment, 07-50 d’une mise en valeur de l’édifice, sont autorisés conformément aux dispositions du présent règlement et aux éventuelles prescriptions spécifiques portées au plan. Des modifications peuvent être autorisées dans le but de l’amélioration de l’habitabilité des locaux notamment hygiène, isolation thermique et acoustique, accessibilité, … sous conditions de ne pas alt… de valeur patrimoniale et historique. Ces dispositions s’étendent aux caves de l’immeuble, structure (murs, planchers, charpentes), escaliers, composition de l’ensemble des façades, ouvrages et éléments décoratifs intérieurs, notamment immobiliers par destination. La restauration d’une disposition d…",forte,"Le passage autorise des modifications sur des immeubles protégés dans le but d'améliorer l'habitabilité, notamment l'isolation acoustique, sous réserve de ne pas altérer les éléments patrimoniaux. Cette disposition concerne l'amélioration acoustique de bâtiments existants protégés, ce qui relève du périmètre diagBruit. La règle s'applique à toute la catégorie d'immeubles protégés concernée par le règlement, sans zone géométrique spécifique mentionnée.",recommandation,opposable en conformité,autre,validé,False,,23,rejeté,doublon avec suivante
5ef7415de742b3e83e90bd4ca2f8e2f0,3_67482_reglement_20230707.pdf,Plan de Sauvegarde et de Mise en Valeur (PSMV) STRASBOURG,Strasbourg,PSMV,https://www.geoportail-urbanisme.gouv.fr/api/document/5ef7415de742b3e83e90bd4ca2f8e2f0/files/67482_reglement_20230707.pdf,alinea,Article 7,,administrative,"Des modifications peuvent être autorisées dans le but de l’amélioration de l’habitabilité des locaux notamment hygiène, isolation thermique et acoustique, accessibilité, … sous conditions de ne pas altérer des éléments de valeur patrimoniale et historique.","…t les perspectives qu’ils encadrent. 07-52 La démolition est interdite sauf mention particulière figurant au document graphique. Les modifications autorisées contribuent à la mise en valeur du bâtiment et de l’ensemble urbain dont il fait partie. Des modifications peuvent être autorisées dans le but Des modifications peuvent être autorisées dans le but de l’amélioration de l’habitabilité des locaux notamment hygiène, isolation thermique et acoustique, accessibilité, … sous conditions de ne pas altérer des éléments de valeur patrimoniale et historique. 07-53 dans leur disposition d’origine, restitués ou construits dans le cas de manque ou de prolongement de front bâti. Cette légende concerne également les façades principales protégées au titre du PSMV pour leur caractère remarquable, notamment par la conservation de l’ensemble des dispositions anc…",forte,"Le passage autorise des modifications de bâtiments existants visant à améliorer l'habitabilité des locaux, notamment l'isolation acoustique, sous réserve de préserver les éléments patrimoniaux. Cela concerne directement les bâtiments (périmètre diagBruit) et constitue une règle autonome (possibilité de travaux d'isolation acoustique encadrée), distincte du classement sonore ou du PEB.",recommandation,opposable en conformité,autre,validé,False,,23,rejeté,doublons
5ef7415de742b3e83e90bd4ca2f8e2f0,2_67482_orientations_amenagement_20230707.pdf,Plan de Sauvegarde et de Mise en Valeur (PSMV) STRASBOURG,Strasbourg,OAP,https://www.geoportail-urbanisme.gouv.fr/api/document/5ef7415de742b3e83e90bd4ca2f8e2f0/files/67482_orientations_amenagement_20230707.pdf,page,page 19,,zone_specifique,"rains, notamment des familles. clable en réorganisant les entrées/sorties du parc  Limiter et/ou réduire la vitesse des flux de véhi- et en les connectant avec les accès extérieurs. cules afin d’améliorer la qualité de l’air et de limi-  Créer les continuités du parc vers les jardins ter les nuisances sonores, ouvriers et les cheminements doux connexes et  Repenser la continuité du parc vers les jardins","…oderniser et adapter les équipements dans le  Limiter la vitesse des véhicules et le trafic, jardin pour favoriser la fréquentation et l’usage du  Conforter les continuités vertes et les renforcer, parc, ce qui participe à la qualité de vie des rive-  Offrir une bonne perméabilité piétonne et cy- rains, notamment des familles. clable en réorganisant les entrées/sorties du parc  Limiter et/ou réduire la vitesse des flux de véhi- et en les connectant avec les accès extérieurs. cules afin d’améliorer la qualité de l’air et de limi-  Créer les continuités du parc vers les jardins ter les nuisances sonores, ouvriers et les cheminements doux connexes et  Repenser la continuité du parc vers les jardins l’intégrer dans un projet global connecté avec ouvriers nord et les cheminements doux connexes.  Maintenir une perméabilité importante, Schiltigheim.  Désenclaver la partie nord du parc vers l’extérieur  Reconnecter le parc avec le canal et avec ses du PSMV, notamment dans le cadre du projet de b…",forte,"Le passage recommande de limiter/réduire la vitesse des flux de véhicules afin de limiter les nuisances sonores dans le cadre de l'aménagement d'un parc urbain. Cette mesure vise l'aménagement urbain (réorganisation des entrées/sorties, cheminements) et non uniquement une infrastructure de transport isolée, donc elle relève du périmètre diagBruit. La portée est limitée à la zone du parc concerné par cette OAP, qui n'a pas de contour administratif générique.",recommandation,opposable en compatibilité,lutte_bruit_existant,validé,False,,23,rejeté,concerne les routes
5ef7415de742b3e83e90bd4ca2f8e2f0,9_67482_reglement_20230707.pdf,Plan de Sauvegarde et de Mise en Valeur (PSMV) STRASBOURG,Strasbourg,PSMV,https://www.geoportail-urbanisme.gouv.fr/api/document/5ef7415de742b3e83e90bd4ca2f8e2f0/files/67482_reglement_20230707.pdf,alinea,Article 11,zones de surveillance aux abords des axes routiers repérées au « plan de vigilance »,zone_specifique,Les espaces sur les façades donnant sur les axes de circulation automobile concernés par les zones repérées au plan de vigilance doivent pouvoir être fermés pour se protéger du bruit et des polluants atmosphériques.,"…ans les zones de surveillance aux abords des axes routiers repérées au « plan de vigilance », la conception des nouveaux bâtiments doit intégrer les principes suivants : • Les espaces sur les façades donnant sur les axes de circulation automobile concernés par les zones repérées au plan de vigilance Les espaces sur les façades donnant sur les axes de circulation automobile concernés par les zones repérées au plan de vigilance doivent pouvoir être fermés pour se protéger du bruit et des polluants atmosphériques. PSMV DE STRASBOURG – Règlement • L’installation d’un système de ventilation double flux est obligatoire. Le système de ventilation doit comprendre un système de filtre performant dont la prise d’air est orientée à l’opposé de l’axe de circulation automobile le plus emprunté. V. Gestion des eaux pluv…",totale,"Le passage impose des règles constructives (façades fermables, ventilation double flux avec filtre performant) aux nouveaux bâtiments situés dans les zones de vigilance bruit routier. Ce n'est pas un simple renvoi au classement sonore mais une exigence propre et détaillée du PSMV, applicable à une zone spécifique repérée sur un plan de vigilance dédié, distinct du classement sonore réglementaire classique.",prescription,opposable en conformité,lutte_bruit_existant,validé,False,,33,rejeté,doublon
