id_gpu,id_occurrence,nom_document,communes,type_piece_source,lien_web_document,reference_type,reference_precise,numero_page,zone_reglementaire_mentionnee,portee_geometrique,extrait_significatif,contexte_documentaire,confiance_extrait,justification,nature_occurrence,nature_juridique_piece,nature_sonore_zone,statut_verification,ocr_utilise,ocr_confiance,priorite,doublon_probable_de,validation_manuelle_statut,validation_manuelle_commentaire,doublon_de_id_occurrence
7ba5c245843c439061a106418e9f4c9b,2_67076_reglement_20170921.pdf,Plan Local d'Urbanisme (PLU) de la commune de COLROY-LA-ROCHE,Colroy-la-Roche,règlement écrit,https://www.geoportail-urbanisme.gouv.fr/api/document/7ba5c245843c439061a106418e9f4c9b/files/67076_reglement_20170921.pdf,alinea,Article 11,25,,administrative,Les pompes à chaleur ou dispositifs de climatisation installés en façade de la construction doivent être implantés sur la façade où ils présentent le moins de nuisances visuelles et/ou sonores pour le voisinage dans la mesure où les conditions techniques d’implantation le permettent.,"milieux caractéristiques du patrimoine naturel et culturel montagnard, au caractère ou à l'intérêt des lieux avoisinants, aux sites, aux paysages urbains ainsi qu'à la conservation des perspectives monumentales. 22 PLU de COLROY-LA-ROCHE – Règlement Les pompes à chaleur ou dispositifs de climatisation installés en façade de la construction doivent être implantés sur la façade où ils présentent le moins de nuisances visuelles et/ou sonores pour le voisinage dans la mesure où les conditions techniques d’implantation le permettent. Les toitures terrasses sont également autorisées. Cette règle ne s’applique pas : (cid:120) aux annexes d’une emprise au sol inférieure à 50 mètres² et d’une hauteur hors tout inférieure à 4 mètres. (cid:120) aux vérandas. (cid:120) aux extensions des constructions existantes (cid:120) aux construct…",totale,"Le passage impose que les pompes à chaleur ou climatiseurs en façade soient placés de manière à limiter les nuisances sonores pour le voisinage, ce qui constitue une règle autonome liée au bruit dans un règlement d'urbanisme, applicable à l'ensemble de la zone couverte sans restriction géographique précisée.",recommandation,opposable en conformité,lutte_bruit_existant,validé,False,,33,,doublon,,1_67076_reglement_20170921.pdf
7ba5c245843c439061a106418e9f4c9b,3_67076_reglement_20170921.pdf,Plan Local d'Urbanisme (PLU) de la commune de COLROY-LA-ROCHE,Colroy-la-Roche,règlement écrit,https://www.geoportail-urbanisme.gouv.fr/api/document/7ba5c245843c439061a106418e9f4c9b/files/67076_reglement_20170921.pdf,alinea,Article 11,45,,administrative,Les pompes à chaleur ou dispositifs de climatisation installés en façade de la construction doivent être implantés sur la façade où ils présentent le moins de nuisances visuelles et/ou sonores pour le voisinage dans la mesure où les conditions techniques d’implantation le permettent.,"…de construire peut être refusé ou n'être accordé que sous réserve de l'observation de prescriptions spéciales si les constructions, par leur situation, leurs dimensions ou l'aspect extérieur des bâtiments ou ouvrages à édifier ou à modifier, sont de nature à porter atteinte aux espaces, paysages et Les pompes à chaleur ou dispositifs de climatisation installés en façade de la construction doivent être implantés sur la façade où ils présentent le moins de nuisances visuelles et/ou sonores pour le voisinage dans la mesure où les conditions techniques d’implantation le permettent. voisinage dans la mesure où les conditions techniques d’implantation le permettent. Les toitures : Les toitures des constructions seront constituées de charpentes à deux pans droits ou à deux pans brisés, d’une pente comprise entre 30° et 52°. Les croupes et demi-croupes sont autorisées. Les toiture…",totale,"Le passage impose une règle d'implantation des pompes à chaleur et climatiseurs sur la façade présentant le moins de nuisances sonores (et visuelles) pour le voisinage. Il s'agit d'une prescription autonome liée au bruit généré par les équipements des bâtiments, distincte du classement sonore des voies ou du PEB, et s'appliquant a priori à l'ensemble du règlement sans zone spécifique mentionnée.",prescription,opposable en conformité,autre,validé,False,,33,1_67076_reglement_20170921.pdf,doublon,,1_67076_reglement_20170921.pdf
cdb6d75af2a5bb92b64433525049065f,2_67080_reglement_20260408.pdf,Plan Local d'Urbanisme (PLU) de la commune de DACHSTEIN,Dachstein,règlement écrit,https://www.geoportail-urbanisme.gouv.fr/api/document/cdb6d75af2a5bb92b64433525049065f/files/67080_reglement_20260408.pdf,alinea,Article 1.1.-,44,,administrative,"1.1.1. Les activités sont admises à condition : • d’être compatibles avec la proximité d’habitation ; • d’être compatibles avec les infrastructures existantes ; • de ne pas générer de nuisances (bruit, trafic, poussières, odeurs...) ou de risques supplémentaires. 1.1.2. Les dépôts et stockages de matériaux à ciel ouvert et non clos sont interdits à l'exception des dépôts temporaires liés à des chantiers et des stockages de bois de chauffage.","…tres activités des secteurs secondaire ou tertiaire - Industrie X A condition que ce soit compatible avec le voisinage d’habitation. - Entrepôt X La surface de plancher est limitée à 100m². - Bureau - Centre de congrès et d’exposition X Activités interdites ou soumises à des conditions particulières 1.1.1. Les activités sont admises à condition : • d’être compatibles avec la proximité d’habitation ; • d’être compatibles avec les infrastructures existantes ; • de ne pas générer de nuisances (bruit, trafic, poussières, odeurs...) ou de risques supplémentaires. 1.1.2. Les dépôts et stockages de matériaux à ciel ouvert et non clos sont interdits à l'exception des dépôts temporaires liés à des chantiers et des stockages de bois de chauffage. 1.1.3. Les carrières sont interdites. Usages et affectations des sols soumis à des conditions particulières 1.1.4. Les châssis et les serres sont admis à condition que l’emprise au sol n’excède pas 25m² par unité foncière et que la hauteur soit limitée à 3 mètres. 44/200 OTE Ingénierie Indice 7",forte,"Le règlement conditionne l'admission des activités à l'absence de nuisances, notamment sonores, et à leur compatibilité avec le voisinage d'habitation. Cette règle concerne l'implantation d'activités par rapport à des habitations, ce qui relève bien du périmètre diagBruit (aménagement urbain/bâtiments), et non d'une infrastructure de transport.",prescription,opposable en conformité,autre,validé,False,,23,,doublon,,1_67080_reglement_20260408.pdf
042bb10d8d0fff992a5bfa427b7ad295,2_67095_reglement_20180528.pdf,Plan Local d'Urbanisme (PLU) de la commune de DIEMERINGEN,Diemeringen,règlement écrit,https://www.geoportail-urbanisme.gouv.fr/api/document/042bb10d8d0fff992a5bfa427b7ad295/files/67095_reglement_20180528.pdf,page,page 13,13,UB,zone_specifique,"Les établissements et installations de toute nature destinés à accueillir des activités pouvant porter atteinte à la salubrité et à la sécurité, ou apporter une gêne matérielle, sonore, olfactive ou visuelle, ou qui engendrent des risques ou nuisances incompatibles avec le caractère de la zone (bruits,","…s spéciales, conformément aux dispositions de l’article R 111-2 du code de l’urbanisme. La zone est concernée par les périmètres de protection des captages d’eau potable. Par conséquent, les prescriptions de l’arrêté déclaratif d’utilité publique desdits captages d’eau s’y appliquent et doivent être Les établissements et installations de toute nature destinés à accueillir des activités pouvant porter atteinte à la salubrité et à la sécurité, ou apporter une gêne matérielle, sonore, olfactive ou visuelle, ou qui engendrent des risques ou nuisances incompatibles avec le caractère de la zone (bruits, trépidations, odeurs….), ou qui, par leur taille ou leur organisation sont incompatibles avec la structure architecturale ou urbaine de la zone 1.2. Les modes particuliers d’utilisation du sol suivants : - les parcs d’attraction ouverts au public ; - le stationnement sans droit de caravanes isolées…",forte,"Le règlement de la zone UB interdit les établissements et installations pouvant apporter une gêne sonore ou générer des nuisances de bruit incompatibles avec le caractère de la zone. Il s'agit d'une règle autonome d'urbanisme (interdiction d'occupations du sol) liée au bruit, distincte du classement sonore des voies ou du PEB, applicable spécifiquement à la zone UB.",prescription,opposable en conformité,lutte_bruit_existant,validé,False,,23,1_67095_reglement_20180528.pdf,doublon,,1_67095_reglement_20180528.pdf
327fe4caaec3e723896a4fa2d9e1af80,2_67186_padd_20210107.pdf,Plan Local d'Urbanisme (PLU) de la commune de HEGENEY,Hegeney,PADD,https://www.geoportail-urbanisme.gouv.fr/api/document/327fe4caaec3e723896a4fa2d9e1af80/files/67186_padd_20210107.pdf,page,page 13,13,Secteur le long de la RD 27,zone_specifique,Prévenir l’exposition aux nuisances sonores le long de la RD 27 par l'entretien des îlots de ralentissement et en rappelant les obligations en matière d’isolation acoustique dans le règlement.,"…risques et en privilégiant les constructions dans les secteurs qui en sont exempts. > Tenir compte du risque modéré lié au phénomène de retrait et gonflement des sols argileux. > Informer la population des risques présents sur la commune. • MENAGER LES ZONES SENSIBLES AU BRUIT : LE LONG DE LA RD 27 Prévenir l’exposition aux nuisances sonores le long de la RD 27 par l'entretien des îlots de ralentissement et en rappelant les obligations en matière d’isolation acoustique dans le règlement. agricoles ouverts • PRESERVER ET RENFORCER LA CEINTURE ARBOREE AUTOUR DU VILLAGE > Lorsque la ceinture arborée est menacée par l'urbanisation, elle sera reconstituée. PLAN LOCAL D’URBANISME DE HEGENEY • PROJET D’AMÉNAGEMENT ET DE DÉVELOPPEMENT DURABLES 11",forte,"Le PADD identifie une zone sensible au bruit le long de la RD 27 et prévoit une recommandation autonome (entretien d'îlots de ralentissement, rappel des obligations d'isolation acoustique dans le règlement), distincte du simple classement sonore. Cette règle concerne les constructions à proximité de la voie, donc relève du périmètre diagBruit. La portée est limitée géographiquement au secteur riverain de la RD 27, ce qui n'a pas de contour automatiquement disponible.",recommandation,non opposable,lutte_bruit_existant,validé,False,,23,1_67186_padd_20210107.pdf,doublon,,1_67186_padd_20210107.pdf
82eeb21b6a85ba624ac13526596f3b2d,1_67246_reglement_20260409.pdf,Plan Local d'Urbanisme (PLU) de la commune de KOGENHEIM,Kogenheim,règlement écrit,https://www.geoportail-urbanisme.gouv.fr/api/document/82eeb21b6a85ba624ac13526596f3b2d/files/67246_reglement_20260409.pdf,alinea,Article 1.2.,13,,zone_specifique,"Les nouvelles constructions à destination d’établissements d'enseignement, de santé et d'action sociale à condition d’être situées en dehors des secteurs affectés par le bruit lié aux infrastructures de transport terrestre figurant en annexe du présent PLU.","…tions les usages et affectations des sols, constructions et activités suivants : 1. Les constructions, mentionnées dans le tableau de synthèse comme « autorisées sous condition », à condition d’être compatibles avec le voisinage d’habitation et de ne pas porter atteinte à la sécurité et la salubrité Les nouvelles constructions à destination d’établissements d'enseignement, de santé et d'action sociale à condition d’être situées en dehors des secteurs affectés par le bruit lié aux infrastructures de transport terrestre figurant en annexe du présent PLU. 4. Les affouillements et exhaussements du sol directement liés ou nécessaires à une occupation du sol autorisée dans la zone ou aux fouilles archéologiques. 13 * se reporter au lexique pour la définition",totale,"Le passage interdit (via condition non remplie) les nouvelles constructions d'établissements sensibles (enseignement, santé, action sociale) dans les secteurs affectés par le bruit des infrastructures de transport terrestre. Il ne s'agit pas d'un simple renvoi à l'isolement acoustique standard du classement sonore, mais d'une règle différente et plus stricte : une interdiction d'implantation de certains types de bâtiments sensibles dans ces secteurs, ce qui va au-delà de la simple exigence d'isolement acoustique. Cette règle relève donc bien du périmètre diagBruit et constitue une règle autonome. La portée est zone_specifique car elle s'applique uniquement dans la zone réglementaire dont ce règlement de zone traite (à préciser via le zonage du document).",prescription,opposable en conformité,autre,validé,False,,33,2_67246_reglement_20260409.pdf,doublon,,3_67246_reglement_20260409.pdf
82eeb21b6a85ba624ac13526596f3b2d,2_67246_reglement_20260409.pdf,Plan Local d'Urbanisme (PLU) de la commune de KOGENHEIM,Kogenheim,règlement écrit,https://www.geoportail-urbanisme.gouv.fr/api/document/82eeb21b6a85ba624ac13526596f3b2d/files/67246_reglement_20260409.pdf,alinea,Article 1.2.,23,,zone_specifique,"Les nouvelles constructions à destination d’établissements d'enseignement, de santé et d'action sociale à condition d’être situées en dehors des secteurs affectés par le bruit lié aux infrastructures de transport terrestre figurant en annexe du présent PLU.","…tions les usages et affectations des sols, constructions et activités suivants : 1. Les constructions, mentionnées dans le tableau de synthèse comme « autorisées sous condition », à condition d’être compatibles avec le voisinage d’habitation et de ne pas porter atteinte à la sécurité et la salubrité Les nouvelles constructions à destination d’établissements d'enseignement, de santé et d'action sociale à condition d’être situées en dehors des secteurs affectés par le bruit lié aux infrastructures de transport terrestre figurant en annexe du présent PLU. 4. Les affouillements et exhaussements du sol directement liés ou nécessaires à une occupation du sol autorisée dans la zone ou aux fouilles archéologiques. 23 * se reporter au lexique pour la définition",totale,"Le passage interdit (sauf condition) l'implantation de nouvelles constructions sensibles (établissements d'enseignement, de santé, d'action sociale) dans les secteurs affectés par le bruit des infrastructures de transport terrestre. Il ne s'agit pas d'un simple rappel de l'isolement acoustique renforcé prévu par le classement sonore, mais d'une règle différente et autonome : une interdiction/restriction d'usage (localisation des constructions) fondée sur ce zonage, ce qui va au-delà de la simple application de l'arrêté de classement sonore. Cette règle relève bien du périmètre diagBruit car elle concerne l'implantation de bâtiments sensibles. La portée est spécifique à la zone réglementaire dans laquelle ce passage s'insère (zone dont le tableau de synthèse est mentionné).",prescription,opposable en conformité,autre,validé,False,,33,1_67246_reglement_20260409.pdf,doublon,,3_67246_reglement_20260409.pdf
af81b900318ba97d31ca21fae4b03e6c,2_67505_reglement_20200731.pdf,Plan Local d'Urbanisme (PLU) de la commune de LA VANCELLE,La Vancelle,règlement écrit,https://www.geoportail-urbanisme.gouv.fr/api/document/af81b900318ba97d31ca21fae4b03e6c/files/67505_reglement_20200731.pdf,alinea,Article UB,21,UB,zone_specifique,"Les activités, constructions et installations de nature à entraîner des nuisances incompatibles avec le voisinage (nuisances sonores, olfactives, polluantes…) ou une atteinte à la salubrité et à la sécurité publique.","…et d’action sociale Salles d’art et de spectacles Equipements sportifs Autres équipements recevant du public Légende : Int La sous-destination est interdite. La sous-destination est soumise à condition(s). Les numéros figurant dans la Si 2.X case renvoient aux conditions détaillées à l’article UB 2. Les activités, constructions et installations de nature à entraîner des nuisances incompatibles avec le voisinage (nuisances sonores, olfactives, polluantes…) ou une atteinte à la salubrité et à la sécurité publique. salubrité et à la sécurité publique. 1.4 Les nouvelles occupations et utilisations du sol suivantes : - les parcs d'attraction ouverts au public, - le stationnement de caravanes isolées, - les terrains de camping et de caravanage (hors UBb), - les garages collectifs de caravanes, - les terrains d'ac…",forte,"Le règlement de la zone UB interdit les activités, constructions et installations de nature à entraîner des nuisances sonores (entre autres) incompatibles avec le voisinage, ainsi que leur agrandissement s'il augmente ces nuisances. Il s'agit d'une règle autonome liée au bruit, propre à la zone UB, sans lien avec le classement sonore des voies ou le PEB.",prescription,opposable en conformité,autre,validé,False,,23,,doublon,,1_67505_reglement_20200731.pdf__2
8ae18694b57b473bb4461d1d66380731,4_67261_reglement_20250505.pdf,Plan Local d'Urbanisme (PLU) de la commune de LAUTERBOURG,Lauterbourg,règlement écrit,https://www.geoportail-urbanisme.gouv.fr/api/document/8ae18694b57b473bb4461d1d66380731/files/67261_reglement_20250505.pdf,page,page 18,18,Ue,administrative,"d’établissements de toute nature - commerces, de restaurants, qu’ils comportent ou non des équipements sanitaires, de sports et installations classées - s’il en résulte de détente dans la limite d’une une augmentation significative des emprise au sol supplémentaire totale • En dérogation des alinéas présentés ci- nuisances (notamment sonores et cumulée de 1500 mètres carrés par dessus, des constructions peuvent être","…r les schémas en grand format en annexe des mesures compensatoires de au moment de l’approbation du PLU. développement de la biodiversité. • Les équipements sportifs et de loisirs de plein air. • Excepté en secteur Ue, la création, l’extension ou la transformation • La construction ou l’extension de d’établissements de toute nature - commerces, de restaurants, qu’ils comportent ou non des équipements sanitaires, de sports et installations classées - s’il en résulte de détente dans la limite d’une une augmentation significative des emprise au sol supplémentaire totale • En dérogation des alinéas présentés ci- nuisances (notamment sonores et cumulée de 1500 mètres carrés par dessus, des constructions peuvent être SECTEUR olfactives) pour le voisinage, ainsi rapport à celle existante au moment Ut q sa u l e u b d r e it s é r e is t q la u e s s é c a u c r c it r é u s p u p b o l u iq r u la e . • L co a n c s r t é r a u t c io ti n o , n l s ’e e x t t e le n s s i a o m n é d n e a gements de l’approbati…",moyenne,"Le passage encadre la création, l'extension ou la transformation d'établissements (commerces, restaurants, sports/loisirs) en limitant l'augmentation d'emprise au sol si cela entraîne une augmentation significative des nuisances, notamment sonores, pour le voisinage. Il s'agit d'une règle autonome liée au bruit qui vise à protéger le voisinage des nuisances sonores générées par ces activités, indépendamment du classement sonore des voies ou du PEB. Le texte est cependant assez confus et fragmenté (mélange de plusieurs alinéas et exceptions), ce qui réduit la clarté de l'extrait.",prescription,opposable en conformité,autre,validé,False,,13,,doublon,,1_67261_reglement_20250505.pdf__6
529d586585da83ff5a056d71c9c1c7eb,1_67266_reglement_20260706.pdf,Plan Local d'Urbanisme (PLU) de la commune de LIMERSHEIM,Limersheim,règlement écrit,https://www.geoportail-urbanisme.gouv.fr/api/document/529d586585da83ff5a056d71c9c1c7eb/files/67266_reglement_20260706.pdf,alinea,Article 2.2.,17,,administrative,"Les pompes à chaleur et autres dispositifs de climatisation, ainsi que les équipements liés au fonctionnement des piscines devront être implantés de manière à présenter le moins possible de nuisances sonores pour le voisinage dans la mesure où les conditions techniques d'implantation le permettent.","* se reporter au lexique pour la définition Les pompes à chaleur et autres dispositifs de climatisation, ainsi que les équipements liés au fonctionnement des piscines devront être implantés de manière à présenter le moins possible de nuisances sonores pour le voisinage dans la mesure où les conditions techniques d'implantation le permettent. 4. Les pompes à chaleur ne devront pas être visibles depuis le domaine public, dans la mesure où les conditions
techniques d'implantation le permettent.",totale,"Le passage impose une implantation des pompes à chaleur, dispositifs de climatisation et équipements de piscines de manière à limiter les nuisances sonores pour le voisinage, sous réserve des contraintes techniques. C'est une règle autonome liée au bruit dans le cadre de projets de construction, applicable a priori à l'ensemble du zonage du document (aucune limite spatiale spécifique mentionnée).",prescription,opposable en conformité,autre,validé,True,élevée,32,3_67266_reglement_20260706.pdf,doublon,,3_67266_reglement_20260706.pdf
529d586585da83ff5a056d71c9c1c7eb,2_67266_reglement_20260706.pdf,Plan Local d'Urbanisme (PLU) de la commune de LIMERSHEIM,Limersheim,règlement écrit,https://www.geoportail-urbanisme.gouv.fr/api/document/529d586585da83ff5a056d71c9c1c7eb/files/67266_reglement_20260706.pdf,alinea,Article 2.2.,27,,administrative,"Les pompes à chaleur et autres dispositifs de climatisation, ainsi que les équipements liés au fonctionnement des piscines devront être implantés de manière à présenter le moins possible de nuisances sonores pour le voisinage dans la mesure où les conditions techniques d'implantation le permettent.","que postes de transformation électrique dont l'implantation ne devra cependant pas nuire à la qualité des
alignements existants et du paysage urbain. Les pompes à chaleur et autres dispositifs de climatisation, ainsi que les équipements liés au fonctionnement des piscines devront être implantés de manière à présenter le moins possible de nuisances sonores pour le voisinage dans la mesure où les conditions techniques d'implantation le permettent. 6. Les pompes à chaleur ne devront pas être visibles depuis le domaine public, dans la mesure où les conditions
techniques d'implantation le permettent.",totale,"Le passage impose que les équipements techniques (pompes à chaleur, climatisation, équipements de piscine) soient implantés de manière à limiter les nuisances sonores pour le voisinage. C'est une règle autonome liée aux bâtiments (équipements annexes), formulée comme une recommandation conditionnée aux contraintes techniques, applicable semble-t-il à l'ensemble de la zone du règlement sans secteur spécifique mentionné.",recommandation,opposable en conformité,lutte_bruit_existant,validé,True,élevée,32,,doublon,,3_67266_reglement_20260706.pdf
ca84fda748e905528fde6670420367c7,2_67327_reglement_20231212.pdf,Plan Local d'Urbanisme (PLU) de la commune de NIEDERLAUTERBACH,Niederlauterbach,règlement écrit,https://www.geoportail-urbanisme.gouv.fr/api/document/ca84fda748e905528fde6670420367c7/files/67327_reglement_20231212.pdf,page,page 22,22,,administrative,"La création, l'extension ou la transformation d'établissements de toute nature - qu'ils comportent ou non des installations classées - s'il en résulte une augmentation significative des nuisances {notamment sonores et olfactives) pour le voisinage, ainsi que des risques accrus pour la salubrité et la sécurité publique.","Les affouillements et exhaussements
du sol autres que ceux liés aux
occupations et utilisations du sol
admises dans la zone. La création, l'extension ou la transformation d'établissements de toute nature - qu'ils comportent ou non des installations classées - s'il en résulte une augmentation significative des nuisances {notamment sonores et olfactives) pour le voisinage, ainsi que des risques accrus pour la salubrité et la sécurité publique. + La création, l'extension de
constructions et les aménagements
destinés :",totale,"Le passage interdit la création, l'extension ou la transformation d'établissements générant une augmentation significative des nuisances sonores (et autres) pour le voisinage. Il s'agit d'une règle autonome liée au bruit dans le cadre de projets de constructions/aménagements urbains, applicable à l'ensemble de la zone concernée par ce règlement (portée administrative, aucune zone spécifique mentionnée).",prescription,opposable en conformité,lutte_bruit_existant,validé,True,élevée,32,,doublon,,1_67327_reglement_20231212.pdf
ca84fda748e905528fde6670420367c7,4_67327_reglement_20231212.pdf,Plan Local d'Urbanisme (PLU) de la commune de NIEDERLAUTERBACH,Niederlauterbach,règlement écrit,https://www.geoportail-urbanisme.gouv.fr/api/document/ca84fda748e905528fde6670420367c7/files/67327_reglement_20231212.pdf,page,page 27,27,,administrative,"Les éléments techniques extérieurs liés au bâtiment (centrales de traitement d'air, unités extérieures de pompes à chaleur, unités de climatisation) devront être traités de manière à limiter l'émergence acoustique.","EMERGENCES ACOUSTIQUES Les éléments techniques extérieurs liés au bâtiment (centrales de traitement d'air, unités extérieures de pompes à chaleur, unités de climatisation) devront être traités de manière à limiter l'émergence acoustique. NIERDERLAUTERBACH",totale,"Le passage impose un traitement des équipements techniques extérieurs (climatisation, pompes à chaleur, VMC) pour limiter les émergences acoustiques vis-à-vis du voisinage. C'est une règle autonome relative aux constructions, applicable semble-t-il à l'ensemble du zonage sans secteur particulier précisé.",prescription,opposable en conformité,autre,validé,True,élevée,32,3_67327_reglement_20231212.pdf,doublon,,3_67327_reglement_20231212.pdf
ca84fda748e905528fde6670420367c7,5_67327_reglement_20231212.pdf,Plan Local d'Urbanisme (PLU) de la commune de NIEDERLAUTERBACH,Niederlauterbach,règlement écrit,https://www.geoportail-urbanisme.gouv.fr/api/document/ca84fda748e905528fde6670420367c7/files/67327_reglement_20231212.pdf,page,page 33,33,,administrative,"ou celles rendues indispensables pour des motifs de sécurité. Dans ce cas, elles
d'une haie vive à feulllage caduc, pouvant, ls cas
ET DES ABORDS échéant, être doublé d’un grillage posé côté intérieur de la haie.
+ Dans le cadre de l'implantation de bâtiments à usage agricole et de réalisation
d'aires de stockage, un projet d'intégration paysagère à partir d'implantation
Ensemble d'arbres à hautes tiges ou de haies vives, composées d’essences champêtres
(feuillus et fruitiers), sera exigé.
de la…","AMÉNAGEMENTS - Seules sont admises les clôtures précaires nécessaires à l'exploitation agricole
DES CLÔTURES doivent être constit! ou celles rendues indispensables pour des motifs de sécurité. Dans ce cas, elles
d'une haie vive à feulllage caduc, pouvant, ls cas
ET DES ABORDS échéant, être doublé d’un grillage posé côté intérieur de la haie.
+ Dans le cadre de l'implantation de bâtiments à usage agricole et de réalisation
d'aires de stockage, un projet d'intégration paysagère à partir d'implantation
Ensemble d'arbres à hautes tiges ou de haies vives, composées d’essences champêtres
(feuillus et fruitiers), sera exigé.
de la… ARTICLE A6 TRAITEMENT ENVIRONNEMENTAL
ET PAYSAGER DES ESPACES",totale,"Le passage impose que les éléments techniques extérieurs liés au bâtiment (centrales de traitement d'air, unités extérieures de pompes à chaleur, unités de climatisation, pompe de traitement des eaux de piscine) soient traités de manière à limiter l'émergence acoustique. Cette règle concerne directement les bâtiments (nouvelles constructions et équipements associés) et relève donc du périmètre diagBruit. Aucune limite spatiale spécifique n'est indiquée, la règle semble s'appliquer à l'ensemble de la zone réglementée par cet article (A6), traitée ici comme portée administrative faute de précision contraire.",prescription,opposable en conformité,autre,validé,True,élevée,32,,doublon,,3_67327_reglement_20231212.pdf
ca84fda748e905528fde6670420367c7,6_67327_reglement_20231212.pdf,Plan Local d'Urbanisme (PLU) de la commune de NIEDERLAUTERBACH,Niederlauterbach,règlement écrit,https://www.geoportail-urbanisme.gouv.fr/api/document/ca84fda748e905528fde6670420367c7/files/67327_reglement_20231212.pdf,page,page 36,36,,administrative,"ÉCONOMIES D'ÉNERGIE ET. gratuits en hiver et protégées du rayonnement solaire direct en été -, compactes, |
| L'ADAPTATION CLIMATIQUE très isolées, mettant en oeuvre des systèmes énergétiques efficaces et utilisant
| les énergies renouvelables. = = =
| * Les éléments techniques extérieurs liés au bâtiment (centrales de traitement d'air,
EMERGENCES ACOUSTIQUES unités extérieures de pompes à chaleur, unités de climatisation.) devront être
| traités de manière à limiter l'émergence acoustique.","_ | ÉCONOMIES D'ÉNERGIE ET. gratuits en hiver et protégées du rayonnement solaire direct en été -, compactes, |
| L'ADAPTATION CLIMATIQUE très isolées, mettant en oeuvre des systèmes énergétiques efficaces et utilisant
| les énergies renouvelables. = = =
| * Les éléments techniques extérieurs liés au bâtiment (centrales de traitement d'air,
EMERGENCES ACOUSTIQUES unités extérieures de pompes à chaleur, unités de climatisation.) devront être
| traités de manière à limiter l'émergence acoustique. EI PLAN LocaL D'URBANISME - RÈGLEMENT",totale,"Le passage impose que les éléments techniques extérieurs liés au bâtiment (climatisation, pompes à chaleur, centrales de traitement d'air) soient traités pour limiter les émergences acoustiques qu'ils génèrent. Il s'agit d'une règle autonome liée au bruit, concernant directement les bâtiments, sans lien avec le classement sonore ou le PEB. Aucune limite spatiale spécifique n'étant précisée, la règle est considérée comme applicable à l'ensemble du document.",prescription,opposable en conformité,autre,validé,True,élevée,32,,doublon,,3_67327_reglement_20231212.pdf
a140daa327d42ef2ed7d0d1a0d4d14d7,3_67401_reglement_20251222.pdf,Plan Local d'Urbanisme (PLU) de la commune de RIMSDORF,Rimsdorf,règlement écrit,https://www.geoportail-urbanisme.gouv.fr/api/document/a140daa327d42ef2ed7d0d1a0d4d14d7/files/67401_reglement_20251222.pdf,page,page 13,13,UB,zone_specifique,"qui engendrent des risques ou nuisances incompatibles avec le caractère de la zone (bruits, trépidations, odeurs…)","…upes d'habitation). Articles UB 1 : Occupations et utilisations du sol interdites 1.1. Les établissements et installations de toutes natures destinés à accueillir des activités pouvant porter atteinte à la salubrité et à la sécurité, ou apporter une gêne matérielle, sonore, olfactive ou visuelle, ou qui engendrent des risques ou nuisances incompatibles avec le caractère de la zone (bruits, trépidations, odeurs…) 1.3. Les modes particuliers d'utilisation du sol suivants : - les parcs d'attraction et de jeux permanents, stands et champs de tir, aires aménagées pour la pratique des sports motorisés ; - les terrains de camping et de caravanage ; - les garages collectifs de caravanes de plus de 10 unités ; - les…",forte,"Le règlement de la zone UB interdit les établissements générant des nuisances sonores incompatibles avec le caractère de la zone, ainsi que l'agrandissement d'établissements existants entraînant une augmentation substantielle de nuisances (bruits, trépidations) pour le voisinage des habitations. Il s'agit d'une règle d'urbanisme autonome (interdiction d'occupations du sol) liée au bruit, distincte du classement sonore ou du PEB, et applicable spécifiquement à la zone UB.",prescription,opposable en conformité,autre,validé,False,,23,,doublon,,2_67401_reglement_20251222.pdf
fc6bee104103d89651e5a0410d49cd49,2_67443_reglement_20200303.pdf,Plan Local d'Urbanisme (PLU) de la commune de SCHEIBENHARD,Scheibenhard,règlement écrit,https://www.geoportail-urbanisme.gouv.fr/api/document/fc6bee104103d89651e5a0410d49cd49/files/67443_reglement_20200303.pdf,page,page 17,17,Uc1,zone_specifique,"(notamment sonores et olfactives) •aux équipements d'intérêt l’alignement à l’emprise publique peut se substituer à la construction en limite. Dans ce cas, l’ouverture d’entrée de hauteur inférieure ou égale à celle du bâtiment agrandi. SECTEUR pour le voisinage, ainsi que des collectif et services publics.","…is pour le débord des significative des nuisances destinés : comprise entre 2,5 mètre et 3,5 mètres (hauteur maximale portée à 4,5 mètres pour la réalisation de porches) marquant gouttières caractéristique des passages usuellement nommé Schlupf), ceci sur une longueur maximale de 5 mètres et sur une (notamment sonores et olfactives) •aux équipements d'intérêt l’alignement à l’emprise publique peut se substituer à la construction en limite. Dans ce cas, l’ouverture d’entrée de hauteur inférieure ou égale à celle du bâtiment agrandi. SECTEUR pour le voisinage, ainsi que des collectif et services publics. Uc1 risques accrus pour la salubrité et la •Commerce de détail, restauration, distance par rapport à l’emprise publique. sécurité publique. activités de services où s'effectue ‣ Dans le cas d’une construction comportant un décroché, seul un minimum de 50% de la façade sur rue doit respecter les l'ac…",faible,"Le passage évoque, dans la zone Uc1, une limitation apportée à certains usages (commerce de détail, restauration, activités de services) en raison de nuisances notamment sonores et olfactives pour le voisinage, ainsi que des risques accrus pour la salubrité et la sécurité publique. Il s'agit d'une règle autonome liée aux nuisances sonores générées par des activités/constructions, distincte du classement sonore des voies ou du PEB. Le texte est toutefois très fragmenté et coupé, rendant la formulation exacte de la règle peu claire.",prescription,opposable en conformité,autre,validé,False,,3,4_67443_reglement_20200303.pdf,doublon,,1_67443_reglement_20200303.pdf
fc6bee104103d89651e5a0410d49cd49,3_67443_reglement_20200303.pdf,Plan Local d'Urbanisme (PLU) de la commune de SCHEIBENHARD,Scheibenhard,règlement écrit,https://www.geoportail-urbanisme.gouv.fr/api/document/fc6bee104103d89651e5a0410d49cd49/files/67443_reglement_20200303.pdf,page,page 18,18,Uc1,zone_specifique,"(notamment sonores et olfactives) •aux équipements d'intérêt l’alignement à l’emprise publique peut se substituer à la construction en limite. Dans ce cas, l’ouverture d’entrée de hauteur inférieure ou égale à celle du bâtiment agrandi. SECTEUR pour le voisinage, ainsi que des collectif et services publics. propriété ne peut excéder une largeur de 4 mètres et les constructions peuvent être implantées sans contrainte de","…is pour le débord des significative des nuisances destinés : comprise entre 2,5 mètre et 3,5 mètres (hauteur maximale portée à 4,5 mètres pour la réalisation de porches) marquant gouttières caractéristique des passages usuellement nommé Schlupf), ceci sur une longueur maximale de 5 mètres et sur une (notamment sonores et olfactives) •aux équipements d'intérêt l’alignement à l’emprise publique peut se substituer à la construction en limite. Dans ce cas, l’ouverture d’entrée de hauteur inférieure ou égale à celle du bâtiment agrandi. SECTEUR pour le voisinage, ainsi que des collectif et services publics. propriété ne peut excéder une largeur de 4 mètres et les constructions peuvent être implantées sans contrainte de Uc1 risques accrus pour la salubrité et la •Commerce de détail, restauration, distance par rapport à l’emprise publique. sécurité publique. activités de services où s'effectue ‣ Dans le cas d’une construction comportant un décroché, seul un minimum de 50% de la façade sur rue doit respecter les l'ac…",faible,"Le passage mentionne, dans une liste de motifs justifiant des règles d'implantation dans le secteur Uc1, la prise en compte des nuisances (notamment sonores et olfactives) pour le voisinage liées à certains usages (commerce, restauration, services). Il s'agit d'une règle autonome d'urbanisme (implantation des constructions par rapport au bruit potentiel généré par les activités) qui n'a pas de rapport avec le classement sonore des infrastructures de transport ni le PEB. Cependant l'extrait est très fragmenté et coupé, mélangeant plusieurs éléments réglementaires (hauteur, alignement, activités) sans qu'on distingue clairement la portée exacte de la règle liée au bruit, d'où une confiance faible.",prescription,opposable en conformité,autre,validé,False,,3,2_67443_reglement_20200303.pdf,doublon,,1_67443_reglement_20200303.pdf
fc6bee104103d89651e5a0410d49cd49,4_67443_reglement_20200303.pdf,Plan Local d'Urbanisme (PLU) de la commune de SCHEIBENHARD,Scheibenhard,règlement écrit,https://www.geoportail-urbanisme.gouv.fr/api/document/fc6bee104103d89651e5a0410d49cd49/files/67443_reglement_20200303.pdf,page,page 19,19,Uc1,zone_specifique,"(notamment sonores et olfactives) •aux équipements d'intérêt l’alignement à l’emprise publique peut se substituer à la construction en limite. Dans ce cas, l’ouverture d’entrée de hauteur inférieure ou égale à celle du bâtiment agrandi. SECTEUR pour le voisinage, ainsi que des collectif et services publics.","…is pour le débord des significative des nuisances destinés : comprise entre 2,5 mètre et 3,5 mètres (hauteur maximale portée à 4,5 mètres pour la réalisation de porches) marquant gouttières caractéristique des passages usuellement nommé Schlupf), ceci sur une longueur maximale de 5 mètres et sur une (notamment sonores et olfactives) •aux équipements d'intérêt l’alignement à l’emprise publique peut se substituer à la construction en limite. Dans ce cas, l’ouverture d’entrée de hauteur inférieure ou égale à celle du bâtiment agrandi. SECTEUR pour le voisinage, ainsi que des collectif et services publics. Uc1 risques accrus pour la salubrité et la •Commerce de détail, restauration, distance par rapport à l’emprise publique. sécurité publique. activités de services où s'effectue ‣ Dans le cas d’une construction comportant un décroché, seul un minimum de 50% de la façade sur rue doit respecter les l'ac…",faible,"Le passage mentionne un secteur Uc1 lié à des risques accrus pour le voisinage liés à des nuisances notamment sonores et olfactives, en lien avec des activités de commerce/services. Il s'agit d'une règle relative à l'implantation ou à la limitation de certaines activités générant des nuisances sonores dans une zone urbaine spécifique, donc dans le périmètre diagBruit. Toutefois le texte est très fragmenté et coupé, mélangeant plusieurs sujets (implantation des constructions, gabarits, activités), rendant la règle sonore peu nette.",prescription,opposable en conformité,autre,validé,False,,3,2_67443_reglement_20200303.pdf,doublon,,1_67443_reglement_20200303.pdf
b41a7e70e8fbeb0240065dde230a8ce6,2_67445_reglement_20230228.pdf,Plan Local d'Urbanisme (PLU) de la commune de SCHERWILLER,Scherwiller,règlement écrit,https://www.geoportail-urbanisme.gouv.fr/api/document/b41a7e70e8fbeb0240065dde230a8ce6/files/67445_reglement_20230228.pdf,alinea,Article 2,74,zone résidentielle (secteur IAUk),zone_specifique,"Les constructions à usage d’artisanat, de commerce, de bureau ou de service à condition  que les activités exercées ne créent pas de nuisances (bruit, fumées, odeur, poussière, etc.) ou de dangers incompatibles avec le caractère résidentiel de la zone. Dans le secteur IAUk Dans le secteur de prescriptions particulières figurant au plan de règlement (représenté par les symboles οοο) ne sont admis que les bâtiments annexes et les piscines à condition que la","…du projet ne doit pas provoquer la formation de terrains enclavés ou de terrains  délaissés inconstructibles, Le terrain d'opération devra être contigu à des équipements publics existants ou  financièrement programmés. 3 - Occupations et utilisations du sol soumises à des conditions particulières Les constructions à usage d’artisanat, de commerce, de bureau ou de service à condition  que les activités exercées ne créent pas de nuisances (bruit, fumées, odeur, poussière, etc.) ou de dangers incompatibles avec le caractère résidentiel de la zone. Dans le secteur IAUk Dans le secteur de prescriptions particulières figurant au plan de règlement (représenté par les symboles οοο) ne sont admis que les bâtiments annexes et les piscines à condition que la surface de plancher totale cumulée n’excède pas 20m². Les coupes et abattages d’arbres sous réserve de leur remplacement. SECTION 2 : CONDITIONS DE L'OCCUPATION DU SOL",totale,"Le passage impose une condition d'admission des constructions à usage d'artisanat, commerce, bureau ou service : ces activités ne doivent pas créer de nuisances, dont le bruit, incompatibles avec le caractère résidentiel de la zone. Il s'agit d'une règle autonome d'urbanisme (limitation des activités admises selon leur impact sonore), distincte du classement sonore des voies ou du PEB, et concernant directement les bâtiments à vocation économique implantés dans la zone.",prescription,opposable en conformité,autre,validé,False,,33,,doublon,,1_67445_reglement_20230228.pdf
d699ee12b61bc58eb849e550fac799eb,11_67523_reglement_20191205.pdf,Plan Local d'Urbanisme (PLU) de la commune de WEITBRUCH,Weitbruch,règlement écrit,https://www.geoportail-urbanisme.gouv.fr/api/document/d699ee12b61bc58eb849e550fac799eb/files/67523_reglement_20191205.pdf,alinea,Article au3,28,,administrative,"de piscine, etc) devront être traités de manière à limiter l’émergence acoustique. 5","…pour les espaces extérieurs devra privilégier les tons clairs caractérisés par un albédo* élevé. EMERGENCES • Les éléments techniques extérieurs liés au bâtiment (centrales de traitement d’air, unités extérieures de pompes à chaleur, unités de climatisation, pompe de traitements des eaux ACOUSTIQUES de piscine, etc) devront être traités de manière à limiter l’émergence acoustique. 5 article au4 stationneMent ESPRIT DE LA RÈGLE : évITER L'omnIPRéSEnCE DE LA voITuRE DAnS LES RuES L'objectif d'aménagement est de privilégier une ambiance de rue (voir OAP), certes fonctionnelle pour les voitures, mais sans marquer leurs omniprésences dans l'espace. De ce fait, il importe de garantir…",forte,"La règle prescrit que les équipements techniques extérieurs liés au bâtiment (climatisation, pompes à chaleur, etc.) soient traités pour limiter l'émergence acoustique. C'est une règle autonome relative aux bâtiments, dans le périmètre de diagBruit, sans lien avec le classement sonore ou le PEB. Aucune limite spatiale spécifique n'étant précisée, elle s'applique à l'ensemble du document.",recommandation,opposable en conformité,autre,validé,False,,23,14_67523_reglement_20191205.pdf,doublon,,18_67523_reglement_20191205.pdf
d699ee12b61bc58eb849e550fac799eb,13_67523_reglement_20191205.pdf,Plan Local d'Urbanisme (PLU) de la commune de WEITBRUCH,Weitbruch,règlement écrit,https://www.geoportail-urbanisme.gouv.fr/api/document/d699ee12b61bc58eb849e550fac799eb/files/67523_reglement_20191205.pdf,alinea,Article au4,29,,administrative,"de piscine, etc) devront être traités de manière à limiter l’émergence acoustique. 5","…pour les espaces extérieurs devra privilégier les tons clairs caractérisés par un albédo* élevé. EMERGENCES • Les éléments techniques extérieurs liés au bâtiment (centrales de traitement d’air, unités extérieures de pompes à chaleur, unités de climatisation, pompe de traitements des eaux ACOUSTIQUES de piscine, etc) devront être traités de manière à limiter l’émergence acoustique. 5 PPRRAAGGMMAA",forte,"Le passage impose que les équipements techniques extérieurs liés au bâtiment (climatisation, PAC, traitement d'air/eaux de piscine) soient traités pour limiter l'émergence acoustique. Cette règle concerne directement les bâtiments et leurs équipements, donc relève pleinement du périmètre diagBruit, avec une portée qui semble s'appliquer à l'ensemble du zonage (aucune limite spatiale précisée).",prescription,opposable en conformité,lutte_bruit_existant,validé,False,,23,16_67523_reglement_20191205.pdf,doublon,,18_67523_reglement_20191205.pdf
d699ee12b61bc58eb849e550fac799eb,16_67523_reglement_20191205.pdf,Plan Local d'Urbanisme (PLU) de la commune de WEITBRUCH,Weitbruch,règlement écrit,https://www.geoportail-urbanisme.gouv.fr/api/document/d699ee12b61bc58eb849e550fac799eb/files/67523_reglement_20191205.pdf,alinea,Article au5,31,,administrative,"de piscine, etc) devront être traités de manière à limiter l’émergence acoustique. 31 WEITBRUCH 5","…pour les espaces extérieurs devra privilégier les tons clairs caractérisés par un albédo* élevé. EMERGENCES • Les éléments techniques extérieurs liés au bâtiment (centrales de traitement d’air, unités extérieures de pompes à chaleur, unités de climatisation, pompe de traitements des eaux ACOUSTIQUES de piscine, etc) devront être traités de manière à limiter l’émergence acoustique. 31 WEITBRUCH 5 PPRRAAGGMMAA traiteMent environneMental et",forte,"Le passage prescrit que les éléments techniques extérieurs liés aux bâtiments (climatisation, pompes à chaleur, etc.) doivent être traités pour limiter l'émergence acoustique. Cette règle concerne directement les bâtiments et relève du périmètre diagBruit. Aucune limite spatiale spécifique n'étant mentionnée, elle s'applique à l'ensemble du zonage du document.",prescription,opposable en conformité,lutte_bruit_existant,validé,False,,23,13_67523_reglement_20191205.pdf,doublon,,18_67523_reglement_20191205.pdf
d699ee12b61bc58eb849e550fac799eb,2_67523_reglement_20191205.pdf,Plan Local d'Urbanisme (PLU) de la commune de WEITBRUCH,Weitbruch,règlement écrit,https://www.geoportail-urbanisme.gouv.fr/api/document/d699ee12b61bc58eb849e550fac799eb/files/67523_reglement_20191205.pdf,page,page 19,19,,administrative,"• soit une concession à long terme dans un parc public de stationnement existant ou EMERGENCES • Les éléments techniques extérieurs liés au bâtiment (centrales de traitement d’air, unités Toutes destinations en cours de réalisation et situé à moins de 200 mètres de l'opération ; ACOUSTIQUES extérieures de pompes à chaleur, unités de climatisation, pompe de traitements des eaux de • soit de l'acquisition des places dans un parc privé de stationnement répondant aux piscine, etc) devront être trait…","…re le phénomène d’îlots de chaleur, l’emploi de revêtements de sols mètres de l’opération. • Le constructeur peut également être tenu quitte de ses obligations en matière de pour les espaces extérieurs devra privilégier les tons clairs caractérisés par un albédo* élevé. stationnement en justifiant : • soit une concession à long terme dans un parc public de stationnement existant ou EMERGENCES • Les éléments techniques extérieurs liés au bâtiment (centrales de traitement d’air, unités Toutes destinations en cours de réalisation et situé à moins de 200 mètres de l'opération ; ACOUSTIQUES extérieures de pompes à chaleur, unités de climatisation, pompe de traitements des eaux de • soit de l'acquisition des places dans un parc privé de stationnement répondant aux piscine, etc) devront être trait… mêmes conditions existant ou en cours de réalisation et situé à moins de 200 mètres de l’opération. 19 WEITBRUCH 2 2",totale,"Le passage impose que les éléments techniques extérieurs liés aux bâtiments (climatisation, pompes à chaleur, etc.) soient traités pour limiter les émergences acoustiques. Cette règle concerne directement les bâtiments et leur impact sonore, ce qui relève bien du périmètre diagBruit. Aucune limite géographique spécifique n'est mentionnée, donc portée administrative par défaut.",prescription,opposable en conformité,autre,validé,False,,33,3_67523_reglement_20191205.pdf,doublon,,18_67523_reglement_20191205.pdf
d699ee12b61bc58eb849e550fac799eb,3_67523_reglement_20191205.pdf,Plan Local d'Urbanisme (PLU) de la commune de WEITBRUCH,Weitbruch,règlement écrit,https://www.geoportail-urbanisme.gouv.fr/api/document/d699ee12b61bc58eb849e550fac799eb/files/67523_reglement_20191205.pdf,page,page 20,20,,administrative,"stationnement en justifiant : • soit une concession à long terme dans un parc public de stationnement existant ou EMERGENCES • Les éléments techniques extérieurs liés au bâtiment (centrales de traitement d’air, unités Toutes destinations en cours de réalisation et situé à moins de 200 mètres de l'opération ; ACOUSTIQUES extérieures de pompes à chaleur, unités de climatisation, pompe de traitements des eaux de","…ironnant. CLIMATIQUE • Dans le cadre de la lutte contre le phénomène d’îlots de chaleur, l’emploi de revêtements de sols • Le constructeur peut également être tenu quitte de ses obligations en matière de pour les espaces extérieurs devra privilégier les tons clairs caractérisés par un albédo* élevé. stationnement en justifiant : • soit une concession à long terme dans un parc public de stationnement existant ou EMERGENCES • Les éléments techniques extérieurs liés au bâtiment (centrales de traitement d’air, unités Toutes destinations en cours de réalisation et situé à moins de 200 mètres de l'opération ; ACOUSTIQUES extérieures de pompes à chaleur, unités de climatisation, pompe de traitements des eaux de • soit de l'acquisition des places dans un parc privé de stationnement répondant aux piscine, etc) devront être traités de manière à limiter l’émergence acoustique. mêmes conditions existant ou en cours de réalisation et situé à moins de 200 mètres de l’opération. 20 Plan local d’Urbanisme - règleme…",totale,"Le passage impose que les éléments techniques extérieurs liés aux bâtiments (climatisation, pompes à chaleur, traitement d'air, etc.) soient traités pour limiter les émergences sonores. Cette règle concerne directement les bâtiments et relève donc du périmètre diagBruit, sans lien avec le classement sonore ou le PEB. Aucune limite spatiale spécifique n'est mentionnée, la règle s'applique donc à l'ensemble du zonage.",prescription,opposable en conformité,autre,validé,False,,33,5_67523_reglement_20191205.pdf,doublon,,18_67523_reglement_20191205.pdf
d699ee12b61bc58eb849e550fac799eb,4_67523_reglement_20191205.pdf,Plan Local d'Urbanisme (PLU) de la commune de WEITBRUCH,Weitbruch,règlement écrit,https://www.geoportail-urbanisme.gouv.fr/api/document/d699ee12b61bc58eb849e550fac799eb/files/67523_reglement_20191205.pdf,page,page 20,20,,administrative,"• soit de l'acquisition des places dans un parc privé de stationnement répondant aux piscine, etc) devront être traités de manière à limiter l’émergence acoustique. mêmes conditions existant ou en cours de réalisation et situé à moins de 200 mètres de l’opération. 20 Plan local d’Urbanisme - règlement 2","…u EMERGENCES • Les éléments techniques extérieurs liés au bâtiment (centrales de traitement d’air, unités Toutes destinations en cours de réalisation et situé à moins de 200 mètres de l'opération ; ACOUSTIQUES extérieures de pompes à chaleur, unités de climatisation, pompe de traitements des eaux de • soit de l'acquisition des places dans un parc privé de stationnement répondant aux piscine, etc) devront être traités de manière à limiter l’émergence acoustique. mêmes conditions existant ou en cours de réalisation et situé à moins de 200 mètres de l’opération. 20 Plan local d’Urbanisme - règlement 2 article u5 architecture et paysage ESPRIT DE LA RÈGLE : PRéSERvER ET vALoRISER LA DImEnSIon PATRImonIALE Du vILLAGE L'architecture et le paysage urbain de Weitbruch sont au coeur de l'identité du village. L'objectif de la règle est de maintenir les équilibres existants en exigeant notamment une pris…",totale,"Le passage prescrit que les éléments techniques extérieurs liés au bâtiment (centrales de traitement d'air, PAC, climatiseurs, pompes de traitement d'eaux de piscine) soient traités pour limiter l'émergence acoustique. Il s'agit d'une règle autonome concernant les équipements de bâtiments, dans le périmètre de diagBruit, sans mention de zone réglementaire spécifique, donc portée administrative par défaut.",prescription,opposable en conformité,autre,validé,False,,33,6_67523_reglement_20191205.pdf,doublon,,18_67523_reglement_20191205.pdf
d699ee12b61bc58eb849e550fac799eb,5_67523_reglement_20191205.pdf,Plan Local d'Urbanisme (PLU) de la commune de WEITBRUCH,Weitbruch,règlement écrit,https://www.geoportail-urbanisme.gouv.fr/api/document/d699ee12b61bc58eb849e550fac799eb/files/67523_reglement_20191205.pdf,page,page 21,21,,administrative,"stationnement en justifiant : • soit une concession à long terme dans un parc public de stationnement existant ou EMERGENCES • Les éléments techniques extérieurs liés au bâtiment (centrales de traitement d’air, unités Toutes destinations en cours de réalisation et situé à moins de 200 mètres de l'opération ; ACOUSTIQUES extérieures de pompes à chaleur, unités de climatisation, pompe de traitements des eaux de","…ironnant. CLIMATIQUE • Dans le cadre de la lutte contre le phénomène d’îlots de chaleur, l’emploi de revêtements de sols • Le constructeur peut également être tenu quitte de ses obligations en matière de pour les espaces extérieurs devra privilégier les tons clairs caractérisés par un albédo* élevé. stationnement en justifiant : • soit une concession à long terme dans un parc public de stationnement existant ou EMERGENCES • Les éléments techniques extérieurs liés au bâtiment (centrales de traitement d’air, unités Toutes destinations en cours de réalisation et situé à moins de 200 mètres de l'opération ; ACOUSTIQUES extérieures de pompes à chaleur, unités de climatisation, pompe de traitements des eaux de • soit de l'acquisition des places dans un parc privé de stationnement répondant aux piscine, etc) devront être traités de manière à limiter l’émergence acoustique. mêmes conditions existant ou en cours de réalisation et situé à moins de 200 mètres de l’opération. 21 WEITBRUCH 2",totale,"Le passage impose que les équipements techniques extérieurs liés au bâtiment (climatisation, pompes à chaleur, traitement d'air, etc.) soient traités de manière à limiter les émergences acoustiques. C'est une règle autonome concernant les bâtiments, applicable de façon générale sans zone spécifique identifiée.",prescription,opposable en conformité,autre,validé,False,,33,3_67523_reglement_20191205.pdf,doublon,,18_67523_reglement_20191205.pdf
d699ee12b61bc58eb849e550fac799eb,6_67523_reglement_20191205.pdf,Plan Local d'Urbanisme (PLU) de la commune de WEITBRUCH,Weitbruch,règlement écrit,https://www.geoportail-urbanisme.gouv.fr/api/document/d699ee12b61bc58eb849e550fac799eb/files/67523_reglement_20191205.pdf,page,page 21,21,,administrative,"• soit de l'acquisition des places dans un parc privé de stationnement répondant aux piscine, etc) devront être traités de manière à limiter l’émergence acoustique. mêmes conditions existant ou en cours de réalisation et situé à moins de 200 mètres de l’opération. 21 WEITBRUCH 2","…u EMERGENCES • Les éléments techniques extérieurs liés au bâtiment (centrales de traitement d’air, unités Toutes destinations en cours de réalisation et situé à moins de 200 mètres de l'opération ; ACOUSTIQUES extérieures de pompes à chaleur, unités de climatisation, pompe de traitements des eaux de • soit de l'acquisition des places dans un parc privé de stationnement répondant aux piscine, etc) devront être traités de manière à limiter l’émergence acoustique. mêmes conditions existant ou en cours de réalisation et situé à moins de 200 mètres de l’opération. 21 WEITBRUCH 2 PPRRAAGGMMAA traiteMent environneMental et",totale,"Le passage impose que les éléments techniques extérieurs liés au bâtiment (climatisation, pompes à chaleur, traitement d'air, etc.) soient traités pour limiter l'émergence acoustique. C'est une règle autonome liée au bruit concernant les bâtiments, dans le périmètre de diagBruit, et non un renvoi au classement sonore ou au PEB.",prescription,opposable en conformité,autre,validé,False,,33,4_67523_reglement_20191205.pdf,doublon,,18_67523_reglement_20191205.pdf
d699ee12b61bc58eb849e550fac799eb,10_67523_reglement_20191205.pdf,Plan Local d'Urbanisme (PLU) de la commune de WEITBRUCH,Weitbruch,règlement écrit,https://www.geoportail-urbanisme.gouv.fr/api/document/d699ee12b61bc58eb849e550fac799eb/files/67523_reglement_20191205.pdf,alinea,Article au3,28,,administrative,"CLIMATIQUE • Dans le cadre de la lutte contre le phénomène d’îlots de chaleur, l’emploi de revêtements de sols pour les espaces extérieurs devra privilégier les tons clairs caractérisés par un albédo* élevé. EMERGENCES • Les éléments techniques extérieurs liés au bâtiment (centrales de traitement d’air, unités extérieures de pompes à chaleur, unités de climatisation, pompe de traitements des eaux ACOUSTIQUES","…elable dans les constructions, tels que panneaux solaires, éoliennes, toitures D’ÉNERGIE RT végétalisées, rehaussement de couverture pour isolation thermique, sont autorisés en saillies des toitures à condition que leur volumétrie s’insère harmonieusement dans le L’ADAPTATION cadre bâti environnant. CLIMATIQUE • Dans le cadre de la lutte contre le phénomène d’îlots de chaleur, l’emploi de revêtements de sols pour les espaces extérieurs devra privilégier les tons clairs caractérisés par un albédo* élevé. EMERGENCES • Les éléments techniques extérieurs liés au bâtiment (centrales de traitement d’air, unités extérieures de pompes à chaleur, unités de climatisation, pompe de traitements des eaux ACOUSTIQUES de piscine, etc) devront être traités de manière à limiter l’émergence acoustique. 5",totale,"Le passage impose que les équipements techniques extérieurs liés aux bâtiments (climatisation, pompes à chaleur, traitement d'air, etc.) soient traités pour limiter l'émergence acoustique. Il s'agit d'une règle autonome liée au bruit, applicable aux constructions, et non d'un simple renvoi au classement sonore ou au PEB. Aucune limite spatiale spécifique n'étant mentionnée, la portée est considérée comme administrative.",prescription,opposable en conformité,autre,validé,False,,33,12_67523_reglement_20191205.pdf,doublon,,18_67523_reglement_20191205.pdf
d699ee12b61bc58eb849e550fac799eb,12_67523_reglement_20191205.pdf,Plan Local d'Urbanisme (PLU) de la commune de WEITBRUCH,Weitbruch,règlement écrit,https://www.geoportail-urbanisme.gouv.fr/api/document/d699ee12b61bc58eb849e550fac799eb/files/67523_reglement_20191205.pdf,alinea,Article au4,29,,administrative,"CLIMATIQUE • Dans le cadre de la lutte contre le phénomène d’îlots de chaleur, l’emploi de revêtements de sols pour les espaces extérieurs devra privilégier les tons clairs caractérisés par un albédo* élevé. EMERGENCES • Les éléments techniques extérieurs liés au bâtiment (centrales de traitement d’air, unités extérieures de pompes à chaleur, unités de climatisation, pompe de traitements des eaux ACOUSTIQUES","…elable dans les constructions, tels que panneaux solaires, éoliennes, toitures D’ÉNERGIE RT végétalisées, rehaussement de couverture pour isolation thermique, sont autorisés en saillies des toitures à condition que leur volumétrie s’insère harmonieusement dans le L’ADAPTATION cadre bâti environnant. CLIMATIQUE • Dans le cadre de la lutte contre le phénomène d’îlots de chaleur, l’emploi de revêtements de sols pour les espaces extérieurs devra privilégier les tons clairs caractérisés par un albédo* élevé. EMERGENCES • Les éléments techniques extérieurs liés au bâtiment (centrales de traitement d’air, unités extérieures de pompes à chaleur, unités de climatisation, pompe de traitements des eaux ACOUSTIQUES de piscine, etc) devront être traités de manière à limiter l’émergence acoustique. 5",totale,"Le passage prescrit que les équipements techniques extérieurs liés au bâtiment (climatiseurs, pompes à chaleur, etc.) doivent être traités pour limiter l'émergence acoustique, ce qui est une règle autonome relative aux bâtiments, dans le périmètre de diagBruit. Aucune zone spécifique n'étant mentionnée, la règle s'applique à l'ensemble du document.",prescription,opposable en conformité,autre,validé,False,,33,10_67523_reglement_20191205.pdf,doublon,,18_67523_reglement_20191205.pdf
d699ee12b61bc58eb849e550fac799eb,14_67523_reglement_20191205.pdf,Plan Local d'Urbanisme (PLU) de la commune de WEITBRUCH,Weitbruch,règlement écrit,https://www.geoportail-urbanisme.gouv.fr/api/document/d699ee12b61bc58eb849e550fac799eb/files/67523_reglement_20191205.pdf,alinea,Article au5,30,,administrative,"ACOUSTIQUES de piscine, etc) devront être traités de manière à limiter l’émergence acoustique. 5","…nts de sols pour les espaces extérieurs devra privilégier les tons clairs caractérisés par un albédo* élevé. EMERGENCES • Les éléments techniques extérieurs liés au bâtiment (centrales de traitement d’air, unités extérieures de pompes à chaleur, unités de climatisation, pompe de traitements des eaux ACOUSTIQUES de piscine, etc) devront être traités de manière à limiter l’émergence acoustique. 5 ARCHITECTURE ET PAYSAGE AU3 TOITURES HAUTEURS AU4 DESTINATION STATIONNEMENT AU5 INTÉGRATION ARCHITECTURALE ET PAYSAGÈRE DES PROJETS Les toitures doivent comprendre : Véhicules motorisés : • Les constructions, par leur situation, leur architecture, leur dimension ou leur aspect CONCEPTION • Deux à tr…",totale,"Le passage impose que les équipements techniques extérieurs liés aux bâtiments (climatisation, pompes à chaleur, etc.) soient traités pour limiter les émergences acoustiques. C'est une règle autonome relative aux constructions, dans le périmètre diagBruit, sans lien avec le classement sonore ou le PEB. Aucune limite spatiale spécifique n'est mentionnée, donc portée administrative par défaut.",prescription,opposable en conformité,autre,validé,False,,33,11_67523_reglement_20191205.pdf,doublon,,18_67523_reglement_20191205.pdf
d699ee12b61bc58eb849e550fac799eb,15_67523_reglement_20191205.pdf,Plan Local d'Urbanisme (PLU) de la commune de WEITBRUCH,Weitbruch,règlement écrit,https://www.geoportail-urbanisme.gouv.fr/api/document/d699ee12b61bc58eb849e550fac799eb/files/67523_reglement_20191205.pdf,alinea,Article au5,31,,administrative,"CLIMATIQUE • Dans le cadre de la lutte contre le phénomène d’îlots de chaleur, l’emploi de revêtements de sols pour les espaces extérieurs devra privilégier les tons clairs caractérisés par un albédo* élevé. EMERGENCES • Les éléments techniques extérieurs liés au bâtiment (centrales de traitement d’air, unités extérieures de pompes à chaleur, unités de climatisation, pompe de traitements des eaux ACOUSTIQUES","…elable dans les constructions, tels que panneaux solaires, éoliennes, toitures D’ÉNERGIE RT végétalisées, rehaussement de couverture pour isolation thermique, sont autorisés en saillies des toitures à condition que leur volumétrie s’insère harmonieusement dans le L’ADAPTATION cadre bâti environnant. CLIMATIQUE • Dans le cadre de la lutte contre le phénomène d’îlots de chaleur, l’emploi de revêtements de sols pour les espaces extérieurs devra privilégier les tons clairs caractérisés par un albédo* élevé. EMERGENCES • Les éléments techniques extérieurs liés au bâtiment (centrales de traitement d’air, unités extérieures de pompes à chaleur, unités de climatisation, pompe de traitements des eaux ACOUSTIQUES de piscine, etc) devront être traités de manière à limiter l’émergence acoustique. 31 WEITBRUCH 5",totale,"Le passage impose que les éléments techniques extérieurs liés au bâtiment (climatisation, pompes à chaleur, etc.) soient traités pour limiter l'émergence acoustique, ce qui est une règle autonome liée au bruit des équipements de bâtiment, dans le périmètre diagBruit. Aucune zone spécifique n'est mentionnée, la règle semble s'appliquer à toutes les constructions du document.",prescription,opposable en conformité,autre,validé,False,,33,10_67523_reglement_20191205.pdf,doublon,,18_67523_reglement_20191205.pdf
d699ee12b61bc58eb849e550fac799eb,17_67523_reglement_20191205.pdf,Plan Local d'Urbanisme (PLU) de la commune de WEITBRUCH,Weitbruch,règlement écrit,https://www.geoportail-urbanisme.gouv.fr/api/document/d699ee12b61bc58eb849e550fac799eb/files/67523_reglement_20191205.pdf,alinea,Article au6,35,,administrative,"hiver et protégées du rayonnement solaire direct en été -, compactes, très isolées, ET L’ADAPTATION mettant en oeuvre des systèmes énergétiques efficaces et utilisant les énergies CLIMATIQUE renouvelables. EMERGENCES • Les éléments techniques extérieurs liés au bâtiment (centrales de traitement d’air, unités extérieures de pompes à chaleur, unités de climatisation…) devront être traités ACOUSTIQUES de manière à limiter l’émergence acoustique.","…des haies et alignements d’arbres dans la structure paysagère des espaces. 35 DISPOSITIFS FAVORISANT • La conception bioclimatique est recommandée pour la construction des bâtiments WEITBRUCH LES ÉCONOMES D’ÉNERGIE neufs : des constructions bien orientées - bénéficiant d’apports solaires gratuits en hiver et protégées du rayonnement solaire direct en été -, compactes, très isolées, ET L’ADAPTATION mettant en oeuvre des systèmes énergétiques efficaces et utilisant les énergies CLIMATIQUE renouvelables. EMERGENCES • Les éléments techniques extérieurs liés au bâtiment (centrales de traitement d’air, unités extérieures de pompes à chaleur, unités de climatisation…) devront être traités ACOUSTIQUES de manière à limiter l’émergence acoustique. 7 7 8",totale,"Le passage impose que les éléments techniques extérieurs liés aux bâtiments (centrales de traitement d'air, pompes à chaleur, climatisation) soient traités pour limiter l'émergence acoustique. Il s'agit d'une règle autonome concernant les bâtiments, non liée au classement sonore ou au PEB, applicable semble-t-il à l'ensemble de la commune sans zone précisée.",prescription,opposable en conformité,autre,validé,False,,33,,doublon,,18_67523_reglement_20191205.pdf
d699ee12b61bc58eb849e550fac799eb,19_67523_reglement_20191205.pdf,Plan Local d'Urbanisme (PLU) de la commune de WEITBRUCH,Weitbruch,règlement écrit,https://www.geoportail-urbanisme.gouv.fr/api/document/d699ee12b61bc58eb849e550fac799eb/files/67523_reglement_20191205.pdf,alinea,Article au6,36,,administrative,"ACOUSTIQUES de manière à limiter l’émergence acoustique. d’emprise au sol*. Cette possibilité n’est applicable qu’une seule fois à compter de la date d’approbation du présent PLU. SECTEUR Us 0,7 0,8 36 Plan local d’Urbanisme - règlement ➡ La réalisation d’équipements d’infrastructures ou d’ouvrage publics de types réseaux n’est pas soumis aux coefficient de surface pleine terre (PLT) et au coefficient de biotope par surface (CBS).","…pprobation du présent PLU. CLIMATIQUE renouvelables. EMERGENCES • Les éléments techniques extérieurs liés au bâtiment (centrales de traitement d’air, - en secteur Up pour une extension inférieure ou égale à 150 m² unités extérieures de pompes à chaleur, unités de climatisation…) devront être traités ACOUSTIQUES de manière à limiter l’émergence acoustique. d’emprise au sol*. Cette possibilité n’est applicable qu’une seule fois à compter de la date d’approbation du présent PLU. SECTEUR Us 0,7 0,8 36 Plan local d’Urbanisme - règlement ➡ La réalisation d’équipements d’infrastructures ou d’ouvrage publics de types réseaux n’est pas soumis aux coefficient de surface pleine terre (PLT) et au coefficient de biotope par surface (CBS). Calcul du Coefficient de Biotope par Surface (CBS) Surface éco-aménagée CBS = Surface de la parcelle Coefficient d’éco-aménagement par type de surface Espaces verts en pleine terre 1 Arbres de hautes-tiges 0,5 Toitures ou terrasses Surfaces semi-ouvertes 0,5 0,2 végétalisées Surfaces imperméabilisée…",totale,"Le passage impose une prescription visant à limiter l'émergence acoustique des équipements techniques extérieurs des bâtiments (climatisation, pompes à chaleur, centrales de traitement d'air), ce qui relève bien du périmètre diagBruit (bâtiments). Cette règle semble s'appliquer de façon générale, sans limitation à une zone précise identifiée dans le passage.",prescription,opposable en conformité,autre,validé,False,,33,,doublon,,18_67523_reglement_20191205.pdf
d699ee12b61bc58eb849e550fac799eb,20_67523_reglement_20191205.pdf,Plan Local d'Urbanisme (PLU) de la commune de WEITBRUCH,Weitbruch,règlement écrit,https://www.geoportail-urbanisme.gouv.fr/api/document/d699ee12b61bc58eb849e550fac799eb/files/67523_reglement_20191205.pdf,alinea,Article au6,40,,administrative,"RT L’ADAPTATION mettant en oeuvre des systèmes énergétiques efficaces et utilisant les énergies CLIMATIQUE renouvelables. EMERGENCES • Les éléments techniques extérieurs liés au bâtiment (centrales de traitement d’air, unités extérieures de pompes à chaleur, unités de climatisation…) devront être traités ACOUSTIQUES de manière à limiter l’émergence acoustique. 10 10 11","…es. DISPOSITIFS FAVORISANT • La conception bioclimatique est recommandée pour la construction des bâtiments LES ÉCONOMES D’ÉNERGIE neufs : des constructions bien orientées - bénéficiant d’apports solaires gratuits en hiver et protégées du rayonnement solaire direct en été -, compactes, très isolées, RT L’ADAPTATION mettant en oeuvre des systèmes énergétiques efficaces et utilisant les énergies CLIMATIQUE renouvelables. EMERGENCES • Les éléments techniques extérieurs liés au bâtiment (centrales de traitement d’air, unités extérieures de pompes à chaleur, unités de climatisation…) devront être traités ACOUSTIQUES de manière à limiter l’émergence acoustique. 10 10 11 article n4 stationneMent ESPRIT DE LA RÈGLE : LImITER LES InCIDEnCES SuR LES ESPACES voISInS L'objectif est de garantir pour chaque projet une offre de stationnement proportionnée aux besoins induits afin d'éviter une mobilisation inopportune des espaces voisins. ARCHITECTURE ET PAYSAGE N3 TOITURES…",totale,"Le passage impose que les équipements techniques extérieurs des bâtiments (climatisation, pompes à chaleur, etc.) soient conçus pour limiter l'émergence acoustique. Il s'agit d'une prescription autonome liée au bruit émis par les bâtiments, applicable à l'ensemble du territoire couvert par le règlement, sans référence à un classement sonore ou PEB.",prescription,opposable en conformité,lutte_bruit_existant,validé,False,,33,,doublon,,18_67523_reglement_20191205.pdf
d699ee12b61bc58eb849e550fac799eb,21_67523_reglement_20191205.pdf,Plan Local d'Urbanisme (PLU) de la commune de WEITBRUCH,Weitbruch,règlement écrit,https://www.geoportail-urbanisme.gouv.fr/api/document/d699ee12b61bc58eb849e550fac799eb/files/67523_reglement_20191205.pdf,alinea,Article au6,41,,administrative,"unités extérieures de pompes à chaleur, unités de climatisation…) devront être traités • Sont admises les clôtures précaires nécessaires à l’activité agro-pastorale. ACOUSTIQUES de manière à limiter l’émergence acoustique. AMÉNAGEMENTS • Seules sont admises également les clôtures rendues indispensables pour des motifs de DES CLÔTURES sécurité. Celle-ci doivent être constituées d’une haie / bosquets support de biodiversité","…pente, ce seuil CLIMATIQUE renouvelables. naturel préexistant. est ramené à 0,5 mètre côté amont, mais peut être dépassé côté aval. Le schéma ci- CONSTRUCTIONS dessous illustre les présentes modalités : EMERGENCES • Les éléments techniques extérieurs liés au bâtiment (centrales de traitement d’air, unités extérieures de pompes à chaleur, unités de climatisation…) devront être traités • Sont admises les clôtures précaires nécessaires à l’activité agro-pastorale. ACOUSTIQUES de manière à limiter l’émergence acoustique. AMÉNAGEMENTS • Seules sont admises également les clôtures rendues indispensables pour des motifs de DES CLÔTURES sécurité. Celle-ci doivent être constituées d’une haie / bosquets support de biodiversité pouvant, le cas échéant, être doublée d’un grillage posé coté intérieur de la haie / ET DES ABORDS bosquets. Dans ce cas, la haie / bosquets devra disposer d’une hauteur supérieure au Ensemble dit grillage. de la • Dans le cadre de l’implantation de bâtiments un projet d’intégration paysagère à part…",totale,"Le passage prescrit que les éléments techniques extérieurs liés au bâtiment (centrales de traitement d'air, pompes à chaleur, climatisation) soient traités pour limiter l'émergence acoustique. C'est une règle autonome concernant les équipements des bâtiments, dans le périmètre diagBruit, sans lien avec une infrastructure de transport ni avec le classement sonore/PEB.",prescription,opposable en conformité,lutte_bruit_existant,validé,False,,33,,doublon,,18_67523_reglement_20191205.pdf
d699ee12b61bc58eb849e550fac799eb,22_67523_reglement_20191205.pdf,Plan Local d'Urbanisme (PLU) de la commune de WEITBRUCH,Weitbruch,règlement écrit,https://www.geoportail-urbanisme.gouv.fr/api/document/d699ee12b61bc58eb849e550fac799eb/files/67523_reglement_20191205.pdf,alinea,Article au6,41,,administrative,"unités extérieures de pompes à chaleur, unités de climatisation…) devront être traités ACOUSTIQUES de manière à limiter l’émergence acoustique. 41 WEITBRUCH 11 11","…ver et protégées du rayonnement solaire direct en été -, compactes, très isolées, RT L’ADAPTATION mettant en oeuvre des systèmes énergétiques efficaces et utilisant les énergies CLIMATIQUE renouvelables. EMERGENCES • Les éléments techniques extérieurs liés au bâtiment (centrales de traitement d’air, unités extérieures de pompes à chaleur, unités de climatisation…) devront être traités ACOUSTIQUES de manière à limiter l’émergence acoustique. 41 WEITBRUCH 11 11 PPRRAAGGMMAA traiteMent environneMental et",totale,"Le passage prescrit que les éléments techniques extérieurs liés au bâtiment (climatisation, pompes à chaleur, etc.) doivent être traités pour limiter l'émergence acoustique. C'est une règle de construction de bâtiment relevant du périmètre diagBruit, sans limite spatiale précisée donc portée administrative par défaut.",prescription,opposable en conformité,autre,validé,False,,33,11_67523_reglement_20191205.pdf,doublon,,18_67523_reglement_20191205.pdf
274e0297eee8a3b4d7650c9c8d2c950f,1_200034635_reglement_20251211.pdf,Plan Local d'Urbanisme intercommunal (PLUi) DU KOCHERSBERG ET DE L'ACKERLAND,"Berstett, Dingsheim, Dossenheim-Kochersberg, Durningen, Fessenheim-le-Bas, Furdenheim, Gougenheim, Griesheim-sur-Souffel, Handschuheim, Hurtigheim, Ittenheim, Kienheim, Kuttolsheim, Neugartheim-Ittlenheim, Pfulgriesheim, Quatzenheim, Rohr, Schnersheim, Stutzheim-Offenheim, Truchtersheim, Willgottheim, Wintzenheim-Kochersberg, Wiwersheim",règlement écrit,https://www.geoportail-urbanisme.gouv.fr/api/document/274e0297eee8a3b4d7650c9c8d2c950f/files/200034635_reglement_20251211.pdf,alinea,Article 2.2.,24,,administrative,"réseaux publics tels que postes de transformation électrique dont l’implantation ne devra cependant pas nuire à la qualité des alignements existants et du paysage urbain. 3. Les pompes à chaleur et autres dispositifs de climatisation, ainsi que les équipements liés au fonctionnement des piscines devront être implantés de manière à présenter le moins possible de nuisances sonores pour le voisinage dans la mesure où les conditions techniques","…cède pas 3,50 mètres et dont l’emprise au sol n’excède pas 40 m². ▪ Aux piscines, qui devront s'implanter avec un retrait minimal de 1 mètre des limites séparatives. Le recul sera mesuré depuis le bord du bassin. ▪ Aux constructions et installations de faible emprise nécessaires à l'exploitation des réseaux publics tels que postes de transformation électrique dont l’implantation ne devra cependant pas nuire à la qualité des alignements existants et du paysage urbain. 3. Les pompes à chaleur et autres dispositifs de climatisation, ainsi que les équipements liés au fonctionnement des piscines devront être implantés de manière à présenter le moins possible de nuisances sonores pour le voisinage dans la mesure où les conditions techniques d’implantation le permettent.",totale,"Le passage impose que les pompes à chaleur, dispositifs de climatisation et équipements liés au fonctionnement des piscines soient implantés de manière à limiter les nuisances sonores pour le voisinage. Cette règle concerne des équipements techniques liés aux bâtiments et leur impact sonore sur le voisinage, ce qui relève bien du périmètre diagBruit. Aucune limite spatiale spécifique n'est mentionnée, la règle s'applique donc à l'ensemble du zonage concerné par cet article.",recommandation,opposable en conformité,autre,validé,False,,33,,doublon,,6_200034635_reglement_20251211.pdf
274e0297eee8a3b4d7650c9c8d2c950f,2_200034635_reglement_20251211.pdf,Plan Local d'Urbanisme intercommunal (PLUi) DU KOCHERSBERG ET DE L'ACKERLAND,"Berstett, Dingsheim, Dossenheim-Kochersberg, Durningen, Fessenheim-le-Bas, Furdenheim, Gougenheim, Griesheim-sur-Souffel, Handschuheim, Hurtigheim, Ittenheim, Kienheim, Kuttolsheim, Neugartheim-Ittlenheim, Pfulgriesheim, Quatzenheim, Rohr, Schnersheim, Stutzheim-Offenheim, Truchtersheim, Willgottheim, Wintzenheim-Kochersberg, Wiwersheim",règlement écrit,https://www.geoportail-urbanisme.gouv.fr/api/document/274e0297eee8a3b4d7650c9c8d2c950f/files/200034635_reglement_20251211.pdf,alinea,Article 2.7.,27,,administrative,Les pompes à chaleur ou dispositifs de climatisation installés en façade de la construction doivent être implantés sur la façade où ils présentent le moins de nuisances visuelles et/ou sonores pour le voisinage dans la mesure où les conditions techniques d’implantation le permettent.,"…dite sauf cas de nécessité au regard de la sécurité ou de la salubrité publique. En cas de reconstruction, la nouvelle construction devra nécessairement présenter une façade à colombage conçue en ossature bois. Les murs en béton revêtu de planches de bois clouées sur la façade ne sont pas autorisés. Les pompes à chaleur ou dispositifs de climatisation installés en façade de la construction doivent être implantés sur la façade où ils présentent le moins de nuisances visuelles et/ou sonores pour le voisinage dans la mesure où les conditions techniques d’implantation le permettent. sont pas concernées par cette présente disposition. ▪ En façade sur rue, les maisons à colombages comporteront obligatoirement des volets battants. ▪ Les volets roulants sont autorisés à condition que le caisson ne soit pas visible en façade et que des volets battants soient également réalisés. ▪ La…",totale,"Le passage impose de positionner les pompes à chaleur/climatiseurs en façade de manière à minimiser les nuisances sonores pour le voisinage, ce qui constitue une règle autonome liée au bruit dans le cadre d'un projet de construction, applicable à l'ensemble du document (aucune zone spécifique mentionnée).",recommandation,opposable en conformité,autre,validé,False,,33,6_200034635_reglement_20251211.pdf,doublon,,6_200034635_reglement_20251211.pdf
274e0297eee8a3b4d7650c9c8d2c950f,3_200034635_reglement_20251211.pdf,Plan Local d'Urbanisme intercommunal (PLUi) DU KOCHERSBERG ET DE L'ACKERLAND,"Berstett, Dingsheim, Dossenheim-Kochersberg, Durningen, Fessenheim-le-Bas, Furdenheim, Gougenheim, Griesheim-sur-Souffel, Handschuheim, Hurtigheim, Ittenheim, Kienheim, Kuttolsheim, Neugartheim-Ittlenheim, Pfulgriesheim, Quatzenheim, Rohr, Schnersheim, Stutzheim-Offenheim, Truchtersheim, Willgottheim, Wintzenheim-Kochersberg, Wiwersheim",règlement écrit,https://www.geoportail-urbanisme.gouv.fr/api/document/274e0297eee8a3b4d7650c9c8d2c950f/files/200034635_reglement_20251211.pdf,alinea,Article 2.7.,28,UA,zone_specifique,▪ Les pompes à chaleur ou dispositifs de climatisation installés en façade de la construction doivent être implantés sur la façade où ils présentent le moins de nuisances visuelles et/ou sonores pour le voisinage dans la mesure où les conditions techniques d’implantation le permettent.,"…a façade. ▪ Les couleurs des façades et les matériaux utilisés devront s’intégrer harmonieusement avec le cadre bâti environnant. ▪ Les façades à colombages pourront faire l’objet de de tous types de travaux (ravalement, réhabilitation...) à condition que l’aspect général de la façade soit préservé. ▪ Les pompes à chaleur ou dispositifs de climatisation installés en façade de la construction doivent être implantés sur la façade où ils présentent le moins de nuisances visuelles et/ou sonores pour le voisinage dans la mesure où les conditions techniques d’implantation le permettent. Article 2.8. UA – Caractéristiques des clôtures Définitions : ▪ La hauteur des clôtures sur rue est mesurée verticalement par rapport au niveau de l’emprise publique au droit de la clôture. Les éventuels murs de soutènement sont inclus dans cette hauteur. Nonobstant les règles de hauteur figurant en…",totale,"Le règlement de la zone UA recommande d'implanter les pompes à chaleur/climatiseurs en façade de manière à limiter les nuisances sonores pour le voisinage, sous réserve de faisabilité technique. C'est une règle autonome liée au bruit concernant les équipements des bâtiments, sans lien avec le classement sonore ou le PEB. La règle s'applique spécifiquement dans la zone UA.",recommandation,opposable en conformité,autre,validé,False,,33,2_200034635_reglement_20251211.pdf,doublon,,6_200034635_reglement_20251211.pdf
274e0297eee8a3b4d7650c9c8d2c950f,4_200034635_reglement_20251211.pdf,Plan Local d'Urbanisme intercommunal (PLUi) DU KOCHERSBERG ET DE L'ACKERLAND,"Berstett, Dingsheim, Dossenheim-Kochersberg, Durningen, Fessenheim-le-Bas, Furdenheim, Gougenheim, Griesheim-sur-Souffel, Handschuheim, Hurtigheim, Ittenheim, Kienheim, Kuttolsheim, Neugartheim-Ittlenheim, Pfulgriesheim, Quatzenheim, Rohr, Schnersheim, Stutzheim-Offenheim, Truchtersheim, Willgottheim, Wintzenheim-Kochersberg, Wiwersheim",règlement écrit,https://www.geoportail-urbanisme.gouv.fr/api/document/274e0297eee8a3b4d7650c9c8d2c950f/files/200034635_reglement_20251211.pdf,alinea,"Article 2.2., alinéa 2",41,,administrative,"Les pompes à chaleur et autres dispositifs de climatisation, ainsi que les équipements liés au fonctionnement des piscines devront être implantés de manière à présenter le moins possible de nuisances sonores pour le voisinage dans la mesure où les conditions techniques d’implantation le permettent.","…mètres et dont l’emprise au sol n’excède pas 40 m². Les dispositions de l’alinéa 2 relatif à l’implantation sur limites séparatives restent applicables. ▪ Aux piscines, qui devront s'implanter avec un retrait minimal de 1 mètre des limites séparatives. Le recul sera mesuré depuis le bord du bassin. Les pompes à chaleur et autres dispositifs de climatisation, ainsi que les équipements liés au fonctionnement des piscines devront être implantés de manière à présenter le moins possible de nuisances sonores pour le voisinage dans la mesure où les conditions techniques d’implantation le permettent. d’implantation le permettent. Disposition spécifique au secteur UBc : Non réglementé",totale,"Le passage impose une prescription/recommandation limitant les nuisances sonores générées par les pompes à chaleur, dispositifs de climatisation et équipements de piscines pour le voisinage. C'est bien lié aux bâtiments et à leur impact sonore sur l'urbanisation environnante, donc dans le périmètre diagBruit. Aucune limite spatiale spécifique n'est mentionnée, la règle semble s'appliquer à l'ensemble de la zone réglementaire du document (portée administrative par défaut).",recommandation,opposable en conformité,autre,validé,False,,33,1_200034635_reglement_20251211.pdf,doublon,,6_200034635_reglement_20251211.pdf
274e0297eee8a3b4d7650c9c8d2c950f,5_200034635_reglement_20251211.pdf,Plan Local d'Urbanisme intercommunal (PLUi) DU KOCHERSBERG ET DE L'ACKERLAND,"Berstett, Dingsheim, Dossenheim-Kochersberg, Durningen, Fessenheim-le-Bas, Furdenheim, Gougenheim, Griesheim-sur-Souffel, Handschuheim, Hurtigheim, Ittenheim, Kienheim, Kuttolsheim, Neugartheim-Ittlenheim, Pfulgriesheim, Quatzenheim, Rohr, Schnersheim, Stutzheim-Offenheim, Truchtersheim, Willgottheim, Wintzenheim-Kochersberg, Wiwersheim",règlement écrit,https://www.geoportail-urbanisme.gouv.fr/api/document/274e0297eee8a3b4d7650c9c8d2c950f/files/200034635_reglement_20251211.pdf,alinea,Article 2.7.,44,,administrative,"▪ Les pompes à chaleur ou dispositifs de climatisation installés en façade de la construction doivent être implantés sur la façade où ils présentent le moins de nuisances visuelles et/ou sonores pour le voisinage dans la mesure où les conditions techniques d’implantation le permettent. 4. Ouvertures : ▪ En façade sur rue, les ouvertures des constructions à usage d’habitation, hors annexes, doivent être plus hautes que larges. Les ouvertures en soubassement (type soupiraux) ne","…e des décrochements ou éléments architecturaux ayant pour but de rompre la linéarité de la façade. ▪ Les couleurs des façades et les matériaux utilisés devront s’intégrer harmonieusement avec le cadre bâti environnant et se rapprocher des couleurs du nuancier figurant en annexe du présent règlement. ▪ Les pompes à chaleur ou dispositifs de climatisation installés en façade de la construction doivent être implantés sur la façade où ils présentent le moins de nuisances visuelles et/ou sonores pour le voisinage dans la mesure où les conditions techniques d’implantation le permettent. 4. Ouvertures : ▪ En façade sur rue, les ouvertures des constructions à usage d’habitation, hors annexes, doivent être plus hautes que larges. Les ouvertures en soubassement (type soupiraux) ne sont pas concernées par cette présente disposition. ▪ La longueur cumulée des lucarnes ne devra pas représenter plus de 40% de la longueur du pan de toiture. CdC Kochersberg-Ackerland I Règlement écrit I Atelier [inSitu] - VB Process - I Approuvé le 10 décembre 2019 – M1 le 30 juin 2022 - M2 le 18 s…",totale,"Le passage impose que les pompes à chaleur ou climatiseurs installés en façade soient placés de manière à limiter les nuisances sonores pour le voisinage, ce qui constitue une règle autonome liée au bruit dans le cadre de projets de construction (périmètre diagBruit). La règle s'applique à l'ensemble du règlement sans zone spécifique mentionnée.",prescription,opposable en conformité,autre,validé,False,,33,3_200034635_reglement_20251211.pdf,doublon,,6_200034635_reglement_20251211.pdf
274e0297eee8a3b4d7650c9c8d2c950f,7_200034635_reglement_20251211.pdf,Plan Local d'Urbanisme intercommunal (PLUi) DU KOCHERSBERG ET DE L'ACKERLAND,"Berstett, Dingsheim, Dossenheim-Kochersberg, Durningen, Fessenheim-le-Bas, Furdenheim, Gougenheim, Griesheim-sur-Souffel, Handschuheim, Hurtigheim, Ittenheim, Kienheim, Kuttolsheim, Neugartheim-Ittlenheim, Pfulgriesheim, Quatzenheim, Rohr, Schnersheim, Stutzheim-Offenheim, Truchtersheim, Willgottheim, Wintzenheim-Kochersberg, Wiwersheim",règlement écrit,https://www.geoportail-urbanisme.gouv.fr/api/document/274e0297eee8a3b4d7650c9c8d2c950f/files/200034635_reglement_20251211.pdf,alinea,"Article 2.2., alinéa 2",82,1AU,zone_specifique,"Les pompes à chaleur et autres dispositifs de climatisation, ainsi que les équipements liés au fonctionnement des piscines devront être implantés de manière à présenter le moins possible de nuisances sonores pour le voisinage dans la mesure où les conditions techniques d’implantation le permettent.","M1 le 30 juin 2022 - M2 le 18 septembre 2025 I page 81 Les pompes à chaleur et autres dispositifs de climatisation, ainsi que les équipements liés au fonctionnement des piscines devront être implantés de manière à présenter le moins possible de nuisances sonores pour le voisinage dans la mesure où les conditions techniques d’implantation le permettent. Article 2.2. 1AU - Implantation des constructions les unes par rapport aux autres sur une même propriété 1. L’accès des services de lutte contre l’incendie doit pouvoir être assuré en tous points nécessaires. 2. Une distance minimale peut être exigée entre deux constructions à usage d’habitation pou…",totale,"Le passage impose une règle autonome d'implantation des équipements bruyants (PAC, climatisation, piscines) pour limiter les nuisances sonores pour le voisinage, dans la zone 1AU. Il s'agit d'une prescription liée à des équipements de bâtiments, donc dans le périmètre diagBruit, sans lien avec le classement sonore ou le PEB.",prescription,opposable en conformité,lutte_bruit_existant,validé,False,,33,,doublon,,6_200034635_reglement_20251211.pdf
274e0297eee8a3b4d7650c9c8d2c950f,8_200034635_reglement_20251211.pdf,Plan Local d'Urbanisme intercommunal (PLUi) DU KOCHERSBERG ET DE L'ACKERLAND,"Berstett, Dingsheim, Dossenheim-Kochersberg, Durningen, Fessenheim-le-Bas, Furdenheim, Gougenheim, Griesheim-sur-Souffel, Handschuheim, Hurtigheim, Ittenheim, Kienheim, Kuttolsheim, Neugartheim-Ittlenheim, Pfulgriesheim, Quatzenheim, Rohr, Schnersheim, Stutzheim-Offenheim, Truchtersheim, Willgottheim, Wintzenheim-Kochersberg, Wiwersheim",règlement écrit,https://www.geoportail-urbanisme.gouv.fr/api/document/274e0297eee8a3b4d7650c9c8d2c950f/files/200034635_reglement_20251211.pdf,alinea,Article 2.5.,84,,administrative,avec le cadre bâti environnant et se rapprocher des couleurs du nuancier figurant en annexe du présent règlement. ▪ Les pompes à chaleur ou dispositifs de climatisation installés en façade de la construction doivent être implantés sur la façade où ils présentent le moins de nuisances visuelles et/ou sonores pour le voisinage dans la mesure où les conditions techniques d’implantation le permettent. 4. Ouvertures :,…oute nouvelle construction présentant une façade sur rue de plus de 20 mètres ne peut être réalisée sans introduire des décrochements ou éléments architecturaux ayant pour but de rompre la linéarité de la façade. ▪ Les couleurs des façades et les matériaux utilisés devront s’intégrer harmonieusement avec le cadre bâti environnant et se rapprocher des couleurs du nuancier figurant en annexe du présent règlement. ▪ Les pompes à chaleur ou dispositifs de climatisation installés en façade de la construction doivent être implantés sur la façade où ils présentent le moins de nuisances visuelles et/ou sonores pour le voisinage dans la mesure où les conditions techniques d’implantation le permettent. 4. Ouvertures : ▪ La longueur cumulée des lucarnes ne devra pas représenter plus de 40% de la longueur du pan de toiture. 5. Orientations : ▪ Une orientation spécifique de la construction pourra être exigée afin de respecter l’organisation du bâti traditionnel voisin. 6. Clôtures : Définitions : ▪ La hauteur des cl…,totale,"Le passage impose que les pompes à chaleur ou dispositifs de climatisation en façade soient implantés de manière à limiter les nuisances sonores pour le voisinage. Il s'agit d'une règle autonome liée au bruit, applicable à l'ensemble du document (aucune zone spécifique mentionnée), et concernant directement les bâtiments, donc pleinement dans le périmètre diagBruit.",prescription,opposable en conformité,autre,validé,False,,33,5_200034635_reglement_20251211.pdf,doublon,,6_200034635_reglement_20251211.pdf
274e0297eee8a3b4d7650c9c8d2c950f,9_200034635_reglement_20251211.pdf,Plan Local d'Urbanisme intercommunal (PLUi) DU KOCHERSBERG ET DE L'ACKERLAND,"Berstett, Dingsheim, Dossenheim-Kochersberg, Durningen, Fessenheim-le-Bas, Furdenheim, Gougenheim, Griesheim-sur-Souffel, Handschuheim, Hurtigheim, Ittenheim, Kienheim, Kuttolsheim, Neugartheim-Ittlenheim, Pfulgriesheim, Quatzenheim, Rohr, Schnersheim, Stutzheim-Offenheim, Truchtersheim, Willgottheim, Wintzenheim-Kochersberg, Wiwersheim",règlement écrit,https://www.geoportail-urbanisme.gouv.fr/api/document/274e0297eee8a3b4d7650c9c8d2c950f/files/200034635_reglement_20251211.pdf,alinea,Article 2.5.,85,,administrative,"doivent être implantés sur la façade où ils présentent le moins de nuisances visuelles et/ou sonores pour le voisinage dans la mesure où les conditions techniques d’implantation le permettent. 2. Clôtures : Définitions : ▪ La hauteur des clôtures sur rue est mesurée verticalement par rapport au niveau de l’emprise publique au droit de la clôture. Les éventuels murs de soutènement sont inclus dans cette hauteur. Nonobstant les règles de hauteur figurant en dispositions générales,","…ouvelle construction présentant une façade sur rue de plus de 20 mètres ne peut être réalisée sans introduire des décrochements ou éléments architecturaux ayant pour but de rompre la linéarité de la façade. ▪ Les pompes à chaleur ou dispositifs de climatisation installés en façade de la construction doivent être implantés sur la façade où ils présentent le moins de nuisances visuelles et/ou sonores pour le voisinage dans la mesure où les conditions techniques d’implantation le permettent. 2. Clôtures : Définitions : ▪ La hauteur des clôtures sur rue est mesurée verticalement par rapport au niveau de l’emprise publique au droit de la clôture. Les éventuels murs de soutènement sont inclus dans cette hauteur. Nonobstant les règles de hauteur figurant en dispositions générales, la création d’une clôture à larges mailles d’une hauteur maximale de 1,1m restera possible en surplomb du mur de soutènement. Ces dispositions ne concernent pas les terrains situés en contrebas de la rue. ▪ La hauteur des clôtures en limite séparative est mesurée verticalement du terrain naturel à l…",totale,"Le passage impose que les pompes à chaleur et dispositifs de climatisation en façade soient positionnés de manière à limiter les nuisances sonores pour le voisinage. Il s'agit d'une prescription autonome liée au bruit de voisinage généré par des équipements de bâtiments, dans le périmètre de diagBruit, applicable à l'ensemble du zonage couvert par le document (aucune zone spécifique mentionnée).",prescription,opposable en conformité,autre,validé,False,,33,,doublon,,6_200034635_reglement_20251211.pdf
b5ae1da72ed7f5ecf4aa179df33e1076,2_200041325_orientations_amenagement_20250929.pdf,Plan Local d'Urbanisme intercommunal (PLUi) DU PAYS RHENAN,"Dalhunden, Drusenheim, Forstfeld, Fort-Louis, Gambsheim, Herrlisheim, Kauffenheim, Kilstett, Leutenheim, Neuhaeusel, Offendorf, Roppenheim, Rountzenheim-Auenheim, Rœschwoog, Sessenheim, Soufflenheim, Stattmatten",OAP,https://www.geoportail-urbanisme.gouv.fr/api/document/b5ae1da72ed7f5ecf4aa179df33e1076/files/200041325_orientations_amenagement_20250929.pdf,page,page 108,108,,zone_specifique,Il constitue aussi un écran sonore et visuel avec la voie ferrée.,…t de relier Kilstett à la Wantzenau. Au nord-est du secteur son débouché doit se faire au niveau de l’emplacement réservé « KIL 10 » portant la création d’un cheminement de déplacement en mode doux. Un maillage viaire complète ces axes structurants avec une orientation nord-sud et permet la desserte Il constitue aussi un écran sonore et visuel avec la voie ferrée. dédiés au stationnement seront engazonnés. Des carports pourront être ajoutés à condition que leurs toitures soient végétalisées. 5. Programmation et formes urbaines La programmation urbaine doit proposer une diversité de formes d’habitat. En cohérence avec les orientations du SCoT de la Bande Rhéna…,forte,"Le passage prescrit que le stationnement mutualisé du nord du secteur soit conçu comme écran sonore vis-à-vis de la voie ferrée, ce qui constitue une règle d'aménagement urbain (dispositif anti-bruit) liée à une construction, distincte du classement sonore. La règle s'applique spécifiquement à la partie nord du secteur d'OAP concerné, une zone précise sans contour administratif automatique.",prescription,opposable en compatibilité,lutte_bruit_existant,validé,False,,23,,doublon,,1_200041325_orientations_amenagement_20250929.pdf
2e782afabec0a8c1c78ec25955bff2c3,6_67308_reglement_20211115.pdf,Plan Local d’Urbanisme (PLU) de la commune de MUNCHHAUSEN,Munchhausen,règlement écrit,https://www.geoportail-urbanisme.gouv.fr/api/document/2e782afabec0a8c1c78ec25955bff2c3/files/67308_reglement_20211115.pdf,alinea,Article AU6,35,,administrative,limiter l’émergence acoustique.,"…mes L’ADAPTATION énergétiques efficaces et utilisant les énergies renouvelables. CLIMATIQUE EMERGENCES • Les éléments techniques extérieurs liés au bâtiment (centrales de traitement d’air, unités ACOUSTIQUES extérieures de pompes à chaleur, unités de climatisation…) devront être traités de manière à limiter l’émergence acoustique. ARTICLE N6 TRAITEMENT ENVIRONNEMENTAL ET PAYSAGER DES ESPACES N6 TRAITEMENT ENVIRONNEMENTAL ET PAYSAGER DES ESPACES • Les constructions et aménagements veilleront à limiter leur impact sur l’imperméabilisation des sols et à favoriser la circulation de la biodiversité. Ensemble de la ZONE N • Dans le…",totale,"Le passage impose que les équipements techniques extérieurs liés au bâtiment (climatisation, pompes à chaleur, centrales de traitement d'air) soient traités pour limiter l'émergence acoustique. Il s'agit d'une règle autonome et générale relative aux constructions, applicable a priori à l'ensemble du document en l'absence de précision de zone spécifique dans cet extrait.",prescription,opposable en conformité,lutte_bruit_existant,validé,False,,33,,doublon,,5_67308_reglement_20211115.pdf
