id_geometrie,id_gpu,id_occurrence,code_insee_commune,nature_zone,portee_geometrique,nom_document,communes,type_piece_source,reference_type,reference_precise,lien_web_document,zone_reglementaire_mentionnee,nature_sonore_zone,justification,validation_manuelle_commentaire,statut_verification_finale,fusionne_avec_id_gpu,fusionne_avec_id_occurrence,geometrie_origine,statut_geometrie,date_traitement
313,327fe4caaec3e723896a4fa2d9e1af80,1_67186_padd_20210107.pdf,,occurrence_locale,zone_specifique,Plan Local d'Urbanisme (PLU) de la commune de HEGENEY,Hegeney,PADD,page,page 13,https://www.geoportail-urbanisme.gouv.fr/api/document/327fe4caaec3e723896a4fa2d9e1af80/files/67186_padd_20210107.pdf,Secteur le long de la RD 27,lutte_bruit_existant,"Le PADD identifie explicitement un secteur sensible au bruit le long de la RD 27 et prévoit des mesures : entretien des îlots de ralentissement (mesure d'aménagement urbain limitant la vitesse et donc le bruit) et rappel des obligations d'isolation acoustique dans le règlement. Ce n'est pas un simple renvoi au classement sonore existant : il s'agit d'une orientation propre au PADD visant à ménager une zone sensible identifiée, avec une portée géométrique limitée à ce secteur (zone_specifique). La partie sur les îlots de ralentissement concerne l'infrastructure elle-même, mais celle sur l'isolation acoustique dans le règlement concerne bien les bâtiments, ce qui justifie une confiance plus que faible.",,rejeté,,,,rejeté,2026-09-14
315,5edf63b8118051e81a650e2a279541fd,6_67188_reglement_20251217.pdf,,occurrence_locale,zone_specifique,Plan Local d'Urbanisme (PLU) de la commune de HEILIGENBERG,Heiligenberg,règlement écrit,page,page 20,https://www.geoportail-urbanisme.gouv.fr/api/document/5edf63b8118051e81a650e2a279541fd/files/67188_reglement_20251217.pdf,U5,autre,"Le passage prescrit que les éléments techniques extérieurs (climatisation, pompes à chaleur, etc.) liés aux bâtiments doivent être traités pour limiter leur émergence acoustique, ce qui est une règle autonome concernant les bâtiments et non une infrastructure de transport. Elle s'applique dans une zone spécifique (U5/U) évoquée dans le contexte.",idem que 16_67188_reglement_20251217.pdf mais sur une zone supplémentaire,validé,,,,rejeté,2026-09-14
335,8ae18694b57b473bb4461d1d66380731,18_67261_reglement_20250505.pdf,,occurrence_locale,zone_specifique,Plan Local d'Urbanisme (PLU) de la commune de LAUTERBOURG,Lauterbourg,règlement écrit,alinea,Article au6,https://www.geoportail-urbanisme.gouv.fr/api/document/8ae18694b57b473bb4461d1d66380731/files/67261_reglement_20250505.pdf,ZONE N,autre,"Le passage prescrit que les éléments techniques extérieurs liés au bâtiment (climatisation, pompes à chaleur, etc.) doivent être traités pour limiter l'émergence acoustique, dans un secteur réglementaire spécifique (secteur Ng de la zone N). Cette règle concerne bien des équipements liés aux bâtiments, dans le périmètre diagBruit. Elle ne relève pas du classement sonore ni du PEB.",,validé,,,,rejeté,2026-09-14
362,55d11db5ff9148c968ca57e6e9952208,1_67420_reglement_20210923.pdf,,occurrence_locale,zone_specifique,Plan Local d'Urbanisme (PLU) de la commune de RUSS,Russ,règlement écrit,alinea,Article 2,https://www.geoportail-urbanisme.gouv.fr/api/document/55d11db5ff9148c968ca57e6e9952208/files/67420_reglement_20210923.pdf,,lutte_bruit_existant,"Le passage impose une exigence d'isolement acoustique pour les constructions à usage d'hébergement et d'habitation par rapport aux axes de transports terrestres bruyants. Bien que formulée comme un rappel de la réglementation en vigueur (ce qui pourrait suggérer un simple renvoi au classement sonore), le texte précise que les zones concernées sont matérialisées sur un plan d'annexes spécifique au document d'urbanisme, ce qui en fait une règle localisée nécessitant un tracé propre et non simplement le classement sonore déjà traité ailleurs. La portée est donc zone_specifique.",,validé,,,,rejeté,2026-09-14
373,fc6bee104103d89651e5a0410d49cd49,7_67443_reglement_20200303.pdf__3,,occurrence_locale,zone_specifique,Plan Local d'Urbanisme (PLU) de la commune de SCHEIBENHARD,Scheibenhard,règlement écrit,page,page 22,https://www.geoportail-urbanisme.gouv.fr/api/document/fc6bee104103d89651e5a0410d49cd49/files/67443_reglement_20200303.pdf,A5,lutte_bruit_existant,"Le passage impose que les éléments techniques extérieurs liés au bâtiment (climatisation, pompes à chaleur, etc.) soient traités de manière à limiter l'émergence acoustique. C'est une règle autonome de limitation du bruit émis par les équipements des constructions, relevant directement du périmètre diagBruit, applicable à l'ensemble du zonage du document.",en lien avec le code de la santé publique,corrigé,,,,rejeté,2026-09-14
376,fc6bee104103d89651e5a0410d49cd49,9_67443_reglement_20200303.pdf__2,,occurrence_locale,zone_specifique,Plan Local d'Urbanisme (PLU) de la commune de SCHEIBENHARD,Scheibenhard,règlement écrit,alinea,Article Au1,https://www.geoportail-urbanisme.gouv.fr/api/document/fc6bee104103d89651e5a0410d49cd49/files/67443_reglement_20200303.pdf,1AUet,lutte_bruit_existant,"Le passage évoque une règle limitant l'implantation d'établissements (y compris installations classées) qui entraîneraient une augmentation significative des nuisances sonores et olfactives pour le voisinage, dans le secteur 1AUh. C'est une règle autonome liant urbanisation et nuisances sonores, mais le texte est très fragmenté et difficile à reconstituer précisément (mélange de tableaux et de règles de recul), d'où une confiance limitée.",,validé,,,,rejeté,2026-09-14
377,fc6bee104103d89651e5a0410d49cd49,9_67443_reglement_20200303.pdf__3,,occurrence_locale,zone_specifique,Plan Local d'Urbanisme (PLU) de la commune de SCHEIBENHARD,Scheibenhard,règlement écrit,alinea,Article Au1,https://www.geoportail-urbanisme.gouv.fr/api/document/fc6bee104103d89651e5a0410d49cd49/files/67443_reglement_20200303.pdf,1AUte,lutte_bruit_existant,"Le passage évoque une règle limitant l'implantation d'établissements (y compris installations classées) qui entraîneraient une augmentation significative des nuisances sonores et olfactives pour le voisinage, dans le secteur 1AUh. C'est une règle autonome liant urbanisation et nuisances sonores, mais le texte est très fragmenté et difficile à reconstituer précisément (mélange de tableaux et de règles de recul), d'où une confiance limitée.",,validé,,,,rejeté,2026-09-14
378,fc6bee104103d89651e5a0410d49cd49,9_67443_reglement_20200303.pdf__4,,occurrence_locale,zone_specifique,Plan Local d'Urbanisme (PLU) de la commune de SCHEIBENHARD,Scheibenhard,règlement écrit,alinea,Article Au1,https://www.geoportail-urbanisme.gouv.fr/api/document/fc6bee104103d89651e5a0410d49cd49/files/67443_reglement_20200303.pdf,1AUe,lutte_bruit_existant,"Le passage évoque une règle limitant l'implantation d'établissements (y compris installations classées) qui entraîneraient une augmentation significative des nuisances sonores et olfactives pour le voisinage, dans le secteur 1AUh. C'est une règle autonome liant urbanisation et nuisances sonores, mais le texte est très fragmenté et difficile à reconstituer précisément (mélange de tableaux et de règles de recul), d'où une confiance limitée.",,validé,,,,rejeté,2026-09-14
379,fc6bee104103d89651e5a0410d49cd49,9_67443_reglement_20200303.pdf__5,,occurrence_locale,zone_specifique,Plan Local d'Urbanisme (PLU) de la commune de SCHEIBENHARD,Scheibenhard,règlement écrit,alinea,Article Au1,https://www.geoportail-urbanisme.gouv.fr/api/document/fc6bee104103d89651e5a0410d49cd49/files/67443_reglement_20200303.pdf,1AUtc,lutte_bruit_existant,"Le passage évoque une règle limitant l'implantation d'établissements (y compris installations classées) qui entraîneraient une augmentation significative des nuisances sonores et olfactives pour le voisinage, dans le secteur 1AUh. C'est une règle autonome liant urbanisation et nuisances sonores, mais le texte est très fragmenté et difficile à reconstituer précisément (mélange de tableaux et de règles de recul), d'où une confiance limitée.",,validé,,,,rejeté,2026-09-14
413,814f136f4faa17f4c90ac5067beb0446,1_246701098_padd_20260518.pdf,,occurrence_locale,zone_specifique,Plan Local d'Urbanisme intercommunal (PLUi) DU PAYS DE NIEDERBRONN-LES-BAINS,"Dambach, Gumbrechtshoffen, Gundershoffen, Mertzwiller, Mietesheim, Niederbronn-les-Bains, Oberbronn, Offwiller, Reichshoffen, Rothbach, Uttenhoffen, Windstein, Zinswiller",PADD,page,page 7,https://www.geoportail-urbanisme.gouv.fr/api/document/814f136f4faa17f4c90ac5067beb0446/files/246701098_padd_20260518.pdf,zones de bruit des RD1062 et RD242,autre,"Le PADD demande de prendre en compte les zones de bruit de deux routes départementales (RD1062 et RD242) dans la définition des futures zones de développement de l'habitat. Il ne s'agit pas d'un simple renvoi au classement sonore réglementaire mais d'une orientation d'aménagement propre au document, visant à orienter la localisation de l'urbanisation résidentielle en fonction du bruit routier. Cela relève du périmètre diagBruit (aménagement urbain/habitat). La portée est limitée aux abords de ces deux voies, donc zone_specifique.",vague,validé,,,,rejeté,2026-09-14
416,1a06170e4506cd77d3a8a1fe53e71015,2_67090_reglement_20210913.pdf,,occurrence_locale,zone_specifique,Plan Local d’Urbanisme (PLU) de la commune de DIEBOLSHEIM,Diebolsheim,règlement écrit,alinea,Article 2,https://www.geoportail-urbanisme.gouv.fr/api/document/1a06170e4506cd77d3a8a1fe53e71015/files/67090_reglement_20210913.pdf,UB,autre,"Le passage prévoit que l'implantation de constructions liées à l'exploitation agricole (hors élevage) est conditionnée à l'absence de nuisances sonores supplémentaires, entre autres. C'est une règle autonome liant l'urbanisation (constructions agricoles) à une exigence acoustique, applicable dans une zone réglementaire spécifique (probablement une zone agricole ou naturelle du PLU) dont le contour n'est pas précisé ici.",,corrigé,,,zone_urba_auto,rejeté,2026-09-14
