id_gpu_1,id_occurrence_1,id_gpu_2,id_occurrence_2,variation_aire,distance_forme_normalisee,message
8ae18694b57b473bb4461d1d66380731,12_67261_reglement_20250505.pdf,8ae18694b57b473bb4461d1d66380731,6_67261_reglement_20250505.pdf,0.0%,0.000,"aire et forme très proches, sans fusion déclarée — une fusion a-t-elle été oubliée ?"
fc6bee104103d89651e5a0410d49cd49,13_67443_reglement_20200303.pdf,fc6bee104103d89651e5a0410d49cd49,6_67443_reglement_20200303.pdf,0.0%,0.000,"aire et forme très proches, sans fusion déclarée — une fusion a-t-elle été oubliée ?"
2e782afabec0a8c1c78ec25955bff2c3,1_67308_reglement_20211115.pdf,2e782afabec0a8c1c78ec25955bff2c3,3_67308_reglement_20211115.pdf,0.0%,0.000,"aire et forme très proches, sans fusion déclarée — une fusion a-t-elle été oubliée ?"
2e782afabec0a8c1c78ec25955bff2c3,1_67308_reglement_20211115.pdf,2e782afabec0a8c1c78ec25955bff2c3,4_67308_reglement_20211115.pdf,0.0%,0.000,"aire et forme très proches, sans fusion déclarée — une fusion a-t-elle été oubliée ?"
2e782afabec0a8c1c78ec25955bff2c3,1_67308_reglement_20211115.pdf,2e782afabec0a8c1c78ec25955bff2c3,5_67308_reglement_20211115.pdf,0.0%,0.000,"aire et forme très proches, sans fusion déclarée — une fusion a-t-elle été oubliée ?"
2e782afabec0a8c1c78ec25955bff2c3,3_67308_reglement_20211115.pdf,2e782afabec0a8c1c78ec25955bff2c3,4_67308_reglement_20211115.pdf,0.0%,0.000,"aire et forme très proches, sans fusion déclarée — une fusion a-t-elle été oubliée ?"
2e782afabec0a8c1c78ec25955bff2c3,3_67308_reglement_20211115.pdf,2e782afabec0a8c1c78ec25955bff2c3,5_67308_reglement_20211115.pdf,0.0%,0.000,"aire et forme très proches, sans fusion déclarée — une fusion a-t-elle été oubliée ?"
2e782afabec0a8c1c78ec25955bff2c3,4_67308_reglement_20211115.pdf,2e782afabec0a8c1c78ec25955bff2c3,5_67308_reglement_20211115.pdf,0.0%,0.000,"aire et forme très proches, sans fusion déclarée — une fusion a-t-elle été oubliée ?"
284928e1449906994f1323c4fc818562,1_200040178_orientations_amenagement_18_00_20260629_A.pdf,284928e1449906994f1323c4fc818562,2_200040178_padd_20260629_A.pdf,0.0%,0.000,"aire et forme très proches, sans fusion déclarée — une fusion a-t-elle été oubliée ?"
d9f1902e01d10dfb16b87041193ba1c5,4_67252_reglement_20250623.pdf,d9f1902e01d10dfb16b87041193ba1c5,5_67252_reglement_20250623.pdf,0.0%,0.000,"aire et forme très proches, sans fusion déclarée — une fusion a-t-elle été oubliée ?"
8c7d85e0ce9d2768c89bffdf60120b55,1_67073_orientations_amenagement_20231012.pdf,8c7d85e0ce9d2768c89bffdf60120b55,1_67073_padd_20231012.pdf,0.0%,0.000,"aire et forme très proches, sans fusion déclarée — une fusion a-t-elle été oubliée ?"
5edf63b8118051e81a650e2a279541fd,17_67188_reglement_20251217.pdf,5edf63b8118051e81a650e2a279541fd,1_67188_reglement_20251217.pdf,0.0%,0.000,"aire et forme très proches, sans fusion déclarée — une fusion a-t-elle été oubliée ?"
5edf63b8118051e81a650e2a279541fd,17_67188_reglement_20251217.pdf,5edf63b8118051e81a650e2a279541fd,1_67188_reglement_20251217.pdf__2,0.0%,0.000,"aire et forme très proches, sans fusion déclarée — une fusion a-t-elle été oubliée ?"
5edf63b8118051e81a650e2a279541fd,17_67188_reglement_20251217.pdf,5edf63b8118051e81a650e2a279541fd,1_67188_reglement_20251217.pdf__3,0.0%,0.000,"aire et forme très proches, sans fusion déclarée — une fusion a-t-elle été oubliée ?"
5edf63b8118051e81a650e2a279541fd,17_67188_reglement_20251217.pdf,5edf63b8118051e81a650e2a279541fd,1_67188_reglement_20251217.pdf__4,0.0%,0.000,"aire et forme très proches, sans fusion déclarée — une fusion a-t-elle été oubliée ?"
5edf63b8118051e81a650e2a279541fd,17_67188_reglement_20251217.pdf,5edf63b8118051e81a650e2a279541fd,1_67188_reglement_20251217.pdf__5,0.0%,0.000,"aire et forme très proches, sans fusion déclarée — une fusion a-t-elle été oubliée ?"
5edf63b8118051e81a650e2a279541fd,17_67188_reglement_20251217.pdf,5edf63b8118051e81a650e2a279541fd,2_67188_padd_20251217.pdf,0.0%,0.000,"aire et forme très proches, sans fusion déclarée — une fusion a-t-elle été oubliée ?"
5edf63b8118051e81a650e2a279541fd,17_67188_reglement_20251217.pdf,5edf63b8118051e81a650e2a279541fd,3_67188_reglement_20251217.pdf,0.0%,0.000,"aire et forme très proches, sans fusion déclarée — une fusion a-t-elle été oubliée ?"
5edf63b8118051e81a650e2a279541fd,1_67188_reglement_20251217.pdf,5edf63b8118051e81a650e2a279541fd,1_67188_reglement_20251217.pdf__2,0.0%,0.000,"aire et forme très proches, sans fusion déclarée — une fusion a-t-elle été oubliée ?"
5edf63b8118051e81a650e2a279541fd,1_67188_reglement_20251217.pdf,5edf63b8118051e81a650e2a279541fd,1_67188_reglement_20251217.pdf__3,0.0%,0.000,"aire et forme très proches, sans fusion déclarée — une fusion a-t-elle été oubliée ?"
5edf63b8118051e81a650e2a279541fd,1_67188_reglement_20251217.pdf,5edf63b8118051e81a650e2a279541fd,1_67188_reglement_20251217.pdf__4,0.0%,0.000,"aire et forme très proches, sans fusion déclarée — une fusion a-t-elle été oubliée ?"
5edf63b8118051e81a650e2a279541fd,1_67188_reglement_20251217.pdf,5edf63b8118051e81a650e2a279541fd,1_67188_reglement_20251217.pdf__5,0.0%,0.000,"aire et forme très proches, sans fusion déclarée — une fusion a-t-elle été oubliée ?"
5edf63b8118051e81a650e2a279541fd,1_67188_reglement_20251217.pdf,5edf63b8118051e81a650e2a279541fd,2_67188_padd_20251217.pdf,0.0%,0.000,"aire et forme très proches, sans fusion déclarée — une fusion a-t-elle été oubliée ?"
5edf63b8118051e81a650e2a279541fd,1_67188_reglement_20251217.pdf,5edf63b8118051e81a650e2a279541fd,3_67188_reglement_20251217.pdf,0.0%,0.000,"aire et forme très proches, sans fusion déclarée — une fusion a-t-elle été oubliée ?"
5edf63b8118051e81a650e2a279541fd,1_67188_reglement_20251217.pdf__2,5edf63b8118051e81a650e2a279541fd,1_67188_reglement_20251217.pdf__3,0.0%,0.000,"aire et forme très proches, sans fusion déclarée — une fusion a-t-elle été oubliée ?"
5edf63b8118051e81a650e2a279541fd,1_67188_reglement_20251217.pdf__2,5edf63b8118051e81a650e2a279541fd,1_67188_reglement_20251217.pdf__4,0.0%,0.000,"aire et forme très proches, sans fusion déclarée — une fusion a-t-elle été oubliée ?"
5edf63b8118051e81a650e2a279541fd,1_67188_reglement_20251217.pdf__2,5edf63b8118051e81a650e2a279541fd,1_67188_reglement_20251217.pdf__5,0.0%,0.000,"aire et forme très proches, sans fusion déclarée — une fusion a-t-elle été oubliée ?"
5edf63b8118051e81a650e2a279541fd,1_67188_reglement_20251217.pdf__2,5edf63b8118051e81a650e2a279541fd,2_67188_padd_20251217.pdf,0.0%,0.000,"aire et forme très proches, sans fusion déclarée — une fusion a-t-elle été oubliée ?"
5edf63b8118051e81a650e2a279541fd,1_67188_reglement_20251217.pdf__2,5edf63b8118051e81a650e2a279541fd,3_67188_reglement_20251217.pdf,0.0%,0.000,"aire et forme très proches, sans fusion déclarée — une fusion a-t-elle été oubliée ?"
5edf63b8118051e81a650e2a279541fd,1_67188_reglement_20251217.pdf__3,5edf63b8118051e81a650e2a279541fd,1_67188_reglement_20251217.pdf__4,0.0%,0.000,"aire et forme très proches, sans fusion déclarée — une fusion a-t-elle été oubliée ?"
5edf63b8118051e81a650e2a279541fd,1_67188_reglement_20251217.pdf__3,5edf63b8118051e81a650e2a279541fd,1_67188_reglement_20251217.pdf__5,0.0%,0.000,"aire et forme très proches, sans fusion déclarée — une fusion a-t-elle été oubliée ?"
5edf63b8118051e81a650e2a279541fd,1_67188_reglement_20251217.pdf__3,5edf63b8118051e81a650e2a279541fd,2_67188_padd_20251217.pdf,0.0%,0.000,"aire et forme très proches, sans fusion déclarée — une fusion a-t-elle été oubliée ?"
5edf63b8118051e81a650e2a279541fd,1_67188_reglement_20251217.pdf__3,5edf63b8118051e81a650e2a279541fd,3_67188_reglement_20251217.pdf,0.0%,0.000,"aire et forme très proches, sans fusion déclarée — une fusion a-t-elle été oubliée ?"
5edf63b8118051e81a650e2a279541fd,1_67188_reglement_20251217.pdf__4,5edf63b8118051e81a650e2a279541fd,1_67188_reglement_20251217.pdf__5,0.0%,0.000,"aire et forme très proches, sans fusion déclarée — une fusion a-t-elle été oubliée ?"
5edf63b8118051e81a650e2a279541fd,1_67188_reglement_20251217.pdf__4,5edf63b8118051e81a650e2a279541fd,2_67188_padd_20251217.pdf,0.0%,0.000,"aire et forme très proches, sans fusion déclarée — une fusion a-t-elle été oubliée ?"
5edf63b8118051e81a650e2a279541fd,1_67188_reglement_20251217.pdf__4,5edf63b8118051e81a650e2a279541fd,3_67188_reglement_20251217.pdf,0.0%,0.000,"aire et forme très proches, sans fusion déclarée — une fusion a-t-elle été oubliée ?"
5edf63b8118051e81a650e2a279541fd,1_67188_reglement_20251217.pdf__5,5edf63b8118051e81a650e2a279541fd,2_67188_padd_20251217.pdf,0.0%,0.000,"aire et forme très proches, sans fusion déclarée — une fusion a-t-elle été oubliée ?"
5edf63b8118051e81a650e2a279541fd,1_67188_reglement_20251217.pdf__5,5edf63b8118051e81a650e2a279541fd,3_67188_reglement_20251217.pdf,0.0%,0.000,"aire et forme très proches, sans fusion déclarée — une fusion a-t-elle été oubliée ?"
5edf63b8118051e81a650e2a279541fd,2_67188_padd_20251217.pdf,5edf63b8118051e81a650e2a279541fd,3_67188_reglement_20251217.pdf,0.0%,0.000,"aire et forme très proches, sans fusion déclarée — une fusion a-t-elle été oubliée ?"
b69e260ffc76830aef751103cbfd0f82,2_67239_padd_20260128.pdf,b69e260ffc76830aef751103cbfd0f82,3_67239_padd_20260128.pdf,0.0%,0.000,"aire et forme très proches, sans fusion déclarée — une fusion a-t-elle été oubliée ?"
d9f1902e01d10dfb16b87041193ba1c5,2_67252_padd_20250623.pdf,d9f1902e01d10dfb16b87041193ba1c5,2_67252_reglement_20250623.pdf,0.0%,0.000,"aire et forme très proches, sans fusion déclarée — une fusion a-t-elle été oubliée ?"
d9f1902e01d10dfb16b87041193ba1c5,2_67252_padd_20250623.pdf,d9f1902e01d10dfb16b87041193ba1c5,3_67252_reglement_20250623.pdf,0.0%,0.000,"aire et forme très proches, sans fusion déclarée — une fusion a-t-elle été oubliée ?"
d9f1902e01d10dfb16b87041193ba1c5,2_67252_padd_20250623.pdf,d9f1902e01d10dfb16b87041193ba1c5,7_67252_reglement_20250623.pdf,0.0%,0.000,"aire et forme très proches, sans fusion déclarée — une fusion a-t-elle été oubliée ?"
d9f1902e01d10dfb16b87041193ba1c5,2_67252_reglement_20250623.pdf,d9f1902e01d10dfb16b87041193ba1c5,3_67252_reglement_20250623.pdf,0.0%,0.000,"aire et forme très proches, sans fusion déclarée — une fusion a-t-elle été oubliée ?"
d9f1902e01d10dfb16b87041193ba1c5,2_67252_reglement_20250623.pdf,d9f1902e01d10dfb16b87041193ba1c5,7_67252_reglement_20250623.pdf,0.0%,0.000,"aire et forme très proches, sans fusion déclarée — une fusion a-t-elle été oubliée ?"
d9f1902e01d10dfb16b87041193ba1c5,3_67252_reglement_20250623.pdf,d9f1902e01d10dfb16b87041193ba1c5,7_67252_reglement_20250623.pdf,0.0%,0.000,"aire et forme très proches, sans fusion déclarée — une fusion a-t-elle été oubliée ?"
