nom_commune,code_insee_commune,code_siren_epci,nom_document,nature_document,id_gpu,date_approbation,niveau_couverture,date_traitement,statut
Achenheim,67001,246700488,Plan Local d'Urbanisme intercommunal (PLUi) EUROMETROPOLE DE STRASBOURG,PLUi,95d3871caefe158c101a466ab9e91c5b,22/05/2026 11:10:48,EPCI,2026-08-12,document trouvé
Bischheim,67043,246700488,Plan Local d'Urbanisme intercommunal (PLUi) EUROMETROPOLE DE STRASBOURG,PLUi,95d3871caefe158c101a466ab9e91c5b,22/05/2026 11:10:48,EPCI,2026-08-12,document trouvé
Blaesheim,67049,246700488,Plan Local d'Urbanisme intercommunal (PLUi) EUROMETROPOLE DE STRASBOURG,PLUi,95d3871caefe158c101a466ab9e91c5b,22/05/2026 11:10:48,EPCI,2026-08-12,document trouvé
Breuschwickersheim,67065,246700488,Plan Local d'Urbanisme intercommunal (PLUi) EUROMETROPOLE DE STRASBOURG,PLUi,95d3871caefe158c101a466ab9e91c5b,22/05/2026 11:10:48,EPCI,2026-08-12,document trouvé
Eckbolsheim,67118,246700488,Plan Local d'Urbanisme intercommunal (PLUi) EUROMETROPOLE DE STRASBOURG,PLUi,95d3871caefe158c101a466ab9e91c5b,22/05/2026 11:10:48,EPCI,2026-08-12,document trouvé
Eckwersheim,67119,246700488,Plan Local d'Urbanisme intercommunal (PLUi) EUROMETROPOLE DE STRASBOURG,PLUi,95d3871caefe158c101a466ab9e91c5b,22/05/2026 11:10:48,EPCI,2026-08-12,document trouvé
Entzheim,67124,246700488,Plan Local d'Urbanisme intercommunal (PLUi) EUROMETROPOLE DE STRASBOURG,PLUi,95d3871caefe158c101a466ab9e91c5b,22/05/2026 11:10:48,EPCI,2026-08-12,document trouvé
Eschau,67131,246700488,Plan Local d'Urbanisme intercommunal (PLUi) EUROMETROPOLE DE STRASBOURG,PLUi,95d3871caefe158c101a466ab9e91c5b,22/05/2026 11:10:48,EPCI,2026-08-12,document trouvé
Fegersheim,67137,246700488,Plan Local d'Urbanisme intercommunal (PLUi) EUROMETROPOLE DE STRASBOURG,PLUi,95d3871caefe158c101a466ab9e91c5b,22/05/2026 11:10:48,EPCI,2026-08-12,document trouvé
Geispolsheim,67152,246700488,Plan Local d'Urbanisme intercommunal (PLUi) EUROMETROPOLE DE STRASBOURG,PLUi,95d3871caefe158c101a466ab9e91c5b,22/05/2026 11:10:48,EPCI,2026-08-12,document trouvé
Hangenbieten,67182,246700488,Plan Local d'Urbanisme intercommunal (PLUi) EUROMETROPOLE DE STRASBOURG,PLUi,95d3871caefe158c101a466ab9e91c5b,22/05/2026 11:10:48,EPCI,2026-08-12,document trouvé
Hœnheim,67204,246700488,Plan Local d'Urbanisme intercommunal (PLUi) EUROMETROPOLE DE STRASBOURG,PLUi,95d3871caefe158c101a466ab9e91c5b,22/05/2026 11:10:48,EPCI,2026-08-12,document trouvé
Holtzheim,67212,246700488,Plan Local d'Urbanisme intercommunal (PLUi) EUROMETROPOLE DE STRASBOURG,PLUi,95d3871caefe158c101a466ab9e91c5b,22/05/2026 11:10:48,EPCI,2026-08-12,document trouvé
Illkirch-Graffenstaden,67218,246700488,Plan Local d'Urbanisme intercommunal (PLUi) EUROMETROPOLE DE STRASBOURG,PLUi,95d3871caefe158c101a466ab9e91c5b,22/05/2026 11:10:48,EPCI,2026-08-12,document trouvé
Kolbsheim,67247,246700488,Plan Local d'Urbanisme intercommunal (PLUi) EUROMETROPOLE DE STRASBOURG,PLUi,95d3871caefe158c101a466ab9e91c5b,22/05/2026 11:10:48,EPCI,2026-08-12,document trouvé
Lampertheim,67256,246700488,Plan Local d'Urbanisme intercommunal (PLUi) EUROMETROPOLE DE STRASBOURG,PLUi,95d3871caefe158c101a466ab9e91c5b,22/05/2026 11:10:48,EPCI,2026-08-12,document trouvé
Lingolsheim,67267,246700488,Plan Local d'Urbanisme intercommunal (PLUi) EUROMETROPOLE DE STRASBOURG,PLUi,95d3871caefe158c101a466ab9e91c5b,22/05/2026 11:10:48,EPCI,2026-08-12,document trouvé
Lipsheim,67268,246700488,Plan Local d'Urbanisme intercommunal (PLUi) EUROMETROPOLE DE STRASBOURG,PLUi,95d3871caefe158c101a466ab9e91c5b,22/05/2026 11:10:48,EPCI,2026-08-12,document trouvé
Mittelhausbergen,67296,246700488,Plan Local d'Urbanisme intercommunal (PLUi) EUROMETROPOLE DE STRASBOURG,PLUi,95d3871caefe158c101a466ab9e91c5b,22/05/2026 11:10:48,EPCI,2026-08-12,document trouvé
Mundolsheim,67309,246700488,Plan Local d'Urbanisme intercommunal (PLUi) EUROMETROPOLE DE STRASBOURG,PLUi,95d3871caefe158c101a466ab9e91c5b,22/05/2026 11:10:48,EPCI,2026-08-12,document trouvé
Niederhausbergen,67326,246700488,Plan Local d'Urbanisme intercommunal (PLUi) EUROMETROPOLE DE STRASBOURG,PLUi,95d3871caefe158c101a466ab9e91c5b,22/05/2026 11:10:48,EPCI,2026-08-12,document trouvé
Oberhausbergen,67343,246700488,Plan Local d'Urbanisme intercommunal (PLUi) EUROMETROPOLE DE STRASBOURG,PLUi,95d3871caefe158c101a466ab9e91c5b,22/05/2026 11:10:48,EPCI,2026-08-12,document trouvé
Oberschaeffolsheim,67350,246700488,Plan Local d'Urbanisme intercommunal (PLUi) EUROMETROPOLE DE STRASBOURG,PLUi,95d3871caefe158c101a466ab9e91c5b,22/05/2026 11:10:48,EPCI,2026-08-12,document trouvé
Osthoffen,67363,246700488,Plan Local d'Urbanisme intercommunal (PLUi) EUROMETROPOLE DE STRASBOURG,PLUi,95d3871caefe158c101a466ab9e91c5b,22/05/2026 11:10:48,EPCI,2026-08-12,document trouvé
Ostwald,67365,246700488,Plan Local d'Urbanisme intercommunal (PLUi) EUROMETROPOLE DE STRASBOURG,PLUi,95d3871caefe158c101a466ab9e91c5b,22/05/2026 11:10:48,EPCI,2026-08-12,document trouvé
Plobsheim,67378,246700488,Plan Local d'Urbanisme intercommunal (PLUi) EUROMETROPOLE DE STRASBOURG,PLUi,95d3871caefe158c101a466ab9e91c5b,22/05/2026 11:10:48,EPCI,2026-08-12,document trouvé
Reichstett,67389,246700488,Plan Local d'Urbanisme intercommunal (PLUi) EUROMETROPOLE DE STRASBOURG,PLUi,95d3871caefe158c101a466ab9e91c5b,22/05/2026 11:10:48,EPCI,2026-08-12,document trouvé
Schiltigheim,67447,246700488,Plan Local d'Urbanisme intercommunal (PLUi) EUROMETROPOLE DE STRASBOURG,PLUi,95d3871caefe158c101a466ab9e91c5b,22/05/2026 11:10:48,EPCI,2026-08-12,document trouvé
Souffelweyersheim,67471,246700488,Plan Local d'Urbanisme intercommunal (PLUi) EUROMETROPOLE DE STRASBOURG,PLUi,95d3871caefe158c101a466ab9e91c5b,22/05/2026 11:10:48,EPCI,2026-08-12,document trouvé
Strasbourg,67482,246700488,Plan Local d'Urbanisme intercommunal (PLUi) EUROMETROPOLE DE STRASBOURG,PLUi,95d3871caefe158c101a466ab9e91c5b,22/05/2026 11:10:48,EPCI,2026-08-12,document trouvé
Strasbourg,67482,246700488,Plan de Sauvegarde et de Mise en Valeur (PSMV) STRASBOURG,PSMV,5ef7415de742b3e83e90bd4ca2f8e2f0,26/07/2023 14:45:48,commune,2026-08-12,PSMV additionnel
Vendenheim,67506,246700488,Plan Local d'Urbanisme intercommunal (PLUi) EUROMETROPOLE DE STRASBOURG,PLUi,95d3871caefe158c101a466ab9e91c5b,22/05/2026 11:10:48,EPCI,2026-08-12,document trouvé
La Wantzenau,67519,246700488,Plan Local d'Urbanisme intercommunal (PLUi) EUROMETROPOLE DE STRASBOURG,PLUi,95d3871caefe158c101a466ab9e91c5b,22/05/2026 11:10:48,EPCI,2026-08-12,document trouvé
Wolfisheim,67551,246700488,Plan Local d'Urbanisme intercommunal (PLUi) EUROMETROPOLE DE STRASBOURG,PLUi,95d3871caefe158c101a466ab9e91c5b,22/05/2026 11:10:48,EPCI,2026-08-12,document trouvé
