id_geometrie,id_gpu,id_occurrence,message_synthese_llm,synthese_corrigee,message_synthese_corrige,validation_message_commentaire
33,5ef7415de742b3e83e90bd4ca2f8e2f0,3_67482_orientations_amenagement_20230707.pdf,"L'OAP recommande de préserver le jardin comme un espace de confort, de calme et de rafraîchissement. Cette qualité de calme fait partie intégrante de la valeur du site : veillez à ce que votre projet la préserve. Pour approfondir cette orientation, consultez l'OAP page 22.",True,"Le jardin de l'université est un espace de confort, de calme et de rafraîchissement. Tout projet sur ou proche du site doit anticiper la conservation de la situation sonore apaisée actuelle.","retrait de mention liée au doc et référence, présentes par un autre process."
34,5ef7415de742b3e83e90bd4ca2f8e2f0,4_67482_orientations_amenagement_20230707.pdf,"L'OAP du secteur PSMV ""abords de la Cathédrale"" (page 26) recommande d'améliorer le confort sonore de cet espace public par l'introduction de végétal. Il s'agit d'une piste d'aménagement, non d'une obligation. Pensez-y dans la conception des espaces extérieurs de votre projet : le végétal peut contribuer au confort acoustique du lieu, au bénéfice des riverains et visiteurs.",True,"Aux abords de la Cathédrale, il est recommandé d'améliorer le confort sonore de l'espace public par l'introduction de végétal. Attention les gains acoustiques apportés par les substrats et l'amélioration du ressenti apportée par le végétal sont prouvés, mais rien ne prouve que le végétal permet de réduire les niveaux de bruit.",ajout d'une précision sur les doutes scientifiques relatifs à l'effet du végétal sur les niveaux sonores.
2,5ef7415de742b3e83e90bd4ca2f8e2f0,4_67482_reglement_20230707.pdf,"Votre parcelle est protégée au titre du PSMV, secteur au périmètre patrimonial protégé. Les articles 4 et 7 du règlement autorisent plusieurs interventions pour améliorer l'isolation acoustique et thermique : amélioration de l'habitabilité des locaux existants, remplacement des menuiseries dégradées ou de leurs profils et verres, pose d'une double menuiserie intérieure, remplacement ou modification des ouvrages en surplomb. Chaque intervention reste conditionnée au respect des éléments patrimoniaux et historiques : matériau, dessin, profils d'origine, décors intérieurs et composition architecturale du bâtiment. Avant travaux, vérifiez la compatibilité de votre projet avec ces exigences et rapprochez-vous d'un professionnel qualifié ou de l'architecte des Bâtiments de France.",True,"Au sein du Secteur Patrimonial Remarquable, plusieurs interventions sont autorisées afin d'améliorer l'habitabilité : isolation acoustique, isolation thermique, hygiène, accessibilité.
Concrètement il s'agit : 
- du remplacement des menuiseries dégradées ou de leurs profils et verres,
- de la pose d'une double menuiserie intérieure, 
- du remplacement ou modification des ouvrages en surplomb. 
Chaque intervention reste conditionnée au respect des éléments patrimoniaux et historiques. Avant travaux, vérifiez la compatibilité de votre projet avec ces exigences et rapprochez-vous d'un professionnel qualifié ou de l'architecte des Bâtiments de France.",mise en liste
6,95d3871caefe158c101a466ab9e91c5b,11_246700488_orientations_amenagement_1_20260206.pdf,"OAP intercommunale « Porte de Hausbergen » (p.306) : les espaces verts peuvent être épaissis en façade Sud-Est, entre la VLIO et les secteurs résidentiels du Prévert et de la rue Marcel Pagnol. Objectifs proposés : accueillir jardins familiaux et espaces de jeux, et constituer une protection phonique contre le bruit de la VLIO. Il s'agit d'une recommandation, non d'une obligation : envisagez cet épaississement végétal pour limiter l'exposition sonore des résidents voisins.",True,"Sur le secteur ""Porte de Hausbergen"", la Voie de Liaison Intercommunale Ouest est identifiée comme une source de nuisances sonores. Il est recommandé, lors de l'aménagement du site, de densifier les espaces verts entre la VLIO et les logements pour assurer une protection phonique. Attention, les distances et densité de végétal nécessaires pour assurer un impact acoustique significatif sont importantes (cf partie recommandations de diagBruit).",précision sur l'impact du végétal et les pré-requis
7,95d3871caefe158c101a466ab9e91c5b,12_246700488_orientations_amenagement_1_20260206.pdf,"L'OAP intercommunale du secteur de la zone d'activité des Maréchaux le précise : au-delà de l'isolation phonique des bâtiments, pensez la composition urbaine du projet pour limiter le bruit. Deux leviers sont mentionnés : l'implantation du bâti, la hauteur du bâti. Ces éléments peuvent être conçus pour réduire les nuisances sonores, en complément de l'isolation acoustique. Consultez l'OAP (p.312) pour situer précisément cette recommandation sur votre parcelle.",True,"Pour limiter le bruit sur le secteur de la zone d'activité ""des Maréchaux"", L'OAP intercommunale recommande aux aménageurs et constructeurs de mettre en oeuvre des techniques de masquage des batiments en jouant sur l'implantation et la hauteur du bâti (documentation à venir sur diagBruit). ",simplification
8,95d3871caefe158c101a466ab9e91c5b,12_246700488_orientations_amenagement_2_20260206.pdf,"Cette parcelle se situe dans le secteur OAP « à l'Ouest de la rue des Floralies » à Mundolsheim, exposé aux nuisances sonores de la voie ferrée. Pour limiter ces impacts, l'OAP recommande d'agir sur plusieurs leviers : le maillage des voies, les ouvertures et fermetures visuelles, l'implantation et la hauteur du bâti. L'isolation phonique des constructions peut également contribuer à répondre à cet enjeu. Anticipez ces choix d'aménagement dès la conception de votre projet, pour le confort de vos futurs résidents.",True,"Pour limiter les nuisances sonore de la voie ferrée dans le secteur « à l'Ouest de la rue des Floralies », il est recommandé d'agir sur :
- le maillage des voies, 
- les ouvertures et fermetures visuelles, 
- l'implantation du bâti
- la hauteur du bâti.
Anticipez ces choix d'aménagement dès la conception de votre projet en faisant appel à un spécialiste en acoustique.",simplification et liste
9,95d3871caefe158c101a466ab9e91c5b,13_246700488_orientations_amenagement_2_20260206.pdf,"Dans le secteur Sud-Ouest d'Ostwald, l'OAP recommande de concentrer les hauteurs de construction les plus importantes à certains endroits stratégiques : le long de la voie ferrée, à proximité de la gare, et le long de la liaison Est-Ouest proche du futur passage sur la voie ferrée. Objectif : ces bâtiments plus hauts contribuent à protéger le secteur du bruit ferroviaire et routier. Étudiez les hauteurs de votre projet pour optimiser cette qualité de protection acoustique, notamment si votre parcelle borde la voie structurante Rue E. Bugatti/Allée du Bohrie.",True,"Dans le secteur Sud-Ouest d'Ostwald (plus particulièrement si votre parcelle borde la voie structurante Rue E. Bugatti/Allée du Bohrie), il est recommandé de concentrer les hauteurs de construction les plus importantes : 
- le long de la voie ferrée, 
- à proximité de la gare,
- le long de la liaison Est-Ouest proche du futur passage sur la voie ferrée. 
Ces bâtiments plus hauts contribuent à protéger le secteur du bruit ferroviaire et routier. Faites étudiez les hauteurs de votre projet par un acousticien pour optimiser cette qualité de protection acoustique.",liste et simplification
10,95d3871caefe158c101a466ab9e91c5b,15_246700488_orientations_amenagement_2_20260206.pdf,"Votre parcelle se situe dans l'OAP communale « Secteur Nord » de Reichstett, exposée au bruit de la RD 63. Un système de voiries apaisées y sera mis en place pour atténuer ces nuisances. Pour limiter davantage les impacts sonores, vous pouvez agir sur plusieurs leviers : maillage des voies, ouvertures et fermetures visuelles, implantation et hauteur du bâti, ou encore répartition des programmes. À retenir : ces pistes restent des recommandations, à envisager dès la conception de votre projet (page 374 de l'OAP).",True,"Le « Secteur Nord » de Reichstett est exposé au bruit de la D63. 
Pour limiter les impacts sonores, vous pouvez agir sur : 
- le maillage des voies, 
- les ouvertures et fermetures visuelles, 
- l'implantation du bâti,
- la hauteur du bâti, 
- la répartition des programmes. 
Faites vous accompagner par un spécialiste acoustique dès la conception de votre projet.",
11,95d3871caefe158c101a466ab9e91c5b,17_246700488_orientations_amenagement_2_20260206.pdf,"L'OAP « Secteur d'extension Ouest rue de l'Industrie » à Souffelweyersheim impose un isolement acoustique conforme à la réglementation en vigueur pour tous les bâtiments. Au-delà de cette obligation, privilégiez des protections acoustiques renforcées : double peau, protections amovibles pour les prolongements extérieurs. Cette recommandation n'est pas obligatoire, mais elle améliore le confort de vos futurs occupants. Consultez un acousticien pour évaluer les solutions adaptées à votre projet.",True,"Sur le « Secteur d'extension Ouest rue de l'Industrie » à Souffelweyersheim il est recommandé de mettre en oeuvre des protections acoustiques renforcées : 
- double peau, 
- protections amovibles pour les prolongements extérieurs.
Consultez un acousticien pour évaluer les solutions adaptées à votre projet.",simplification
12,95d3871caefe158c101a466ab9e91c5b,19_246700488_orientations_amenagement_2_20260206.pdf,"L'OAP « Secteur Pointe de la Souffel II » à Souffelweyersheim impose la prise en compte du bruit dès la conception du projet. Intégrez ces exigences dans votre plan d'aménagement : volumétrie du bâti, dispersion des nuisances, protections à mettre en place. Les bâtiments devront également répondre à des exigences d'isolement acoustique renforcé (double peau, protections amovibles pour les prolongements extérieurs) afin de limiter les nuisances pour les futurs occupants. Consultez un acousticien pour définir les solutions adaptées à votre projet.",True,"Le « Secteur Pointe de la Souffel II » prescrit la prise en compte du bruit dès la conception du projet. La volumétrie du bâti, la dispersion des nuisances, les protections à mettre en place devront être anticipée dés le plan d'aménagement. Les bâtiments devront également répondre à des exigences d'isolement acoustique renforcé :
- double peau, 
- protections amovibles pour les prolongements extérieurs.
Consultez un acousticien pour définir les solutions adaptées à votre projet."," ajout du terme ""prescrit"" plutot q'impose (plus fort en urbanisme)"
13,95d3871caefe158c101a466ab9e91c5b,1_246700488_orientations_amenagement_2_20260206.pdf,"OAP secteur Est « Le Hirschberg », commune d'Achenheim (page 11) : le développement de la zone d'activités le long de la RD 45 est envisagé comme un écran limitant les nuisances sonores pour les habitations voisines. Il s'agit d'une orientation d'aménagement, pas d'une obligation réglementaire. Tenez-en compte dans l'implantation de votre projet vis-à-vis de la RD 45.",True,"Sur le secteur  « Le Hirschberg », la zone d'activité le long de laRD45 doit devenir un écran limitant les nuisances sonores pour les habitations voisines.
Il est recommandé de définir le plan d'aménagement et les hauteurs de bâti en ce sens.
",
15,95d3871caefe158c101a466ab9e91c5b,21_246700488_orientations_amenagement_2_20260206.pdf,"L'OAP « Secteur Étoile » de Strasbourg impose la continuité du front bâti au Nord dans le secteur Lombardie. Cette implantation protège le cœur d'îlot contre le bruit. Assurez cette continuité dès la conception de votre projet. Pour le détail des hauteurs et orientations attendues, consultez l'OAP communale, page 440.",True,"Sur le « Secteur Étoile / Lombardie » il est prescrit d'assurer la continuité du front bâti Nord, afin de protèger le cœur d'îlot contre le bruit. ",simplification
16,95d3871caefe158c101a466ab9e91c5b,23_246700488_orientations_amenagement_2_20260206.pdf,"L'OAP « Secteur Heyritz » (Strasbourg) recommande de prendre en compte la pollution sonore parmi les contraintes environnementales du site, aux côtés de l'inondabilité, de la qualité de l'air et de la qualité des sols. Intégrez cet enjeu sonore dès la conception de votre projet, en cohérence avec l'articulation paysagère souhaitée avec le parc du Heyritz. Cette recommandation ne fixe pas de seuil ni de mesure technique précise : consultez un acousticien pour définir les dispositions adaptées à votre projet.",True,"Sur le  « Secteur Heyritz », il est recommandé de prendre en compte la pollution sonore parmi les contraintes environnementales du site, aux côtés de l'inondabilité, de la qualité de l'air et de la qualité des sols. Cette recommandation ne fixe pas de seuil ni de mesure technique précise : consultez un acousticien pour définir les dispositions adaptées à votre projet.",
17,95d3871caefe158c101a466ab9e91c5b,25_246700488_orientations_amenagement_2_20260206.pdf,"L'OAP communale du secteur Musau/Neudorf (page 458) recommande de prendre en compte les contraintes de bruit et de pollution dans l'aménagement du quartier. Le texte ne précise pas de seuils ni de mesures techniques particulières. Intégrez cet enjeu dès la conception de votre projet, aux côtés des autres objectifs du secteur (trame verte, liaisons entre quartiers, centralité). Un aménagement attentif à ces contraintes contribue au confort de tous les futurs habitants du quartier.",True,"Sur le secteur ""Musau/Neudorf"", il est recommandé de prendre en compte les contraintes de bruit et de pollution dans l'aménagement du quartier. Intégrez cet enjeu dès la conception de votre projet en faisant appel à un spécialiste en acoustique.",
18,95d3871caefe158c101a466ab9e91c5b,26_246700488_orientations_amenagement_2_20260206.pdf,"L'OAP « Porte des Romains » (Strasbourg) identifie le bruit comme une contrainte à intégrer dans le projet urbain. Prenez en compte cet enjeu dès la conception : qualité des logements, desserte par le futur TCSP. Aucune mesure technique précise n'est fixée à ce stade, mais cette vigilance doit guider vos choix d'aménagement. Retrouvez le détail de l'OAP page 483 du document.",True,"Sur le secteur « Porte des Romains » il est recommandé d'intégrer le bruit comme une contrainte dès la conception du projet. Aucune mesure technique précise n'est fixée à ce stade, mais cette vigilance doit guider vos choix d'aménagement. Faites appel à un spécialiste en acoustique pour vous aider à définir les mesures à mettre en oeuvre.",
19,95d3871caefe158c101a466ab9e91c5b,28_246700488_orientations_amenagement_2_20260206.pdf,"L'OAP « Secteur Petit-Marais - Singrist » (commune de Strasbourg) recommande de prendre en compte le bruit dans la conception de votre projet. Deux sources sont identifiées : la voie ferrée au nord, la route de Schirmeck au sud. Anticipez la gestion de ces nuisances dès la conception, notamment pour les bâtiments les plus proches de ces axes. Un acousticien peut vous aider à identifier les solutions adaptées à votre implantation.",True,"Sur le « Secteur Petit-Marais - Singrist », deux sources de bruit sont identifiées par les documents d'urbanisme : 
- la voie ferrée au nord,
- la route de Schirmeck au sud. 
Anticipez la gestion de ces nuisances dès la conception, notamment pour les bâtiments les plus proches de ces axes. Un acousticien peut vous aider à identifier les solutions adaptées à votre implantation.",
20,95d3871caefe158c101a466ab9e91c5b,29_246700488_orientations_amenagement_2_20260206.pdf,"L'OAP du secteur EPSAN (Vendenheim) recommande une frange végétalisée en limite de la RM301. Objectif : créer une transition paysagère avec la route et atténuer les nuisances sonores et la pollution de l'air liées au trafic. Intégrez cette bande végétalisée dès la conception de votre projet, en bordure de la RM301.",True,"Sur le secteur EPSAN, il est recommandé de créer une frange végétalisée en limite de la M301 afin d'atténuer les nuisances sonores et la pollution de l'air liées au trafic routier.",
21,95d3871caefe158c101a466ab9e91c5b,2_246700488_orientations_amenagement_1_20260206.pdf,"Votre parcelle se situe en zone tampon et en zone de vigilance qualité de l'air et bruit routier, à proximité d'une infrastructure bruyante. L'OAP (p.121) recommande d'implanter en première ligne un bâtiment haut, d'au moins R+3, pour créer un effet barrière contre le bruit et la pollution : vérifiez que cette hauteur est autorisée par le règlement en vigueur avant de concevoir votre projet. Sur toute façade donnant directement sur un axe routier signalé au plan vigilance, prévoyez dès la conception un dispositif permettant de fermer les espaces extérieurs (balcons, loggias), pour protéger les futurs occupants du bruit et des polluants atmosphériques. L'article 15, alinéa 6 du règlement précise par ailleurs les règles d'implantation des prises d'air de ventilation dans ces zones. En organisant ainsi votre projet, vous protégez les futurs occupants situés en second rang comme ceux exposés directement à l'axe routier.",True,"Cette parcelle se situe en zone tampon et/ou en zone de vigilance qualité de l'air et bruit routier.
-  Il est recommandé d'implanter en première ligne un bâtiment haut, d'au moins R+3, pour créer un effet barrière contre le bruit et la pollution : vérifiez que cette hauteur est autorisée par le règlement en vigueur avant de concevoir votre projet.
- Il est prescrit pour les façades donnant directement sur un axe routier signalé au plan vigilance  : 
    - que tout espaces extérieurs (balcons, loggias), doit être équipé d'un dispositif permettant de le fermer,
    - que les prises d'air de ventilation ne soient pas présentes sur ces façades.",
22,95d3871caefe158c101a466ab9e91c5b,2_246700488_orientations_amenagement_2_20260206.pdf,"Votre parcelle se situe dans la partie Nord de l'OAP « Entrée Nord route d'Entzheim », exposée au bruit de l'autoroute A35. L'OAP impose un traitement particulier de ce secteur pour préserver les futurs habitants des nuisances sonores. Travaillez l'implantation, la hauteur et l'orientation des bâtiments pour limiter l'exposition des populations. Consultez l'OAP communale de Geispolsheim (page 102) pour les modalités précises.",True,"Le secteur « Entrée Nord route d'Entzheim » est exposé au bruit de l'autoroute A35. Il est prescrit de travailler : 
- l'implantation, 
- la hauteur, 
- l'orientation des bâtiments 
pour limiter l'exposition des populations. 
Faites appel à un spécialiste acoustique pour vous aider à définir les mesures à mettre en oeuvre.",
23,95d3871caefe158c101a466ab9e91c5b,3_246700488_orientations_amenagement_2_20260206.pdf,"L'OAP « Gare Entrée Ouest » de Geispolsheim recommande d'implanter les constructions à l'abri des nuisances sonores et automobiles, tout en conservant leur position dans le pôle de centralité. Privilégiez cette implantation pour limiter l'exposition au bruit dès la conception de votre projet. Cette orientation permet aussi de tourner les pièces de vie des logements vers le Sud/Sud-Ouest. Pour le détail des prescriptions de ce secteur, reportez-vous à la page 113 de l'OAP.",True,"Sur la partie Nord du secteur « Gare Entrée Ouest », il est recommandé d'utiliser la construction d'un équipement de type ""festif"" pour protéger les habitations des nuisances sonores de la M353. Attention toutefois à ne pas créer des nuisances de type ""bruit de voisinage"" ou ""bruit de musique amplifiée"".",petite hallucination
24,95d3871caefe158c101a466ab9e91c5b,4_246700488_orientations_amenagement_1_20260206.pdf,"L'OAP Métropolitaine du secteur « Cœur métropolitain Deux-Rives » signale plusieurs contraintes liées à l'activité portuaire : risques technologiques, trafics routier et ferroviaire, bruit, nuisances acoustiques et pollution des sols. Prenez en compte ces éléments dans vos choix programmatiques pour ce site. Il s'agit d'une recommandation générale, sans mesure technique précisée à ce stade : rapprochez-vous des services d'urbanisme pour affiner votre projet (p.203).",True,"Le secteur « Cœur métropolitain Deux-Rives » présente plusieurs contraintes liées à l'activité portuaire : risques technologiques, trafics routier et ferroviaire, nuisances acoustiques et pollution des sols. Il est recommandé de prendre en compte ces éléments dans vos choix programmatiques. Rapprochez-vous des services d'urbanisme pour affiner votre projet.",
25,95d3871caefe158c101a466ab9e91c5b,4_246700488_orientations_amenagement_2_20260206.pdf,"L'OAP communale « Secteur Huron » d'Illkirch-Graffenstaden impose de prendre en compte les nuisances sonores dans la conception du projet urbain. Prévoyez des dispositions constructives adaptées à ces nuisances, notamment sur les parties du secteur exposées au bruit. Cette exigence s'ajoute aux règles de hauteur des constructions fixées par la même OAP. Consultez un acousticien pour définir les dispositions les mieux adaptées à votre projet.",True,"Sur le « Secteur Huron » il est recommandé de prendre en compte les nuisances sonores dues à la route de Lyon, au tramway et à la salle des fêtes dans la conception de votre projet. Prévoyez des dispositions constructives adaptées à ces nuisances, et prenant également en compte les exigences de hauteur des constructions. 
Consultez un acousticien pour définir les dispositions les mieux adaptées à votre projet.",précisions sur les sources de bruit
26,95d3871caefe158c101a466ab9e91c5b,5_246700488_orientations_amenagement_2_20260206.pdf,"Cette parcelle est concernée par l'OAP du secteur Sud de la ZAC Parc d'Innovation, à Illkirch-Graffenstaden. Pour se prémunir des nuisances liées à la RM 468, respectez un recul inconstructible de 30 mètres par rapport à l'axe de cette voie. Aucune construction n'est autorisée dans cette bande de recul. Consultez l'OAP communale (page 190) pour vérifier l'implantation exacte de votre projet.",True,"Sur le ""secteur Sud de la ZAC Parc d'Innovation"", il est prescrit de respecter un recul inconstructible de 30 mètres par rapport à l'axe de la M468. ",simplification
27,95d3871caefe158c101a466ab9e91c5b,6_246700488_orientations_amenagement_1_20260206.pdf,L'OAP Métropolitaine du secteur « Zone commerciale Nord » impose deux prescriptions liées au bruit routier. N'implantez pas les installations techniques d'aspiration d'air (VMC) des futurs bâtiments sur les façades donnant sur l'A4 et la RD 63. Prévoyez des dispositifs d'isolation acoustique pour toute construction située dans une zone de bruit liée aux infrastructures de transport terrestre. Consultez l'OAP (p.270) pour vérifier l'application de ces règles à votre projet.,True,"Sur le secteur « Zone commerciale Nord », il est prescrit de ne pas implenter les installations techniques d'aspiration d'air (VMC) sur les façades donnant sur l'A4 et la D63.",
28,95d3871caefe158c101a466ab9e91c5b,6_246700488_orientations_amenagement_2_20260206.pdf,"Ce secteur est exposé au bruit des RD 223 et 468 et de la voie ferrée à l'Ouest. L'OAP communale « Secteur du Schwemmloch » (p. 233) recommande d'en tenir compte dès la conception du quartier. Pour limiter les impacts sonores, vous pouvez agir sur : le maillage des voies, les ouvertures et fermetures visuelles, l'implantation du bâti, la hauteur du bâti. Anticiper ces choix de composition urbaine contribue au confort sonore des futurs résidents.",True,"Le « Secteur du Schwemmloch » est exposé au bruit : 
- de la D223,
- de la D468,
- de la voie ferrée.
Il est recommandé d'en tenir compte dès la conception du projet en agissant sur : 
- le maillage des voies, 
- les ouvertures et fermetures visuelles, 
- l'implantation du bâti, 
- la hauteur du bâti.
Faites appel à un spécialiste acoustique pour vous accompagner sur votre projet.",liste et simplification
29,95d3871caefe158c101a466ab9e91c5b,7_246700488_orientations_amenagement_2_20260206.pdf,"Le secteur Trissermatt est exposé aux nuisances sonores de la voie ferrée à l'Ouest. L'OAP communale de La Wantzenau recommande d'intégrer cette contrainte dès la conception de votre projet. Pour limiter les impacts, plusieurs leviers sont possibles : le maillage des voies, les ouvertures et fermetures visuelles, l'implantation du bâti ou encore sa hauteur. Ces choix de conception profitent au confort sonore des futurs habitants du quartier.",True,"Le secteur Trissermatt est exposé aux nuisances sonores de la voie ferrée à l'Ouest. L'OAP communale de La Wantzenau recommande d'intégrer cette contrainte dès la conception de votre projet, en agissant sur : 
- le maillage des voies, 
- les ouvertures et fermetures visuelles, 
- l'implantation du bâti,
- la hauteur du bati. 
Faites appels à un spécialiste acoustique pour vous accompagner sur votre projet.",
30,95d3871caefe158c101a466ab9e91c5b,8_246700488_orientations_amenagement_2_20260206.pdf,"Votre parcelle se situe dans le secteur Niedermatt à Lipsheim, exposé aux nuisances de la RD 1083 (bruit, pollution de l'air) et de la voie ferrée (bruit). L'OAP communale recommande de protéger l'habitat de ces nuisances dès la conception du projet : implantation du bâti, orientation, hauteur, organisation des voies. Elle préconise notamment des façades latérales Est et Ouest relativement fermées, pour limiter l'exposition au bruit lié à la voirie traversant le quartier. Associez un architecte ou un acousticien à ces choix pour définir les solutions les mieux adaptées. Source : OAP, p. 251.",True,"Le secteur Niedermatt est exposé aux nuisances de la D1083 et de la voie ferrée. L'OAP communale recommande de protéger l'habitat de ces nuisances dès la conception du projet en agissant sur le bâti : 
- implantation générale (utilisation de bâtiments d'activité ou de stationnement comme écran), 
- implantations des installations technique (entrées d'air VMC), balcons et terasses sur les façades non orientées vers la D1083
- hauteur, 
- double peau
et sur l'organisation des voies. 
Elle recommande notamment de fermer les façades latérales Est et Oues pour limiter l'exposition au bruit de la voirie traversant le quartier. 
Associez un acousticien à votre projet pour définir les solutions les mieux adaptées",
31,95d3871caefe158c101a466ab9e91c5b,9_246700488_orientations_amenagement_1_20260206.pdf,"Votre parcelle est concernée par l'OAP intercommunale « Aménagements paysagers aux abords de l'A35 ». Aux abords de l'autoroute, cette OAP recommande de renforcer les protections naturelles déjà présentes (talus, végétation) contre le bruit, via un traitement paysager. Privilégiez une végétalisation sur plusieurs strates, dont au moins une strate arborée, pour atténuer les nuisances sonores. Consultez l'OAP complète (page 290) pour les modalités précises d'aménagement.",True,"Votre parcelle est concernée par l'OAP intercommunale « Aménagements paysagers aux abords de l'A35 ». Cette OAP recommande de renforcer les protections naturelles déjà présentes (talus, végétation) contre le bruit, via un traitement paysager. Privilégiez une végétalisation sur plusieurs strates, dont au moins une strate arborée, pour atténuer les nuisances sonores. ",