id_geometrie_synthese,id_gpu,id_occurrence,message_occurrence,occurrence_corrigee,message_occurrence_corrige,validation_message_commentaire,extrait_significatif,contexte_documentaire,justification,lien_web_document,reference_precise
33,5ef7415de742b3e83e90bd4ca2f8e2f0,3_67482_orientations_amenagement_20230707.pdf,"L'OAP recommande de préserver le jardin comme un espace de confort, de calme et de rafraîchissement. Cette qualité de calme fait partie intégrante de la valeur du site : veillez à ce que votre projet la préserve. Pour approfondir cette orientation, consultez l'OAP page 22.",False,,,"maintenir le jardin comme lieu de confort, calme, et rafraîchissement","…ncernent tant le patrimoine bâti que l’espace paysager. La dégradation du site, notamment due à l’usage du lieu néces- site de trouver aujourd’hui le bon équilibre entre usage / conservation et valorisation. Le secteur représente également un fort enjeu écologique par son rôle de poumon vert au cœur maintenir le jardin comme lieu de confort, calme, et rafraîchissement Nb : Le par cet les clôtures sont partiellement protégés au titre des monuments historiques. J Destination du site J ComPosition du ParC J Paysage et environnement  Conservation de la mission d’enseignement et de  Préservation et mise en valeur de l’esprit du lieu  Préservation et mise en valeur…","Le passage évoque la préservation du jardin comme 'lieu de confort, calme, et rafraîchissement', ce qui constitue une recommandation de préservation d'une zone calme dans le cadre d'une OAP sur un site patrimonial précis (jardin/parc), donc à portée géométrique spécifique et non un simple renvoi au classement sonore ou au PEB.",https://www.geoportail-urbanisme.gouv.fr/api/document/5ef7415de742b3e83e90bd4ca2f8e2f0/files/67482_orientations_amenagement_20230707.pdf,page 22
34,5ef7415de742b3e83e90bd4ca2f8e2f0,4_67482_orientations_amenagement_20230707.pdf,"L'OAP du secteur PSMV ""abords de la Cathédrale"" (page 26) recommande d'améliorer le confort sonore de cet espace public par l'introduction de végétal. Il s'agit d'une piste d'aménagement, non d'une obligation. Pensez-y dans la conception des espaces extérieurs de votre projet : le végétal peut contribuer au confort acoustique du lieu, au bénéfice des riverains et visiteurs.",False,,,Améliorer le confort sonore par l’introduction de végétal.,"….  Interdire l’accessibilité des véhicules et le station- en valeur. La fréquentation touristique importante du lieu induit nement. de nombreuses terrasses et espaces extérieurs des com- L’espace doit rester prioritairement voué aux déplace- merces sur l’espace public. Il est important de cadrer et Améliorer le confort sonore par l’introduction de végétal. végétal. Le maintien d’un espace dégagé offre la possibilité de créer un marché, ce qui permet, à la fois de retrouver une vocation historique de la place mais aussi, pour les habi- tants et riverains, de se la réapproprier.  Intégrer des éléments urbains de confort ou de multiservice tout en limit…","Le passage évoque une recommandation d'aménagement urbain visant à 'améliorer le confort sonore par l'introduction de végétal' sur une place publique spécifique. Il ne s'agit pas d'un renvoi au classement sonore ou au PEB, mais d'une règle autonome propre à l'OAP concernant cet espace particulier. La formulation est cependant coupée entre le passage et le contexte après, ce qui limite la clarté de l'extrait.",https://www.geoportail-urbanisme.gouv.fr/api/document/5ef7415de742b3e83e90bd4ca2f8e2f0/files/67482_orientations_amenagement_20230707.pdf,page 26
2,5ef7415de742b3e83e90bd4ca2f8e2f0,2_67482_reglement_20230707.pdf,"Votre parcelle est concernée par le PSMV, secteur au périmètre patrimonial protégé. L'article 7 permet d'améliorer l'habitabilité des locaux existants : isolation acoustique, isolation thermique, hygiène, accessibilité. Ces modifications restent conditionnées à la préservation des éléments de valeur patrimoniale et historique du bâtiment. Avant travaux, vérifiez la compatibilité de votre projet avec ces exigences patrimoniales, dans l'intérêt du bâti et du quartier.",False,,,"Des modifications peuvent être autorisées dans le but de l’amélioration de l’habitabilité des locaux notamment hygiène, isolation thermique et acoustique, accessibilité, … sous conditions de ne pas altérer des éléments de valeur patrimoniale et historique.","…ppartenant à l’immeuble par nature ou destination. Leur maintien en place et leur restauration devront être assurés dans les mêmes conditions que les éléments extérieurs. Des modifications peuvent être autorisées dans le but de l’amélioration de l’habitabilité des locaux notamment hygiène, isolation Des modifications peuvent être autorisées dans le but de l’amélioration de l’habitabilité des locaux notamment hygiène, isolation thermique et acoustique, accessibilité, … sous conditions de ne pas altérer des éléments de valeur patrimoniale et historique. Les immeubles concernés ont un intérêt par la façade urbaine qu’ils constituent, leur gabarit, leur composition, leur typologie et les perspectives qu’ils encadrent. 07-52 La démolition est interdite sauf mention particulière figurant au document graphique. Les modifications autorisées contribuent à…","Le passage autorise des modifications intérieures pour améliorer l'habitabilité des locaux, notamment l'isolation acoustique, sous réserve de préserver les éléments patrimoniaux. C'est une règle liée aux bâtiments (isolation acoustique intérieure), donc dans le périmètre diagBruit, mais formulée comme une autorisation générale plutôt qu'une prescription stricte.",https://www.geoportail-urbanisme.gouv.fr/api/document/5ef7415de742b3e83e90bd4ca2f8e2f0/files/67482_reglement_20230707.pdf,Article 7
2,5ef7415de742b3e83e90bd4ca2f8e2f0,4_67482_reglement_20230707.pdf,"Cette parcelle est soumise au PSMV (article 4). Si une menuiserie est trop dégradée ou ne répond plus à vos besoins d'isolation thermique et acoustique, son remplacement est autorisé. Respectez alors les dispositions historiques et la datation de la façade : matériau, dessin et profils d'origine sont imposés. Faites appel à un professionnel qualifié pour concilier confort acoustique et exigences patrimoniales.",False,,,Le remplacement d’une menuiserie est autorisé à l’identique des dispositions historiques et en cohérence avec la datation de la façade : • en raison de l’état de dégradation de la menuiserie existante et du besoin d’amélioration thermique et acoustique,"…menuiserie sont : lexique annexé • La modification d’une porte sur gonds pour repose dans un cadre dans le cas d’absence de dégagement formant un sas thermique. Le cadre dormant devra être le plus discret possible. • La modification pour motorisation. Les dispositifs de motorisation sont dissimulés. Le remplacement d’une menuiserie est autorisé à l’identique des dispositions historiques et en cohérence avec la datation de la façade : • en raison de l’état de dégradation de la menuiserie existante et du besoin d’amélioration thermique et acoustique • pour restituer un état historique connu afin de requalifier une façade, notamment une double menuiserie extérieure, ou intérieure. La restitution du matériau, du dessin et des profils des dispositions historiques est imposée. Création de menuiserie La création d’une menuiserie est autorisée : • po…","Le passage autorise le remplacement d'une menuiserie ancienne à l'identique en cas de besoin d'amélioration acoustique, ce qui constitue une règle relative aux bâtiments (menuiseries) et à leur isolement phonique, dans le périmètre diagBruit. Il ne s'agit pas d'un renvoi au classement sonore ou au PEB, mais d'une prescription patrimoniale propre au PSMV encadrant les travaux d'amélioration acoustique des menuiseries.",https://www.geoportail-urbanisme.gouv.fr/api/document/5ef7415de742b3e83e90bd4ca2f8e2f0/files/67482_reglement_20230707.pdf,Article 4
2,5ef7415de742b3e83e90bd4ca2f8e2f0,5_67482_reglement_20230707.pdf,Le PSMV (article 4) autorise la pose d'une double menuiserie intérieure (porte ou fenêtre) pour améliorer l'isolation thermique et acoustique du bâtiment. Cette solution permet de renforcer le confort sonore des résidents sans modifier la façade extérieure. Condition à respecter : les décors intérieurs existants ne doivent être ni dégradés ni supprimés. Faites vérifier la conformité de votre projet par un professionnel avant travaux.,False,,,"pour l’amélioration thermique et acoustique du bâtiment, par la pose d’une double menuiserie intérieure (porte ou fenêtre)","…ité et le remplacement de verre. Remplacement Le remplacement d’une menuiserie est autorisé à l’identique des dispositions historiques et en cohérence avec la datation de la façade : • en raison de l’état de dégradation de la menuiserie existante et du besoin d’amélioration thermique et acoustique ; pour l’amélioration thermique et acoustique du bâtiment, par la pose d’une double menuiserie intérieure (porte ou fenêtre) conditions de ne pas dégrader ou supprimer des décors intérieurs. Le dessin de la menuiserie neuve doit être cohérent avec celui de la menuiserie extérieure. • pour l’amélioration thermique du bâtiment par la pose d’une double menuiserie extérieure selon un modèle historique et appliqué sur toutes l…","Le passage autorise la création de menuiseries (double menuiserie intérieure ou extérieure) pour l'amélioration acoustique du bâtiment, dans le cadre d'un règlement PSMV sur les modifications de façades. Cette règle concerne bien les bâtiments (menuiseries) et non une infrastructure de transport, elle relève donc pleinement du périmètre diagBruit avec une confiance forte à totale.",https://www.geoportail-urbanisme.gouv.fr/api/document/5ef7415de742b3e83e90bd4ca2f8e2f0/files/67482_reglement_20230707.pdf,Article 4
2,5ef7415de742b3e83e90bd4ca2f8e2f0,6_67482_reglement_20230707.pdf,"Le PSMV (article 4) autorise le remplacement ou la modification des ouvrages en surplomb pour améliorer leur isolation acoustique ou thermique, ou pour répondre à des exigences de sécurité du public. Cette possibilité reste conditionnée : les travaux doivent respecter la composition architecturale, les matériaux et les dispositions décoratives et structurelles historiques du bâtiment. Faites vérifier votre projet par un professionnel qualifié en amont, pour concilier amélioration acoustique et préservation du patrimoine bâti.",False,,,"Le remplacement et la modification peuvent être autorisés pour mise aux normes vis-à-vis de la sécurité du public, de l’amélioration thermique et acoustique, dans le respect de la composition architecturale*, des matériaux et des dispositions décoratives et structurelles historiques.","…nt correspondre aux dispositions historiques. 1.5 Ouvrage en surplomb * Les ouvrages en surplomb* des immeubles de type A (07-50), B (07-52) et sur les façades protégées (07-53) sont conservés et restaurés. La restitution est autorisée selon des dispositions structurelles et décoratives historiques. Le remplacement et la modification peuvent être autorisés pour mise aux normes vis-à-vis de la sécurité du public, de l’amélioration thermique et acoustique, dans le respect de la composition architecturale*, des matériaux et des dispositions décoratives et structurelles historiques. d’origine de la construction de l’ouvrage, est imposée. 1.5.1 Balcons Modification des balcons existants Sont autorisées, sur les immeubles de type A (07-50) et sur les façades protégées (07-53) en cohérence avec la composition architecturale* et les dispositions historiques : • La réalisation d’une…","Le passage autorise le remplacement/modification d'ouvrages en surplomb (balcons, éléments de façade) pour mise aux normes en matière d'amélioration acoustique, sous réserve de respecter la composition architecturale historique. C'est une règle liée à l'amélioration acoustique des bâtiments existants, dans le périmètre diagBruit, applicable à l'ensemble du document (pas de zone spécifique mentionnée).",https://www.geoportail-urbanisme.gouv.fr/api/document/5ef7415de742b3e83e90bd4ca2f8e2f0/files/67482_reglement_20230707.pdf,Article 4
2,5ef7415de742b3e83e90bd4ca2f8e2f0,7_67482_reglement_20230707.pdf,Votre bâtiment est protégé au titre du PSMV. Vous pouvez remplacer les profils et les verres de vos menuiseries pour améliorer l'isolation thermique et acoustique. Cette intervention doit respecter les dispositions historiques du bâtiment. Consultez l'article 4 du règlement et rapprochez-vous de l'architecte des Bâtiments de France avant travaux.,False,,,Le remplacement des profils et des verres pour une amélioration thermique et acoustique est autorisé selon les dispositions historiques.,"…res dont la surface est supérieure à 1 m² sont redivisées par un ou plusieurs petits bois dans le sens de la plus grande longueur. Le verre est transparent et incolore. Les verrières des immeubles de type A (07-50) et B (07-52) sont conservées ou restaurées conformément aux dispositions historiques. Le remplacement des profils et des verres pour une amélioration thermique et acoustique est autorisé selon les dispositions historiques. Les descentes d’eaux pluviales sont disposées aux extrémités des façades ou selon un rythme respectant la composition architecturale* de la façade. Les boîtes à eau* en façade sont autorisées, s’il s’agit d’une disposition historique. Les dauphins* en partie basse sont en fonte et peints dans le ton…","Le passage autorise le remplacement des profils et des verres des menuiseries pour une amélioration acoustique (en plus de thermique), sous réserve du respect des dispositions historiques. Ceci concerne des bâtiments existants (immeubles protégés au PSMV) et relève donc bien du périmètre diagBruit, il s'agit d'une règle autonome relative à l'isolation acoustique des façades, non liée au classement sonore ou au PEB.",https://www.geoportail-urbanisme.gouv.fr/api/document/5ef7415de742b3e83e90bd4ca2f8e2f0/files/67482_reglement_20230707.pdf,Article 4
6,95d3871caefe158c101a466ab9e91c5b,11_246700488_orientations_amenagement_1_20260206.pdf,"OAP intercommunale « Porte de Hausbergen » (p.306) : les espaces verts peuvent être épaissis en façade Sud-Est, entre la VLIO et les secteurs résidentiels du Prévert et de la rue Marcel Pagnol. Objectifs proposés : accueillir jardins familiaux et espaces de jeux, et constituer une protection phonique contre le bruit de la VLIO. Il s'agit d'une recommandation, non d'une obligation : envisagez cet épaississement végétal pour limiter l'exposition sonore des résidents voisins.",False,,,"Ces espaces verts peuvent être épaissis, notamment en façade Sud-Est entre la VLIO et les secteurs résidentiels du Prévert et de la rue Marcel Pagnol, pour accueillir par exemple des jardins familiaux et des espaces de jeux de plein air et pour constituer une protection phonique par rapport aux nuisances sonores émises par la VLIO.","…e grand paysage. Ces espaces verts peuvent être épaissis, notamment en façade Sud-Est entre la VLIO et les secteurs résidentiels du Prévert et de la rue Marcel Pagnol, pour accueillir par exemple des jardins familiaux et des espaces de jeux de plein air et pour constituer une protection phonique par Ces espaces verts peuvent être épaissis, notamment en façade Sud-Est entre la VLIO et les secteurs résidentiels du Prévert et de la rue Marcel Pagnol, pour accueillir par exemple des jardins familiaux et des espaces de jeux de plein air et pour constituer une protection phonique par rapport aux nuisances sonores émises par la VLIO. L'espace paysagé central de l'allée Saint-Sauveur le Vicomte sera prolongé afin d'assurer une continuité urbaine et paysagère avec l'urbanisation déjà existante. Il sera prolongé jusqu'au chemin rural en limite de zone et accueillera un cheminement doux. La voie à créer sur la façade Sud-Est du sect…","Le passage recommande d'épaissir les espaces verts en façade Sud-Est pour constituer une protection phonique contre les nuisances sonores de la VLIO, au bénéfice des secteurs résidentiels avoisinants. Il s'agit d'une règle d'aménagement urbain (espaces verts/plantations) visant à protéger l'urbanisation existante du bruit, ce qui relève bien du périmètre diagBruit et non d'un simple renvoi au classement sonore.",https://www.geoportail-urbanisme.gouv.fr/api/document/95d3871caefe158c101a466ab9e91c5b/files/246700488_orientations_amenagement_1_20260206.pdf,page 306
7,95d3871caefe158c101a466ab9e91c5b,12_246700488_orientations_amenagement_1_20260206.pdf,"L'OAP intercommunale du secteur de la zone d'activité des Maréchaux le précise : au-delà de l'isolation phonique des bâtiments, pensez la composition urbaine du projet pour limiter le bruit. Deux leviers sont mentionnés : l'implantation du bâti, la hauteur du bâti. Ces éléments peuvent être conçus pour réduire les nuisances sonores, en complément de l'isolation acoustique. Consultez l'OAP (p.312) pour situer précisément cette recommandation sur votre parcelle.",False,,,"En complément des exigences d’isolation phonique des constructions, la composition globale ainsi que les formes urbaines (implantation et hauteur du bâti) pourront également être conçues de manière à limiter les nuisances sonores.","…a être aménagée. Elle devra être dimensionnée de façon à permettre la circulation des poids lourds. Concernant les modes actifs, l'optimisation des cheminements piétons-cycles sera recherchée pour relier la ZA vers les coeurs de villages. Il s'agira d'aménager une bande cyclable le long de la rue du En complément des exigences d’isolation phonique des constructions, la composition globale ainsi que les formes urbaines (implantation et hauteur du bâti) pourront également être conçues de manière à limiter les nuisances sonores. d’aménagement intégrera cette contrainte. En complément des exigences d’isolation phonique des constructions, la composition globale ainsi que les formes urbaines (implantation et hauteur du bâti) pourront également être conçues de manière à limiter les nuisances sonores. 3.1.3. Intégration qualitat…","Le passage concerne une zone d'aménagement urbain (ZA) exposée au bruit d'une voie ferrée, et prescrit des mesures allant au-delà de la simple isolation phonique standard : la composition urbaine, l'implantation et la hauteur des bâtiments doivent être conçues pour limiter les nuisances sonores. Cela dépasse le simple renvoi à l'isolement acoustique réglementaire lié au classement sonore, et constitue donc une règle autonome relevant du périmètre diagBruit. La portée est limitée à la zone spécifique concernée par cette nuisance (partie Est de la ZA, le long de la voie ferrée).",https://www.geoportail-urbanisme.gouv.fr/api/document/95d3871caefe158c101a466ab9e91c5b/files/246700488_orientations_amenagement_1_20260206.pdf,page 312
8,95d3871caefe158c101a466ab9e91c5b,12_246700488_orientations_amenagement_2_20260206.pdf,"Cette parcelle se situe dans le secteur OAP « à l'Ouest de la rue des Floralies » à Mundolsheim, exposé aux nuisances sonores de la voie ferrée. Pour limiter ces impacts, l'OAP recommande d'agir sur plusieurs leviers : le maillage des voies, les ouvertures et fermetures visuelles, l'implantation et la hauteur du bâti. L'isolation phonique des constructions peut également contribuer à répondre à cet enjeu. Anticipez ces choix d'aménagement dès la conception de votre projet, pour le confort de vos futurs résidents.",False,,,"Cette zone est soumise aux nuisances sonores liées à la présence de la voie ferrée à l'Ouest. La réussite de ce futur quartier tiendra en grande partie à la prise en compte, en amont, de ces nuisances. Afin de limiter les impacts négatifs, il est possible d’agir sur la composition globale (maillage des voies, ouvertures et fermetures visuelles, ...) et sur les formes urbaines (implantation du bâti, hauteur du bâti,...). Au-delà des préconisations citées ci-dessus, des dispositions en matière de construction pourront également répondre à cet aspect (isolation phonique,…).","…ISATION VIAIRE Une voie d'accès, permettant de desservir la zone, devra être créée sous forme de bouclage se connectant sur la rue des Floralies à l'Est. Elle sera traitée en zone 30 / zone de rencontre. Concernant les modes actifs, l'optimisation des cheminements piétons-cycles sera recherchée pour Cette zone est soumise aux nuisances sonores liées à la présence de la voie ferrée à l'Ouest. La réussite de ce futur quartier tiendra en grande partie à la prise en compte, en amont, de ces nuisances. Afin de limiter les impacts négatifs, il est possible d’agir sur la composition globale (maillage des voies, ouvertures et fermetures visuelles, ...) et sur les formes urbaines (implantation du bâti, hauteur du bâti,...). Au-delà des préconisations citées ci-dessus, des dispositions en matière de construction pourront également répondre à cet aspect (isolation phonique,…). ouvertures et fermetures visuelles, ...) et sur les formes urbaines (implantation du bâti, hauteur du bâti,...). Au-delà des préconisations citées ci-dessus, des dispositions en matière de construction pourront également répondre à cet aspect (isolation phonique,…). 3.3. INTÉGRATION QUALITATIVE DE L…","Le passage identifie une zone d'OAP soumise aux nuisances sonores de la voie ferrée et recommande d'agir sur la composition urbaine (maillage des voies, implantation et hauteur du bâti) et éventuellement sur l'isolation phonique des constructions pour limiter ces impacts. Il s'agit d'une règle autonome, distincte du classement sonore réglementaire, portant sur l'aménagement et les bâtiments de cette zone spécifique du projet urbain.",https://www.geoportail-urbanisme.gouv.fr/api/document/95d3871caefe158c101a466ab9e91c5b/files/246700488_orientations_amenagement_2_20260206.pdf,page 278
9,95d3871caefe158c101a466ab9e91c5b,13_246700488_orientations_amenagement_2_20260206.pdf,"Dans le secteur Sud-Ouest d'Ostwald, l'OAP recommande de concentrer les hauteurs de construction les plus importantes à certains endroits stratégiques : le long de la voie ferrée, à proximité de la gare, et le long de la liaison Est-Ouest proche du futur passage sur la voie ferrée. Objectif : ces bâtiments plus hauts contribuent à protéger le secteur du bruit ferroviaire et routier. Étudiez les hauteurs de votre projet pour optimiser cette qualité de protection acoustique, notamment si votre parcelle borde la voie structurante Rue E. Bugatti/Allée du Bohrie.",False,,,"assureront la mixité urbaine et sociale recherchée. 3.4. LES HAUTEURS DES CONSTRUCTIONS Les hauteurs les plus importantes se trouveront le long de la voie ferrée et à proximité de la gare, et le long de la liaison Est-Ouest la plus proche du futur passage sur la voie ferrée. Elles permettront, entre autre, une protection contre le bruit du trafic ferroviaire ou routier. La façade ferroviaire sera traitée qualitativement, en tant qu'entrée de ville Sud par le train.","…ueillir plusieurs fonctions urbaines : de l'habitat principalement, des activités non nuisantes comme des bureaux, services et commerces de proximité qui permettront de créer un quartier vivant. Des formes urbaines variées dans l'habitat (petits collectifs, habitat dense intermédiaire ou individuel) assureront la mixité urbaine et sociale recherchée. 3.4. LES HAUTEURS DES CONSTRUCTIONS Les hauteurs les plus importantes se trouveront le long de la voie ferrée et à proximité de la gare, et le long de la liaison Est-Ouest la plus proche du futur passage sur la voie ferrée. Elles permettront, entre autre, une protection contre le bruit du trafic ferroviaire ou routier. La façade ferroviaire sera traitée qualitativement, en tant qu'entrée de ville Sud par le train. Les hauteurs des bâtiments seront étudiées de manière à avoir de véritables qualités de protection acoustique. Dans une moindre mesure, le long de la voie structurante (rue E. Bugatti/Allée du Bohrie), les hauteurs devront prendre en compte le trafic de cette voie importante. Des typologies de bâti…","Le passage établit une règle de hauteur des bâtiments pour assurer une protection acoustique contre le bruit ferroviaire et routier, ce qui concerne directement la conception des bâtiments (et non uniquement l'infrastructure de transport elle-même). La règle s'applique à des secteurs géographiques précis de l'OAP (le long de la voie ferrée, près de la gare, le long de la liaison Est-Ouest, et dans une moindre mesure le long de la voie structurante), donc portée zone_specifique.",https://www.geoportail-urbanisme.gouv.fr/api/document/95d3871caefe158c101a466ab9e91c5b/files/246700488_orientations_amenagement_2_20260206.pdf,page 332
10,95d3871caefe158c101a466ab9e91c5b,15_246700488_orientations_amenagement_2_20260206.pdf,"Votre parcelle se situe dans l'OAP communale « Secteur Nord » de Reichstett, exposée au bruit de la RD 63. Un système de voiries apaisées y sera mis en place pour atténuer ces nuisances. Pour limiter davantage les impacts sonores, vous pouvez agir sur plusieurs leviers : maillage des voies, ouvertures et fermetures visuelles, implantation et hauteur du bâti, ou encore répartition des programmes. À retenir : ces pistes restent des recommandations, à envisager dès la conception de votre projet (page 374 de l'OAP).",False,,,"un système de voiries apaisées sera mis en place et participera à l'atténuation des nuisances sonores liées à la RD 63 dans ce secteur. D'autre part, afin de limiter les impacts négatifs, on pourra agir sur la composition globale (maillage des voies, ouvertures et fermetures visuelles, ...), les formes urbaines (implantation du bâti, hauteur du bâti,...) cherchant dans l'ensemble à limiter la diffusion du bruit au sein du projet","- 331 - Carte n°2 :Schéma de principes - ensemble du secteur d’étude y compris la ZAC Plan Local d’Urbanisme OAP COMMUNALES SEPTEMBRE 2019 Commune de Reichstett Eurométropole de Strasbourg un système de voiries apaisées sera mis en place et participera à l'atténuation des nuisances sonores liées à la RD 63 dans ce secteur. D'autre part, afin de limiter les impacts négatifs, on pourra agir sur la composition globale (maillage des voies, ouvertures et fermetures visuelles, ...), les formes urbaines (implantation du bâti, hauteur du bâti,...) cherchant dans l'ensemble à limiter la diffusion du bruit au sein du projet bâti,...) cherchant dans l'ensemble à limiter la diffusion du bruit au sein du projet, et la programmation (localisation et répartition des différents programmes,…). Au-delà des préconisations citées ci-dessus, des dispositifs architecturaux adaptés de type façade double peau pourront être mis en pl…","Ce passage concerne directement l'aménagement urbain et la conception du bâti (formes urbaines, implantation, hauteur, maillage des voies) pour limiter la diffusion du bruit de la RD 63, ce qui relève pleinement du périmètre diagBruit. Il ne s'agit pas d'un simple renvoi au classement sonore mais de recommandations d'aménagement propres à ce secteur d'étude/ZAC. La portée est limitée à la zone du projet urbain décrite.",https://www.geoportail-urbanisme.gouv.fr/api/document/95d3871caefe158c101a466ab9e91c5b/files/246700488_orientations_amenagement_2_20260206.pdf,page 374
11,95d3871caefe158c101a466ab9e91c5b,17_246700488_orientations_amenagement_2_20260206.pdf,"L'OAP « Secteur d'extension Ouest rue de l'Industrie » à Souffelweyersheim impose un isolement acoustique conforme à la réglementation en vigueur pour tous les bâtiments. Au-delà de cette obligation, privilégiez des protections acoustiques renforcées : double peau, protections amovibles pour les prolongements extérieurs. Cette recommandation n'est pas obligatoire, mais elle améliore le confort de vos futurs occupants. Consultez un acousticien pour évaluer les solutions adaptées à votre projet.",False,,,"les bâtiments devront répondre aux exigences d'isolement acoustique conformément à la réglementation en vigueur. Les protections acoustiques permettant également d'aller au-delà des exigences réglementaires sont à privilégier (double peau, protections amovibles pour les prolongements extérieurs ...)","téléphonie mobile, permettra également une meilleure insertion paysagère. Plan Local d’Urbanisme OAP COMMUNALES SEPTEMBRE 2019 Commune de Souffelweyersheim Eurométropole de Strasbourg les bâtiments devront répondre aux exigences d'isolement acoustique conformément à la réglementation en vigueur. Les protections acoustiques permettant également d'aller au-delà des exigences réglementaires sont à privilégier (double peau, protections amovibles pour les prolongements extérieurs ...) exigences d'isolement acoustique conformément à la réglementation en vigueur. Les protections acoustiques permettant également d'aller au-delà des exigences réglementaires sont à privilégier (double peau, protections amovibles pour les prolongements extérieurs ...). Le secteur étant situé à proximit…","Le passage concerne une OAP sectorielle (secteur exposé au bruit de l'autoroute et des voies ferrées) et impose une prise en compte du bruit dans l'aménagement du projet, ainsi que des protections acoustiques allant au-delà des exigences réglementaires standard (double peau, protections amovibles). Cela dépasse le simple renvoi à l'isolement acoustique réglementaire lié au classement sonore, ce qui constitue une règle autonome. La portée est limitée au secteur de l'OAP concerné, non précisé par un nom de zone réglementaire classique mais correspondant à un secteur d'aménagement spécifique.",https://www.geoportail-urbanisme.gouv.fr/api/document/95d3871caefe158c101a466ab9e91c5b/files/246700488_orientations_amenagement_2_20260206.pdf,page 421
12,95d3871caefe158c101a466ab9e91c5b,19_246700488_orientations_amenagement_2_20260206.pdf,"L'OAP « Secteur Pointe de la Souffel II » à Souffelweyersheim impose la prise en compte du bruit dès la conception du projet. Intégrez ces exigences dans votre plan d'aménagement : volumétrie du bâti, dispersion des nuisances, protections à mettre en place. Les bâtiments devront également répondre à des exigences d'isolement acoustique renforcé (double peau, protections amovibles pour les prolongements extérieurs) afin de limiter les nuisances pour les futurs occupants. Consultez un acousticien pour définir les solutions adaptées à votre projet.",False,,,"Le bruit et la qualité de l'air devront être pris en compte dans le plan d’aménagement du projet et la conception du bâtiment (volumétrie, dispersion des nuisances, protections à mettre en place, etc). Afin d'atténuer les nuisances supportées par les futurs occupants, les bâtiments devront répondre aux exigences d'isolement acoustique (double peau, protections amovibles pour les prolongements extérie","…ou locaux poubelles devront être intégrés ou couverts et traités de façon qualitative (placage en bois par exemple). Il est nécessaire de garantir un traitement qualitatif des transitions entre le parc d'activités et l'autoroute A4, ainsi qu’entre le parc d’activités et les voies de chemin de fer : Le bruit et la qualité de l'air devront être pris en compte dans le plan d’aménagement du projet et la conception du bâtiment (volumétrie, dispersion des nuisances, protections à mettre en place, etc). Afin d'atténuer les nuisances supportées par les futurs occupants, les bâtiments devront répondre aux exigences d'isolement acoustique (double peau, protections amovibles pour les prolongements extérie conception du bâtiment (volumétrie, dispersion des nuisances, protections à mettre en place, etc). Afin d'atténuer les nuisances supportées par les futurs occupants, les bâtiments devront répondre aux exigences d'isolement acoustique (double peau, protections amovibles pour les prolongements extérie…","Le passage impose la prise en compte du bruit dans le plan d'aménagement et la conception des bâtiments, et exige des exigences d'isolement acoustique renforcées (double peau, protections amovibles) pour les futurs occupants du parc d'activités - il ne s'agit pas d'un simple renvoi au classement sonore ou au PEB mais d'une règle autonome propre à ce document d'urbanisme, applicable au secteur du parc d'activités.",https://www.geoportail-urbanisme.gouv.fr/api/document/95d3871caefe158c101a466ab9e91c5b/files/246700488_orientations_amenagement_2_20260206.pdf,page 425
13,95d3871caefe158c101a466ab9e91c5b,1_246700488_orientations_amenagement_2_20260206.pdf,"OAP secteur Est « Le Hirschberg », commune d'Achenheim (page 11) : le développement de la zone d'activités le long de la RD 45 est envisagé comme un écran limitant les nuisances sonores pour les habitations voisines. Il s'agit d'une orientation d'aménagement, pas d'une obligation réglementaire. Tenez-en compte dans l'implantation de votre projet vis-à-vis de la RD 45.",False,,,Le développement d’une zone d’activités le long de la RD 45 permettra de créer un écran limitant les nuisances sonores vis à vis des habitations.,…pour permettre une optimisation de la valeur d’usages des parcelles tout en réduisant les espaces délaissés. Des emplacements de stationnement en quantité suffisante (cf normes minimales de stationnement fixées par le réglement du PLU) seront à prévoir afin d’éviter l’encombrement du domaine public. Le développement d’une zone d’activités le long de la RD 45 permettra de créer un écran limitant les nuisances sonores vis à vis des habitations. Plan Local d’Urbanisme OAP COMMUNALES SEPTEMBRE 2019 Commune de Achenheim Eurométropole de Strasbourg,"Le passage établit une règle d'aménagement urbain visant à protéger les habitations des nuisances sonores routières (RD 45) via le développement d'une zone d'activités faisant écran. Cela relève bien du périmètre diagBruit (aménagement urbain en lien avec des bâtiments/habitations), et non d'une simple règle d'infrastructure de transport. La règle s'applique spécifiquement au secteur le long de la RD 45 concerné par cette OAP communale, donc portée géométrique zone_specifique.",https://www.geoportail-urbanisme.gouv.fr/api/document/95d3871caefe158c101a466ab9e91c5b/files/246700488_orientations_amenagement_2_20260206.pdf,page 11
15,95d3871caefe158c101a466ab9e91c5b,21_246700488_orientations_amenagement_2_20260206.pdf,"L'OAP « Secteur Étoile » de Strasbourg impose la continuité du front bâti au Nord dans le secteur Lombardie. Cette implantation protège le cœur d'îlot contre le bruit. Assurez cette continuité dès la conception de votre projet. Pour le détail des hauteurs et orientations attendues, consultez l'OAP communale, page 440.",False,,,Protection du cœur d'îlot contre le bruit (par la continuité du front bâti au Nord).,"…r des îlots fondés sur une construction côté rue et une préservation marquée des cœurs d'îlots. Les secteurs Schwanau et Lombardie devront permettre la continuité urbaine avec le tissu existant du quartier de Neudorf, aussi bien le long de l'Avenue Jean Jaurès que vers les rues de Nomeny et du Grand Protection du cœur d'îlot contre le bruit (par la continuité du front bâti au Nord). permettant la double orientation Nord et Sud ; à l'Est et à l'Ouest la simple orientation sera permise). Cette transition du tissu urbain sera permise par la diminution progressive des hauteurs entre les bâtiments côté centre-ville (R+5, R+7) et ceux côté Neudorf (R+2, R+4). Les hauteurs à l'acrotèr…","Le passage impose un principe d'aménagement explicite de protection du cœur d'îlot contre le bruit, à obtenir par la continuité du front bâti au Nord dans le secteur Lombardie. C'est une règle d'urbanisme autonome liée au bruit, concernant l'implantation du bâti, donc bien dans le périmètre diagBruit.",https://www.geoportail-urbanisme.gouv.fr/api/document/95d3871caefe158c101a466ab9e91c5b/files/246700488_orientations_amenagement_2_20260206.pdf,page 440
16,95d3871caefe158c101a466ab9e91c5b,23_246700488_orientations_amenagement_2_20260206.pdf,"L'OAP « Secteur Heyritz » (Strasbourg) recommande de prendre en compte la pollution sonore parmi les contraintes environnementales du site, aux côtés de l'inondabilité, de la qualité de l'air et de la qualité des sols. Intégrez cet enjeu sonore dès la conception de votre projet, en cohérence avec l'articulation paysagère souhaitée avec le parc du Heyritz. Cette recommandation ne fixe pas de seuil ni de mesure technique précise : consultez un acousticien pour définir les dispositions adaptées à votre projet.",False,,,"Prendre en compte les contraintes environnementales : inondabilité, qualité de l'air, pollution sonore, qualité des sols.","…, hôtel, parking, bureaux). Sa structuration urbaine permet une deuxième phase d'urbanisation, entre la rue de la Corderie et le parc du Heyritz. Cette seconde phase s'inscrirait dans la continuité du projet urbain global. 2. ENJEUX - Assurer une articulation paysagère forte avec le parc du Heyritz. Prendre en compte les contraintes environnementales : inondabilité, qualité de l'air, pollution sonore, qualité des sols. - Proposer une continuité d'urbanisation en relation étroite avec son contexte ; - Développer le lien avec le parc public du Heyritz et préserver l'identité verte des lieux ; - Redéfinir l'entrée de ville le long de la rue de la Corderie ; - Favoriser les modes doux et limiter la place de la voiture…","Le passage identifie la pollution sonore comme une contrainte environnementale à prendre en compte dans le développement de l'urbanisation de cette OAP, ce qui constitue une règle autonome relevant du périmètre diagBruit (prise en compte du bruit dans l'aménagement, pas un simple renvoi au classement sonore ou au PEB). Cependant la formulation reste générale et peu précise sur la nature concrète de la mesure à prendre, d'où une confiance modérée à faible.",https://www.geoportail-urbanisme.gouv.fr/api/document/95d3871caefe158c101a466ab9e91c5b/files/246700488_orientations_amenagement_2_20260206.pdf,page 449
17,95d3871caefe158c101a466ab9e91c5b,25_246700488_orientations_amenagement_2_20260206.pdf,"L'OAP communale du secteur Musau/Neudorf (page 458) recommande de prendre en compte les contraintes de bruit et de pollution dans l'aménagement du quartier. Le texte ne précise pas de seuils ni de mesures techniques particulières. Intégrez cet enjeu dès la conception de votre projet, aux côtés des autres objectifs du secteur (trame verte, liaisons entre quartiers, centralité). Un aménagement attentif à ces contraintes contribue au confort de tous les futurs habitants du quartier.",False,,,"Prendre en compte les contraintes (bruit, pollution, notamment).","…ètre régi par la loi de 1990 de la ceinture des glacis, concernant la limitation des surfaces construites au sol des terrains libres restant. 2. ENJEUX - Une trame verte importante à conserver et à renforcer ; - Des liaisons entre Neudorf et Musau à aménager ; - Conforter la centralité du quartier ; Prendre en compte les contraintes (bruit, pollution, notamment). - Créer une continuité avec une ambiance « villageoise » (jardins, vergers, maisons individuelles) à l'Est ; - Conforter la place de Wattwiller dans son rôle de place centrale ouverte sur les équipements de proximité du quartier. Plan Local d’Urbanisme OAP COMMUNALES MAI 2024 Modification n° 4 Ville…","Le passage mentionne explicitement de 'prendre en compte les contraintes (bruit, pollution)' dans le cadre d'une OAP sectorielle, ce qui constitue une recommandation autonome liée au bruit pour l'aménagement du secteur concerné. La formulation reste toutefois vague et générique, sans précision sur la nature de la contrainte de bruit ni sur les mesures à prendre, d'où une confiance limitée dans l'extrait.",https://www.geoportail-urbanisme.gouv.fr/api/document/95d3871caefe158c101a466ab9e91c5b/files/246700488_orientations_amenagement_2_20260206.pdf,page 458
18,95d3871caefe158c101a466ab9e91c5b,26_246700488_orientations_amenagement_2_20260206.pdf,"L'OAP « Porte des Romains » (Strasbourg) identifie le bruit comme une contrainte à intégrer dans le projet urbain. Prenez en compte cet enjeu dès la conception : qualité des logements, desserte par le futur TCSP. Aucune mesure technique précise n'est fixée à ce stade, mais cette vigilance doit guider vos choix d'aménagement. Retrouvez le détail de l'OAP page 483 du document.",False,,,Des contraintes à intégrer - Le bruit.,"…adre distant » du bien classé, ainsi qu’une partie de sa « zone tampon ». Ce bien et sa zone tampon font l’objet d’un plan de gestion spécifique, pris en compte dans le PLU. 2. ENJEUX  Des atouts à renforcer - Des équipements de proximité et des commerces de proximité autour de la route des Romains Des contraintes à intégrer - Le bruit. - Accompagner l'arrivée du TCSP par un projet urbain cohérent, trait d'union entre le cœur de Koenigshoffen, développé autour de la route des Romains (liaison stratégique), et le centre- ville ; - Améliorer l'image de l'entrée Est de Koenigshoffen ; - Proposer des logements de qualité, bien desservi…","Le passage identifie le bruit comme une contrainte à intégrer dans le secteur d'OAP, au même titre que la pollution de l'air et des sols. Il s'agit d'un simple constat d'enjeu sans détail sur une mesure concrète, mais cela oriente les objectifs du projet urbain (qualité des logements, accompagnement du TCSP) à prendre en compte cette nuisance. La formulation reste très générale et ne précise pas de prescription technique, d'où une confiance modérée dans l'extrait retenu.",https://www.geoportail-urbanisme.gouv.fr/api/document/95d3871caefe158c101a466ab9e91c5b/files/246700488_orientations_amenagement_2_20260206.pdf,page 483
19,95d3871caefe158c101a466ab9e91c5b,28_246700488_orientations_amenagement_2_20260206.pdf,"L'OAP « Secteur Petit-Marais - Singrist » (commune de Strasbourg) recommande de prendre en compte le bruit dans la conception de votre projet. Deux sources sont identifiées : la voie ferrée au nord, la route de Schirmeck au sud. Anticipez la gestion de ces nuisances dès la conception, notamment pour les bâtiments les plus proches de ces axes. Un acousticien peut vous aider à identifier les solutions adaptées à votre implantation.",False,,,"du bruit, notamment dans la gestion de la proximité avec la voie ferrée au nord et de la route de Schirmeck au sud","…ues solaires. Les logements mono-orientés seront limités notamment pour les logements de trois pièces et plus. La majorité des logements disposera d’un prolongement extérieur (terrasse, balcon, rez-de-jardin…) et d’un espace de rangement (cave, cellier…) pour permettre une qualité d’usage renforcée. du bruit, notamment dans la gestion de la proximité avec la voie ferrée au nord et de la route de Schirmeck au sud route de Schirmeck au sud, - de la qualité de l’air, - du plan de prévention des risques d’inondation (PPRI) de l’Eurométropole de Strasbourg. Plan Local d’Urbanisme OAP COMMUNALES MAI 2024 Modification n° 4 Commune de Strasbourg Eurométropole de Strasbourg","Le passage demande explicitement de prendre en compte le bruit lié à la proximité de la voie ferrée et de la route de Schirmeck dans la conception des projets, afin de réduire l'exposition des personnes aux nuisances. Il s'agit d'une règle liée au bruit existant à proximité des futures constructions, donc dans le périmètre diagBruit. La formulation reste toutefois générale et peu précise sur les mesures concrètes attendues.",https://www.geoportail-urbanisme.gouv.fr/api/document/95d3871caefe158c101a466ab9e91c5b/files/246700488_orientations_amenagement_2_20260206.pdf,page 510
20,95d3871caefe158c101a466ab9e91c5b,29_246700488_orientations_amenagement_2_20260206.pdf,"L'OAP du secteur EPSAN (Vendenheim) recommande une frange végétalisée en limite de la RM301. Objectif : créer une transition paysagère avec la route et atténuer les nuisances sonores et la pollution de l'air liées au trafic. Intégrez cette bande végétalisée dès la conception de votre projet, en bordure de la RM301.",False,,,"Les projets respecteront une frange végétalisée afin de gérer l’interface avec la route métropolitaine 301. La limite entre le secteur et la RM301 sera végétalisée afin de développer une transition avec la route, et d’atténuer les effets induits de la RM301 sur la santé publique (nuisance sonore et qualité de l’air).","…nagée afin d’assurer le bouclage viaire du projet. 3.2. INTÉGRATION QUALITATIVE DU SECTEUR DANS SON ENVIRONNEMENT Les projets respecteront une frange végétalisée afin de gérer l’interface avec la route métropolitaine 301. La limite entre le secteur et la RM301 sera végétalisée afin de développer une Les projets respecteront une frange végétalisée afin de gérer l’interface avec la route métropolitaine 301. La limite entre le secteur et la RM301 sera végétalisée afin de développer une transition avec la route, et d’atténuer les effets induits de la RM301 sur la santé publique (nuisance sonore et qualité de l’air). aux espaces de pleine terre. L’espace arboré existant au Nord de la RM301 identifié comme « végétation existante à maintenir » dans le schéma de principe ci-après devra être maintenu. 3.3. PROGRAMMATION Les bureaux liés aux activités des entreprises devront être orientés de sorte à ne pas être direc…","Le passage prescrit une frange végétalisée le long de la RM301 pour atténuer les nuisances sonores (et la qualité de l'air) subies par le secteur aménagé, ce qui concerne bien l'aménagement urbain à proximité d'une infrastructure de transport, et non l'infrastructure elle-même. Ce n'est pas un simple renvoi au classement sonore : il s'agit d'une mesure d'aménagement paysager spécifique (frange végétalisée avec strates végétales) allant au-delà de l'isolement acoustique réglementaire standard. La règle s'applique à un secteur spécifique du projet en limite de la RM301, donc portée géométrique zone_specifique.",https://www.geoportail-urbanisme.gouv.fr/api/document/95d3871caefe158c101a466ab9e91c5b/files/246700488_orientations_amenagement_2_20260206.pdf,page 622
21,95d3871caefe158c101a466ab9e91c5b,2_246700488_orientations_amenagement_1_20260206.pdf,"Votre parcelle se situe en zone tampon, à proximité d'une infrastructure bruyante. L'OAP (p.121) recommande d'implanter en première ligne un bâtiment haut, d'au moins R+3, pour créer un effet barrière contre le bruit et la pollution. Cette hauteur reste soumise au règlement en vigueur : vérifiez qu'elle y est autorisée avant de concevoir votre projet. En organisant ainsi votre implantation, vous protégez les futurs occupants situés en second rang.",False,,,"Créer un effet barrière au bruit et à la pollution par l’implantation d’un bâtiment haut en première ligne. Il est admis qu’un bâtiment implanté en première ligne et présentant une hauteur minimale de R+3 participe à créer un effet barrière, dès lors que cette hauteur est par ailleurs autorisée par le règlement.","…tampon : Organiser l’espace en fonction de la vocation des bâtiments. Implanter les habitations et les établissements accueillant des populations sensibles au titre de la qualité de l’air1 le plus loin de la voie. Implanter les bâtiments en retrait par rapport à la chaussée circulée en assurant une Créer un effet barrière au bruit et à la pollution par l’implantation d’un bâtiment haut en première ligne. Il est admis qu’un bâtiment implanté en première ligne et présentant une hauteur minimale de R+3 participe à créer un effet barrière, dès lors que cette hauteur est par ailleurs autorisée par le règlement. Modification n°3 Air Climat Énergie Eurométropole de Strasbourg","Le passage prescrit des mesures d'aménagement urbain (implantation des bâtiments, effet barrière, hauteur minimale) dans une zone tampon le long d'une voie, explicitement pour lutter contre le bruit (et la pollution) : c'est une règle autonome relevant du périmètre diagBruit, appliquée à une zone spécifique (zone tampon en bordure de voie) et non à l'ensemble du territoire.",https://www.geoportail-urbanisme.gouv.fr/api/document/95d3871caefe158c101a466ab9e91c5b/files/246700488_orientations_amenagement_1_20260206.pdf,page 121
21,95d3871caefe158c101a466ab9e91c5b,1_246700488_reglement_20260206.pdf,"Votre parcelle est concernée par une zone de vigilance qualité de l'air et bruit routier, repérée au plan vigilance. Pour toute façade de votre projet donnant directement sur un axe routier signalé, les espaces extérieurs (balcons, loggias) doivent pouvoir être fermés : cette fermeture protège les futurs occupants du bruit et des polluants atmosphériques. Prévoyez dès la conception ce dispositif de fermeture sur les façades concernées. L'article 15, alinéa 6 du règlement précise également des règles sur l'implantation des prises d'air de ventilation dans ces mêmes zones.",False,,,les espaces extérieurs situés sur la façade implantée au droit d’un axe routier repéré au « règlement graphique – plan vigilance » doivent pouvoir être fermés pour se protéger du bruit et des polluants atmosphériques,"…alité de l’air, dans les zones en dépassements réglementaires et en dépassements réglementaires potentiels, et dans les zones de surveillance aux abords des axes routiers repérées au « règlement graphique – plan vigilance », la conception des nouveaux bâtiments doit intégrer les principes suivants : les espaces extérieurs situés sur la façade implantée au droit d’un axe routier repéré au « règlement graphique – plan vigilance » doivent pouvoir être fermés pour se protéger du bruit et des polluants atmosphériques • la prise d’air du système de ventilation ne doit pas être installée sur la façade implantée au droit de l’axe routier repéré au « règlement graphique – plan vigilance ». Si toutes les façades sont implantées au droit d’axes routiers repérés, la prise d’air du système de ventilation sera installée…","Le passage impose des règles constructives (fermeture des espaces extérieurs en façade sur axe routier, ventilation filtrante) motivées à la fois par le bruit et la pollution atmosphérique, dans une zone de vigilance qualité de l'air/bruit routier distincte du classement sonore réglementaire classique. Il s'agit d'une règle autonome d'urbanisme, applicable aux bâtiments, dans une zone spécifique délimitée graphiquement (plan vigilance), donc retenue avec portée géométrique zone_specifique.",https://www.geoportail-urbanisme.gouv.fr/api/document/95d3871caefe158c101a466ab9e91c5b/files/246700488_reglement_20260206.pdf,"Article 15, alinéa 6"
22,95d3871caefe158c101a466ab9e91c5b,2_246700488_orientations_amenagement_2_20260206.pdf,"Votre parcelle se situe dans la partie Nord de l'OAP « Entrée Nord route d'Entzheim », exposée au bruit de l'autoroute A35. L'OAP impose un traitement particulier de ce secteur pour préserver les futurs habitants des nuisances sonores. Travaillez l'implantation, la hauteur et l'orientation des bâtiments pour limiter l'exposition des populations. Consultez l'OAP communale de Geispolsheim (page 102) pour les modalités précises.",False,,,"3.2.1. La prise en compte des nuisances La partie Nord de la zone, donnant directement vers l'autoroute A35, doit faire l'objet d'un traitement par- ticulier afin de préserver les futurs habitants des éventuelles nuisances (bruit, covisibilité, pollution de l'air). Afin de limiter les impacts de ces nuisances, tout aménagement doit favoriser des formes urbaines et architecturales permettant la limitation de l'exposition des populations, par exemple en travaillant sur","…secteur dans le sens Est-Ouest. Cet itinéraire permet en effet une circulation fluide et de qualité pour les modes doux vers les équipements publics situés au Sud-Est du périmètre (école, collège), ainsi qu'en direction du centre-bourg. 3.2. INTÉGRATION QUALITATIVE DE LA ZONE DANS SON ENVIRONNEMENT 3.2.1. La prise en compte des nuisances La partie Nord de la zone, donnant directement vers l'autoroute A35, doit faire l'objet d'un traitement par- ticulier afin de préserver les futurs habitants des éventuelles nuisances (bruit, covisibilité, pollution de l'air). Afin de limiter les impacts de ces nuisances, tout aménagement doit favoriser des formes urbaines et architecturales permettant la limitation de l'exposition des populations, par exemple en travaillant sur l'implantation et les hauteurs du bâti, l'orientation ou la forme des logements. Par exemple, les bâtiments Plan Local d’Urbanisme OAP COMMUNALES SEPTEMBRE 2019 Commune de Geispolsheim Eurométropole de Strasbourg","Le passage impose que la partie Nord de la zone, exposée au bruit de l'autoroute A35, fasse l'objet d'un traitement particulier via les formes urbaines et architecturales (implantation, hauteurs, orientation des bâtiments) pour limiter l'exposition des populations au bruit. Il ne s'agit pas d'un simple renvoi au classement sonore mais d'une prescription d'urbanisme autonome concernant l'aménagement du bâti, donc bien dans le périmètre diagBruit. La portée est limitée à la partie Nord de la zone concernée, sans contour automatique disponible.",https://www.geoportail-urbanisme.gouv.fr/api/document/95d3871caefe158c101a466ab9e91c5b/files/246700488_orientations_amenagement_2_20260206.pdf,page 102
23,95d3871caefe158c101a466ab9e91c5b,3_246700488_orientations_amenagement_2_20260206.pdf,"L'OAP « Gare Entrée Ouest » de Geispolsheim recommande d'implanter les constructions à l'abri des nuisances sonores et automobiles, tout en conservant leur position dans le pôle de centralité. Privilégiez cette implantation pour limiter l'exposition au bruit dès la conception de votre projet. Cette orientation permet aussi de tourner les pièces de vie des logements vers le Sud/Sud-Ouest. Pour le détail des prescriptions de ce secteur, reportez-vous à la page 113 de l'OAP.",False,,,"maintenant de plus les constructions à l’abri des nuisances (sonores, automobiles…), tout en restant dans un pôle de centralité","…a de renforcer leur présence, leur développement et de favoriser les nouvelles implantations. Ainsi, à l’articulation entre deux quartiers inciter les échanges entre populations installées et nouveaux arrivants. A l’Ouest de la partie Nord, un nouvel équipement de type festif à l’échelle de toute la maintenant de plus les constructions à l’abri des nuisances (sonores, automobiles…), tout en restant dans un pôle de centralité Il permettra aux pièces de vie des logements d’être orientés Sud/Sud-Ouest. Le bâti devra utiliser sa surface d’emprise pour gérer les stationnements. Plus proches du plot plus que de la barre, des petits modules en RDParc+2 ménageront des ouvertures et des perspectives. Les toitures seront plates o…","Le passage recommande l'implantation privilégiée d'un équipement de type festif à un endroit précis (Ouest de la partie Nord) afin de maintenir les constructions à l'abri des nuisances sonores et automobiles. C'est une règle d'aménagement urbain liée au bruit, localisée à une zone spécifique du document, donc dans le périmètre diagBruit.",https://www.geoportail-urbanisme.gouv.fr/api/document/95d3871caefe158c101a466ab9e91c5b/files/246700488_orientations_amenagement_2_20260206.pdf,page 113
24,95d3871caefe158c101a466ab9e91c5b,4_246700488_orientations_amenagement_1_20260206.pdf,"L'OAP Métropolitaine du secteur « Cœur métropolitain Deux-Rives » signale plusieurs contraintes liées à l'activité portuaire : risques technologiques, trafics routier et ferroviaire, bruit, nuisances acoustiques et pollution des sols. Prenez en compte ces éléments dans vos choix programmatiques pour ce site. Il s'agit d'une recommandation générale, sans mesure technique précisée à ce stade : rapprochez-vous des services d'urbanisme pour affiner votre projet (p.203).",False,,,"contraintes (risques technologiques, trafics routier et ferroviaire, contraintes de bruit, nuisances acoustiques, pollution des sols...) à prendre en compte dans les choix programmatiques","…nt défini dans le PADD du PLU communautaire comme site métropolitain, ayant vocation à participer au renforcement de l’attractivité du cœur métropolitain et à son repositionnement sur le Rhin. Le site est caractérisé par la présence de l’eau et la proximité du port dont l’activité génère un ensemble contraintes (risques technologiques, trafics routier et ferroviaire, contraintes de bruit, nuisances acoustiques, pollution des sols...) à prendre en compte dans les choix programmatiques fortement structuré par ces dernières : - l’avenue du Rhin, reliant Kehl à Strasbourg ; - la liaison interport Nord-Sud reliant le port Nord au port Sud ; - l’extension transfrontalière de la ligne D du tramway reliant Strasbourg à Kehl en 2017, lien physique avec le territoire allemand ; - la ligne…","Le passage identifie des contraintes de bruit et nuisances acoustiques liées au trafic routier et ferroviaire à proximité du port, à prendre en compte dans les choix programmatiques du site. Il s'agit d'une orientation qui concerne l'aménagement du site (choix programmatiques, donc urbanisation à proximité des infrastructures), mais la formulation reste très générale et ne précise pas de mesure concrète, d'où une confiance limitée. La portée est circonscrite au site métropolitain décrit dans le contexte, pas à l'ensemble du document.",https://www.geoportail-urbanisme.gouv.fr/api/document/95d3871caefe158c101a466ab9e91c5b/files/246700488_orientations_amenagement_1_20260206.pdf,page 203
25,95d3871caefe158c101a466ab9e91c5b,4_246700488_orientations_amenagement_2_20260206.pdf,"L'OAP communale « Secteur Huron » d'Illkirch-Graffenstaden impose de prendre en compte les nuisances sonores dans la conception du projet urbain. Prévoyez des dispositions constructives adaptées à ces nuisances, notamment sur les parties du secteur exposées au bruit. Cette exigence s'ajoute aux règles de hauteur des constructions fixées par la même OAP. Consultez un acousticien pour définir les dispositions les mieux adaptées à votre projet.",False,,,Le projet urbain devra donc veiller à mettre en oeuvre des dispositions constructibles destinées à prendre en compte ces nuisances.,"…ertaine perméabilité de l'urbanisation, en permettant des vues vers les berges du canal de dérivation de l'Ill et le cœur d'ilot pour les riverains, et vers la ville pour les habitants. Plan Local d’Urbanisme OAP COMMUNALES SEPTEMBRE 2019 Commune de Illkirch-Graffenstaden Eurométropole de Strasbourg Le projet urbain devra donc veiller à mettre en oeuvre des dispositions constructibles destinées à prendre en compte ces nuisances. destinées à prendre en compte ces nuisances. 3.3. HAUTEUR DES CONSTRUCTIONS La hauteur maximale hors tout des constructions devra respecter la carte jointe à la présente OAP. En cohérence avec les hauteurs constatées dans les opérations récentes d’habitat au Nord, les constructions au Nord du secteu…","Le passage prescrit que le projet urbain doit intégrer des dispositions constructives pour prendre en compte les nuisances sonores liées à la route de Lyon, au tramway et à des équipements publics. Il ne s'agit pas d'un simple renvoi au classement sonore mais d'une exigence propre à l'OAP visant les futures constructions. La règle s'applique à une zone spécifique du secteur de projet (Sud et Est), donc portée géométrique zone_specifique.",https://www.geoportail-urbanisme.gouv.fr/api/document/95d3871caefe158c101a466ab9e91c5b/files/246700488_orientations_amenagement_2_20260206.pdf,page 165
26,95d3871caefe158c101a466ab9e91c5b,5_246700488_orientations_amenagement_2_20260206.pdf,"Cette parcelle est concernée par l'OAP du secteur Sud de la ZAC Parc d'Innovation, à Illkirch-Graffenstaden. Pour se prémunir des nuisances liées à la RM 468, respectez un recul inconstructible de 30 mètres par rapport à l'axe de cette voie. Aucune construction n'est autorisée dans cette bande de recul. Consultez l'OAP communale (page 190) pour vérifier l'implantation exacte de votre projet.",False,,,"Afin de se prémunir contre ces nuisances, un recul inconstructible de 30 mètres sera établi par rapport à l'axe de la RM 468.","secteur Sud et sera ainsi destiné à accueillir des fonctions collectives (loisirs, sport, petits équipements légers, etc). Plan Local d’Urbanisme OAP COMMUNALES JUIN 2021 Modification n°3 Commune de Illkirch-Graffenstaden Eurométropole de Strasbourg Afin de se prémunir contre ces nuisances, un recul inconstructible de 30 mètres sera établi par rapport à l'axe de la RM 468. 3.4. INTÉGRATION QUALITATIVE DE LA ZONE DANS SON ENVIRONNEMENT Le nouveau quartier sera conçu de façon à tirer au maximum parti de la présence de la forêt. 3.4.1. Orientations relatives aux espaces publics ou d'intérêt collectif L'aménagement de la zone devra renvoyer au traitement spécifique du dom…","Le passage prescrit un recul inconstructible de 30 mètres par rapport à l'axe de la Route du Rhin pour se prémunir des nuisances sonores, ce qui constitue une règle d'urbanisme autonome (implantation des constructions) et non un simple renvoi au classement sonore ou au PEB. Cette règle concerne bien l'urbanisation à proximité de l'infrastructure (constructibilité des terrains riverains), donc elle relève du périmètre diagBruit et non uniquement de l'infrastructure elle-même. La zone concernée (le parc d'innovation le long de la RM 468) est une zone spécifique du PLU, sans contour administratif générique.",https://www.geoportail-urbanisme.gouv.fr/api/document/95d3871caefe158c101a466ab9e91c5b/files/246700488_orientations_amenagement_2_20260206.pdf,page 190
27,95d3871caefe158c101a466ab9e91c5b,6_246700488_orientations_amenagement_1_20260206.pdf,L'OAP Métropolitaine du secteur « Zone commerciale Nord » impose deux prescriptions liées au bruit routier. N'implantez pas les installations techniques d'aspiration d'air (VMC) des futurs bâtiments sur les façades donnant sur l'A4 et la RD 63. Prévoyez des dispositifs d'isolation acoustique pour toute construction située dans une zone de bruit liée aux infrastructures de transport terrestre. Consultez l'OAP (p.270) pour vérifier l'application de ces règles à votre projet.,False,,,"les installations techniques des futurs bâtiments visant à aspirer de l’air (VMC) ne pourront pas être implantées sur les façades donnant sur l’A4 et sur la RD 63, - les constructions situées dans les zones de bruit liées aux infrastructures de transport terrestre feront l’objet de dispositifs s’isolation acoustique","…rs de la zone de vigilance du Plan de Protection de l’Atmosphère (PPA) de l’agglomération strasbourgeoise adopté le 4 juin 2014, - permettre l’aménagement des espaces de vente extérieurs, autorisés sous condition d’intégration architecturale ou paysagère, uniquement s’ils s’implanteront en dehors de les installations techniques des futurs bâtiments visant à aspirer de l’air (VMC) ne pourront pas être implantées sur les façades donnant sur l’A4 et sur la RD 63, - les constructions situées dans les zones de bruit liées aux infrastructures de transport terrestre feront l’objet de dispositifs s’isolation acoustique terrestre feront l’objet de dispositifs s’isolation acoustique. 3.2. LES PRINCIPES D’AMÉNAGEMENT PAR SECTEUR Modernisation et restructuration des secteurs dédiés aux activités commerciales • Les plans ci-après représentent les trois secteurs commerciaux existants qui ont vocation à être restructurés…","Le passage contient deux prescriptions autonomes liées au bruit, distinctes du simple classement sonore : (1) interdiction d'implanter les VMC des futurs bâtiments sur les façades donnant sur l'A4 et la RD 63, et (2) obligation de dispositifs d'isolation acoustique pour les constructions situées dans les zones de bruit liées aux infrastructures de transport terrestre. Ces règles vont au-delà d'un simple renvoi au classement sonore standard car elles imposent des mesures constructives précises (localisation des équipements techniques, isolation) applicables aux bâtiments eux-mêmes, ce qui relève bien du périmètre diagBruit. La portée est géométriquement limitée aux abords de l'A4/RD63 et aux zones de bruit identifiées, donc zone_specifique.",https://www.geoportail-urbanisme.gouv.fr/api/document/95d3871caefe158c101a466ab9e91c5b/files/246700488_orientations_amenagement_1_20260206.pdf,page 270
28,95d3871caefe158c101a466ab9e91c5b,6_246700488_orientations_amenagement_2_20260206.pdf,"Ce secteur est exposé au bruit des RD 223 et 468 et de la voie ferrée à l'Ouest. L'OAP communale « Secteur du Schwemmloch » (p. 233) recommande d'en tenir compte dès la conception du quartier. Pour limiter les impacts sonores, vous pouvez agir sur : le maillage des voies, les ouvertures et fermetures visuelles, l'implantation du bâti, la hauteur du bâti. Anticiper ces choix de composition urbaine contribue au confort sonore des futurs résidents.",False,,,"Le secteur est soumis aux nuisances sonores liées à la présence des RD 223 et 468 et de la voie ferrée à l'Ouest. La réussite de ce futur quartier tiendra en grande partie à la prise en compte, en amont, de ces nuisances. Afin de limiter les impacts négatifs, on pourra agir sur la composition globale (maillage des voies, ouvertures et fermetures visuelles, ...) et les formes urbaines (implantation du bâti, hauteur du bâti,...).","Commune de La Wantzenau Eurométropole de Strasbourg Le secteur est soumis aux nuisances sonores liées à la présence des RD 223 et 468 et de la voie ferrée à l'Ouest. La réussite de ce futur quartier tiendra en grande partie à la prise en compte, en amont, de ces nuisances. Afin de limiter les impacts négatifs, on pourra agir sur la composition globale (maillage des voies, ouvertures et fermetures visuelles, ...) et les formes urbaines (implantation du bâti, hauteur du bâti,...). amont, de ces nuisances. Afin de limiter les impacts négatifs, on pourra agir sur la composition globale (maillage des voies, ouvertures et fermetures visuelles, ...) et les formes urbaines (implantation du bâti, hauteur du bâti,...). Au-delà des préconisations citées ci-dessus, des dispositions en…","Le passage identifie un secteur d'aménagement soumis aux nuisances sonores des RD 223, 468 et de la voie ferrée, et recommande d'agir sur la composition urbaine (maillage des voies, ouvertures/fermetures visuelles) et les formes urbaines (implantation et hauteur du bâti) pour limiter les impacts du bruit sur le futur quartier. Cette règle concerne bien l'aménagement urbain et le bâti à proximité des infrastructures, pas seulement les infrastructures elles-mêmes, et va au-delà d'un simple renvoi au classement sonore puisqu'elle prescrit des dispositions de composition urbaine et de forme bâtie.",https://www.geoportail-urbanisme.gouv.fr/api/document/95d3871caefe158c101a466ab9e91c5b/files/246700488_orientations_amenagement_2_20260206.pdf,page 233
29,95d3871caefe158c101a466ab9e91c5b,7_246700488_orientations_amenagement_2_20260206.pdf,"Le secteur Trissermatt est exposé aux nuisances sonores de la voie ferrée à l'Ouest. L'OAP communale de La Wantzenau recommande d'intégrer cette contrainte dès la conception de votre projet. Pour limiter les impacts, plusieurs leviers sont possibles : le maillage des voies, les ouvertures et fermetures visuelles, l'implantation du bâti ou encore sa hauteur. Ces choix de conception profitent au confort sonore des futurs habitants du quartier.",False,,,"Cette zone est soumise aux nuisances sonores liées à la présence de la voie ferrée à l'Ouest. Cette contrainte doit être prise en compte dès la conception du projet d'aménagement. Afin de limiter les impacts négatifs, il est possible d'agir sur la composition globale (maillage des voies, ouvertures et fermetures visuelles, ...) et/ou sur les formes urbaines (implantation du bâti, hauteur du bâti,.…","…vers la rue des Roses afin d’assurer une perméabilité entre quartiers pour les déplacements doux. Concernant les modes actifs, les déplacements piétons-cycles doivent être sécurisés : - soit par l'aménagement d'espaces de circulation propre (par exemple au niveau de la voie principale de desserte), Cette zone est soumise aux nuisances sonores liées à la présence de la voie ferrée à l'Ouest. Cette contrainte doit être prise en compte dès la conception du projet d'aménagement. Afin de limiter les impacts négatifs, il est possible d'agir sur la composition globale (maillage des voies, ouvertures et fermetures visuelles, ...) et/ou sur les formes urbaines (implantation du bâti, hauteur du bâti,.… contrainte doit être prise en compte dès la conception du projet d'aménagement. Afin de limiter les impacts négatifs, il est possible d'agir sur la composition globale (maillage des voies, ouvertures et fermetures visuelles, ...) et/ou sur les formes urbaines (implantation du bâti, hauteur du bâti,.…","Le passage identifie une zone spécifique de l'OAP soumise aux nuisances sonores de la voie ferrée et recommande d'agir sur la composition urbaine (maillage des voies, orientation, implantation et hauteur du bâti) dès la conception du projet d'aménagement pour limiter les impacts. Ceci concerne directement la conception des bâtiments et de l'aménagement urbain, donc dans le périmètre diagBruit. Il ne s'agit pas d'un simple renvoi au classement sonore ou au PEB, mais d'une recommandation autonome sur les formes urbaines à adopter. La portée est limitée à cette zone d'OAP particulière, non à l'ensemble du document.",https://www.geoportail-urbanisme.gouv.fr/api/document/95d3871caefe158c101a466ab9e91c5b/files/246700488_orientations_amenagement_2_20260206.pdf,page 236
30,95d3871caefe158c101a466ab9e91c5b,8_246700488_orientations_amenagement_2_20260206.pdf,"L'OAP communale du secteur Niedermatt à Lipsheim recommande de concevoir des façades latérales Est et Ouest relativement fermées, pour des raisons acoustiques. Cette orientation du bâti limite l'exposition au bruit lié à la voirie traversant le quartier. Privilégiez cette configuration dès la conception de votre projet, en lien avec un architecte ou un acousticien. Source : OAP, p. 251.",False,,,"le caractère relativement fermé, pour des raisons acoustiques, des façades latérales Est et Ouest","d'alignement pour assurer un confort d'été et pour participer à la qualité du cadre de vie des futurs habitants du quartier. Plan Local d’Urbanisme OAP COMMUNALES JUIN 2021 Modification n°3 Commune de Lipsheim Eurométropole de Strasbourg le caractère relativement fermé, pour des raisons acoustiques, des façades latérales Est et Ouest Les modes actifs seront privilégiés dans le futur quartier, notamment grâce à une venelle, orientée Est- Ouest, qui permettra une circulation piétonne fluide. Les parcours vers le pôle multimodal et vers le centre de Fegersheim seront privilégiés. Le quartier sera desservi par deux pistes cyclables…","Le passage recommande de fermer relativement les façades latérales Est et Ouest des bâtiments pour des raisons acoustiques, en lien avec la voirie traversant le quartier. C'est une règle d'aménagement/orientation des bâtiments liée au bruit, donc dans le périmètre diagBruit, applicable à une zone d'OAP spécifique.",https://www.geoportail-urbanisme.gouv.fr/api/document/95d3871caefe158c101a466ab9e91c5b/files/246700488_orientations_amenagement_2_20260206.pdf,page 251
30,95d3871caefe158c101a466ab9e91c5b,9_246700488_orientations_amenagement_2_20260206.pdf,"Votre parcelle se situe dans le secteur Niedermatt, exposé aux nuisances de la RD 1083 (bruit, pollution de l'air) et de la voie ferrée (bruit). L'OAP communale de Lipsheim recommande de protéger l'habitat le plus possible de ces nuisances. Pensez-y dès la conception : implantation du bâti, orientation, hauteur, organisation des voies. Un acousticien peut vous aider à définir les solutions les mieux adaptées à votre projet.",False,,,l'habitat devra être protégé le plus possible des nuisances de la RD 1083 (bruit et pollution de l'air) et de la voie ferrée (bruit),"…illage en aménageant le passage sous la voie ferrée, sous réserve d’études techniques complémentaires. 3.2. INTÉGRATION QUALITATIVE DE LA ZONE DANS SON ENVIRONNEMENT 3.2.1. La prise en compte des nuisances Le quartier de la Niedermatt est particulièrement soumis aux nuisances liées à la présence des l'habitat devra être protégé le plus possible des nuisances de la RD 1083 (bruit et pollution de l'air) et de la voie ferrée (bruit) bâti, ...) et la programmation (localisation et répartition des différents programmes, ...). Ainsi, l'habitat devra être protégé le plus possible des nuisances de la RD 1083 (bruit et pollution de l'air) et de la voie ferrée (bruit). Au-delà des préconisations citées ci-dessus, il sera possible de r…","Le passage recommande, pour l'aménagement du quartier de la Niedermatt, de prendre en compte les nuisances sonores liées à la RD 1083 et à la voie ferrée dès la conception urbaine (composition des voies, formes urbaines, implantation et hauteur du bâti, programmation), afin de protéger l'habitat du bruit. Il ne s'agit pas d'un simple renvoi au classement sonore mais d'une recommandation d'aménagement urbain et de conception du bâti visant à limiter l'exposition au bruit, ce qui relève du périmètre diagBruit. La règle s'applique spécifiquement au quartier de la Niedermatt, une zone identifiée sans contour administratif automatique.",https://www.geoportail-urbanisme.gouv.fr/api/document/95d3871caefe158c101a466ab9e91c5b/files/246700488_orientations_amenagement_2_20260206.pdf,page 251
31,95d3871caefe158c101a466ab9e91c5b,9_246700488_orientations_amenagement_1_20260206.pdf,"Votre parcelle est concernée par l'OAP intercommunale « Aménagements paysagers aux abords de l'A35 ». Aux abords de l'autoroute, cette OAP recommande de renforcer les protections naturelles déjà présentes (talus, végétation) contre le bruit, via un traitement paysager. Privilégiez une végétalisation sur plusieurs strates, dont au moins une strate arborée, pour atténuer les nuisances sonores. Consultez l'OAP complète (page 290) pour les modalités précises d'aménagement.",False,,,Les principes de cette OAP visent à renforcer les protections naturelles déjà en place contre les nuisances acoustiques et à améliorer la qualité de l’air,"…Nord de l’A 35. Les zones urbanisées d’Entzheim et de Geispolsheim se situent à quelques centaines de mètres seulement de cette infrastructure qui génère de nombreuses nuisances pour les habitants. Celles-ci sont en partie atténuées par l’environnement naturel au Nord (talus, végétation existante). Les principes de cette OAP visent à renforcer les protections naturelles déjà en place contre les nuisances acoustiques et à améliorer la qualité de l’air paysagère des abords de l’autoroute A 35. 3. PRINCIPES D’AMÉNAGEMENT Le secteur devra faire l’objet d’un traitement paysager grâce à une végétalisation comportant des plantations sur plusieurs strates (dont à minima une strate arborée). La nature des plantations devra permettre : - d’atténuer les nu…","Cette OAP définit un secteur spécifique de part et d'autre de l'A35 destiné à l'acquisition foncière pour créer des espaces végétalisés. L'objectif explicite est de renforcer les protections naturelles contre les nuisances acoustiques via un traitement paysager (végétalisation multi-strates) qui doit permettre d'atténuer les nuisances sonores. Il s'agit d'une règle autonome d'aménagement (traitement paysager anti-bruit) allant au-delà d'un simple renvoi au classement sonore ou au PEB, et concernant l'aménagement urbain (espaces végétalisés, abords de l'autoroute), donc dans le périmètre diagBruit. La portée est limitée au secteur des emplacements réservés identifié sur le plan de zonage, pas à l'ensemble du document.",https://www.geoportail-urbanisme.gouv.fr/api/document/95d3871caefe158c101a466ab9e91c5b/files/246700488_orientations_amenagement_1_20260206.pdf,page 290
