id_geometrie,id_gpu,id_occurrence,code_insee_commune,nature_zone,portee_geometrique,nom_document,communes,type_piece_source,reference_type,reference_precise,lien_web_document,zone_reglementaire_mentionnee,justification,validation_manuelle_commentaire,statut_verification_finale,date_traitement
6,95d3871caefe158c101a466ab9e91c5b,11_246700488_orientations_amenagement_1_20260206.pdf,,occurrence_locale,zone_specifique,Plan Local d'Urbanisme intercommunal (PLUi) EUROMETROPOLE DE STRASBOURG,"Achenheim, Bischheim, Blaesheim, Breuschwickersheim, Eckbolsheim, Eckwersheim, Entzheim, Eschau, Fegersheim, Geispolsheim, Hangenbieten, Holtzheim, Hœnheim, Illkirch-Graffenstaden, Kolbsheim, La Wantzenau, Lampertheim, Lingolsheim, Lipsheim, Mittelhausbergen, Mundolsheim, Niederhausbergen, Oberhausbergen, Oberschaeffolsheim, Osthoffen, Ostwald, Plobsheim, Reichstett, Schiltigheim, Souffelweyersheim, Strasbourg, Vendenheim, Wolfisheim",OAP,page,page 306,https://www.geoportail-urbanisme.gouv.fr/api/document/95d3871caefe158c101a466ab9e91c5b/files/246700488_orientations_amenagement_1_20260206.pdf,OAP intercommunale : « PORTE DE HAUSBERGEN »,"Le passage recommande d'épaissir les espaces verts en façade Sud-Est pour constituer une protection phonique contre les nuisances sonores de la VLIO, au bénéfice des secteurs résidentiels avoisinants. Il s'agit d'une règle d'aménagement urbain (espaces verts/plantations) visant à protéger l'urbanisation existante du bruit, ce qui relève bien du périmètre diagBruit et non d'un simple renvoi au classement sonore.",Les espaces verts doivent etre utilisés pour limiter les nuisances sonores de la VLIO,corrigé,2026-08-17
7,95d3871caefe158c101a466ab9e91c5b,12_246700488_orientations_amenagement_1_20260206.pdf,,occurrence_locale,zone_specifique,Plan Local d'Urbanisme intercommunal (PLUi) EUROMETROPOLE DE STRASBOURG,"Achenheim, Bischheim, Blaesheim, Breuschwickersheim, Eckbolsheim, Eckwersheim, Entzheim, Eschau, Fegersheim, Geispolsheim, Hangenbieten, Holtzheim, Hœnheim, Illkirch-Graffenstaden, Kolbsheim, La Wantzenau, Lampertheim, Lingolsheim, Lipsheim, Mittelhausbergen, Mundolsheim, Niederhausbergen, Oberhausbergen, Oberschaeffolsheim, Osthoffen, Ostwald, Plobsheim, Reichstett, Schiltigheim, Souffelweyersheim, Strasbourg, Vendenheim, Wolfisheim",OAP,page,page 312,https://www.geoportail-urbanisme.gouv.fr/api/document/95d3871caefe158c101a466ab9e91c5b/files/246700488_orientations_amenagement_1_20260206.pdf,"OAP Intercommunale ""SECTEUR DE LA ZONE D’ACTIVITÉ INTERCOMMUNALE DES MARÉCHAUX""","Le passage concerne une zone d'aménagement urbain (ZA) exposée au bruit d'une voie ferrée, et prescrit des mesures allant au-delà de la simple isolation phonique standard : la composition urbaine, l'implantation et la hauteur des bâtiments doivent être conçues pour limiter les nuisances sonores. Cela dépasse le simple renvoi à l'isolement acoustique réglementaire lié au classement sonore, et constitue donc une règle autonome relevant du périmètre diagBruit. La portée est limitée à la zone spécifique concernée par cette nuisance (partie Est de la ZA, le long de la voie ferrée).",tout projet d'aménagemen ou de constructipojn doit intégrer la contrainte sonore de la voie ferrée à l'Est de la rue du Dépot ; l'aire des gens du voyage doit etre protéger des bruits (par un merlon par exemple),corrigé,2026-08-17
8,95d3871caefe158c101a466ab9e91c5b,12_246700488_orientations_amenagement_2_20260206.pdf,,occurrence_locale,zone_specifique,Plan Local d'Urbanisme intercommunal (PLUi) EUROMETROPOLE DE STRASBOURG,"Achenheim, Bischheim, Blaesheim, Breuschwickersheim, Eckbolsheim, Eckwersheim, Entzheim, Eschau, Fegersheim, Geispolsheim, Hangenbieten, Holtzheim, Hœnheim, Illkirch-Graffenstaden, Kolbsheim, La Wantzenau, Lampertheim, Lingolsheim, Lipsheim, Mittelhausbergen, Mundolsheim, Niederhausbergen, Oberhausbergen, Oberschaeffolsheim, Osthoffen, Ostwald, Plobsheim, Reichstett, Schiltigheim, Souffelweyersheim, Strasbourg, Vendenheim, Wolfisheim",OAP,page,page 278,https://www.geoportail-urbanisme.gouv.fr/api/document/95d3871caefe158c101a466ab9e91c5b/files/246700488_orientations_amenagement_2_20260206.pdf,OAP Communale COMMUNE DE MUNDOLSHEIM : « SECTEUR À L’OUEST DE LA RUE DES FLORALIES »,"Le passage identifie une zone d'OAP soumise aux nuisances sonores de la voie ferrée et recommande d'agir sur la composition urbaine (maillage des voies, implantation et hauteur du bâti) et éventuellement sur l'isolation phonique des constructions pour limiter ces impacts. Il s'agit d'une règle autonome, distincte du classement sonore réglementaire, portant sur l'aménagement et les bâtiments de cette zone spécifique du projet urbain.",,corrigé,2026-08-17
9,95d3871caefe158c101a466ab9e91c5b,13_246700488_orientations_amenagement_2_20260206.pdf,,occurrence_locale,zone_specifique,Plan Local d'Urbanisme intercommunal (PLUi) EUROMETROPOLE DE STRASBOURG,"Achenheim, Bischheim, Blaesheim, Breuschwickersheim, Eckbolsheim, Eckwersheim, Entzheim, Eschau, Fegersheim, Geispolsheim, Hangenbieten, Holtzheim, Hœnheim, Illkirch-Graffenstaden, Kolbsheim, La Wantzenau, Lampertheim, Lingolsheim, Lipsheim, Mittelhausbergen, Mundolsheim, Niederhausbergen, Oberhausbergen, Oberschaeffolsheim, Osthoffen, Ostwald, Plobsheim, Reichstett, Schiltigheim, Souffelweyersheim, Strasbourg, Vendenheim, Wolfisheim",OAP,page,page 332,https://www.geoportail-urbanisme.gouv.fr/api/document/95d3871caefe158c101a466ab9e91c5b/files/246700488_orientations_amenagement_2_20260206.pdf,OAP Communale COMMUNE DE OSTWALD : « SECTEUR SUD-OUEST »,"Le passage établit une règle de hauteur des bâtiments pour assurer une protection acoustique contre le bruit ferroviaire et routier, ce qui concerne directement la conception des bâtiments (et non uniquement l'infrastructure de transport elle-même). La règle s'applique à des secteurs géographiques précis de l'OAP (le long de la voie ferrée, près de la gare, le long de la liaison Est-Ouest, et dans une moindre mesure le long de la voie structurante), donc portée zone_specifique.","Les batiments le long de la voie ferrée et à proximité de la gare, et le long de la liaison Est-Ouest la plus proche du futur passage sur la voie ferrée doivent présenter les hauteurs les plus hautes, pour assurer un effet d'écran. Attention, un tel écran s'appuie aussi sur la continuité du bati, mais peut crééer des ""rue en U"" ou rue ""Canyions"", qui amplifie les risques sonores",corrigé,2026-08-17
10,95d3871caefe158c101a466ab9e91c5b,15_246700488_orientations_amenagement_2_20260206.pdf,,occurrence_locale,zone_specifique,Plan Local d'Urbanisme intercommunal (PLUi) EUROMETROPOLE DE STRASBOURG,"Achenheim, Bischheim, Blaesheim, Breuschwickersheim, Eckbolsheim, Eckwersheim, Entzheim, Eschau, Fegersheim, Geispolsheim, Hangenbieten, Holtzheim, Hœnheim, Illkirch-Graffenstaden, Kolbsheim, La Wantzenau, Lampertheim, Lingolsheim, Lipsheim, Mittelhausbergen, Mundolsheim, Niederhausbergen, Oberhausbergen, Oberschaeffolsheim, Osthoffen, Ostwald, Plobsheim, Reichstett, Schiltigheim, Souffelweyersheim, Strasbourg, Vendenheim, Wolfisheim",OAP,page,page 374,https://www.geoportail-urbanisme.gouv.fr/api/document/95d3871caefe158c101a466ab9e91c5b/files/246700488_orientations_amenagement_2_20260206.pdf,"OAP Communale ""COMMUNE DE REICHSTETT : « SECTEUR NORD »""","Ce passage concerne directement l'aménagement urbain et la conception du bâti (formes urbaines, implantation, hauteur, maillage des voies) pour limiter la diffusion du bruit de la RD 63, ce qui relève pleinement du périmètre diagBruit. Il ne s'agit pas d'un simple renvoi au classement sonore mais de recommandations d'aménagement propres à ce secteur d'étude/ZAC. La portée est limitée à la zone du projet urbain décrite.","L'OAP préconise dexu angles de limitation des nuisances : 1. Agir à la source, sur le système de voirie lié à la RD 63. 2. agir sur la composition globale (maillage des voies, ouvertures et fermetures visuelles, ...), les formes urbaines (implantation du bâti, hauteur du bâti,...) cherchant dans l'ensemble à limiter la diffusion du bruit au sein du projet",corrigé,2026-08-17
11,95d3871caefe158c101a466ab9e91c5b,17_246700488_orientations_amenagement_2_20260206.pdf,,occurrence_locale,zone_specifique,Plan Local d'Urbanisme intercommunal (PLUi) EUROMETROPOLE DE STRASBOURG,"Achenheim, Bischheim, Blaesheim, Breuschwickersheim, Eckbolsheim, Eckwersheim, Entzheim, Eschau, Fegersheim, Geispolsheim, Hangenbieten, Holtzheim, Hœnheim, Illkirch-Graffenstaden, Kolbsheim, La Wantzenau, Lampertheim, Lingolsheim, Lipsheim, Mittelhausbergen, Mundolsheim, Niederhausbergen, Oberhausbergen, Oberschaeffolsheim, Osthoffen, Ostwald, Plobsheim, Reichstett, Schiltigheim, Souffelweyersheim, Strasbourg, Vendenheim, Wolfisheim",OAP,page,page 421,https://www.geoportail-urbanisme.gouv.fr/api/document/95d3871caefe158c101a466ab9e91c5b/files/246700488_orientations_amenagement_2_20260206.pdf,OAP Communale COMMUNE DE SOUFFELWEYERSHEIM : « SECTEUR D’EXTENSION OUEST RUE DE L’INDUSTRIE »,"Le passage concerne une OAP sectorielle (secteur exposé au bruit de l'autoroute et des voies ferrées) et impose une prise en compte du bruit dans l'aménagement du projet, ainsi que des protections acoustiques allant au-delà des exigences réglementaires standard (double peau, protections amovibles). Cela dépasse le simple renvoi à l'isolement acoustique réglementaire lié au classement sonore, ce qui constitue une règle autonome. La portée est limitée au secteur de l'OAP concerné, non précisé par un nom de zone réglementaire classique mais correspondant à un secteur d'aménagement spécifique.","l'OAP point les sources de suisance que sont l'autoroute et la voie ferrée. ""le bruit et la qualité de l'air devront être pris en compte dans l'aménagement du projet "", ""Les protections acoustiques permettant également d'aller au-delà des exigences réglementaires sont à privilégier (double peau, protections amovibles pour les prolongements extérieurs ...).""",corrigé,2026-08-17
12,95d3871caefe158c101a466ab9e91c5b,19_246700488_orientations_amenagement_2_20260206.pdf,,occurrence_locale,zone_specifique,Plan Local d'Urbanisme intercommunal (PLUi) EUROMETROPOLE DE STRASBOURG,"Achenheim, Bischheim, Blaesheim, Breuschwickersheim, Eckbolsheim, Eckwersheim, Entzheim, Eschau, Fegersheim, Geispolsheim, Hangenbieten, Holtzheim, Hœnheim, Illkirch-Graffenstaden, Kolbsheim, La Wantzenau, Lampertheim, Lingolsheim, Lipsheim, Mittelhausbergen, Mundolsheim, Niederhausbergen, Oberhausbergen, Oberschaeffolsheim, Osthoffen, Ostwald, Plobsheim, Reichstett, Schiltigheim, Souffelweyersheim, Strasbourg, Vendenheim, Wolfisheim",OAP,page,page 425,https://www.geoportail-urbanisme.gouv.fr/api/document/95d3871caefe158c101a466ab9e91c5b/files/246700488_orientations_amenagement_2_20260206.pdf,OAP Communal COMMUNE DE SOUFFELWEYERSHEIM : « SECTEUR POINTE DE LA SOUFFEL II »,"Le passage impose la prise en compte du bruit dans le plan d'aménagement et la conception des bâtiments, et exige des exigences d'isolement acoustique renforcées (double peau, protections amovibles) pour les futurs occupants du parc d'activités - il ne s'agit pas d'un simple renvoi au classement sonore ou au PEB mais d'une règle autonome propre à ce document d'urbanisme, applicable au secteur du parc d'activités.","l'OAP rappelle que ""Le bruit et la qualité de l'air devront être pris en compte dans le plan d’aménagement du projet et la conception du bâtiment"" et ""Afin d'atténuer les nuisances supportées par les futurs occupants, les bâtiments devront répondre aux exigences d'isolement acoustique (double peau, protections amovibles pour les prolongements extérieurs, etc). """,corrigé,2026-08-17
13,95d3871caefe158c101a466ab9e91c5b,1_246700488_orientations_amenagement_2_20260206.pdf,,occurrence_locale,zone_specifique,Plan Local d'Urbanisme intercommunal (PLUi) EUROMETROPOLE DE STRASBOURG,"Achenheim, Bischheim, Blaesheim, Breuschwickersheim, Eckbolsheim, Eckwersheim, Entzheim, Eschau, Fegersheim, Geispolsheim, Hangenbieten, Holtzheim, Hœnheim, Illkirch-Graffenstaden, Kolbsheim, La Wantzenau, Lampertheim, Lingolsheim, Lipsheim, Mittelhausbergen, Mundolsheim, Niederhausbergen, Oberhausbergen, Oberschaeffolsheim, Osthoffen, Ostwald, Plobsheim, Reichstett, Schiltigheim, Souffelweyersheim, Strasbourg, Vendenheim, Wolfisheim",OAP,page,page 11,https://www.geoportail-urbanisme.gouv.fr/api/document/95d3871caefe158c101a466ab9e91c5b/files/246700488_orientations_amenagement_2_20260206.pdf,COMMUNE DE ACHENHEIM : SECTEUR EST DIT « LE HIRSCHBERG»,"Le passage établit une règle d'aménagement urbain visant à protéger les habitations des nuisances sonores routières (RD 45) via le développement d'une zone d'activités faisant écran. Cela relève bien du périmètre diagBruit (aménagement urbain en lien avec des bâtiments/habitations), et non d'une simple règle d'infrastructure de transport. La règle s'applique spécifiquement au secteur le long de la RD 45 concerné par cette OAP communale, donc portée géométrique zone_specifique.",la zone d'activité créé devra l'etre avec l'ambition (et la preuve) qu'elle permet de proteger les habitations du bruit de la RD45,corrigé,2026-08-17
14,95d3871caefe158c101a466ab9e91c5b,1_246700488_reglement_20260206.pdf,,occurrence_locale,zone_specifique,Plan Local d'Urbanisme intercommunal (PLUi) EUROMETROPOLE DE STRASBOURG,"Achenheim, Bischheim, Blaesheim, Breuschwickersheim, Eckbolsheim, Eckwersheim, Entzheim, Eschau, Fegersheim, Geispolsheim, Hangenbieten, Holtzheim, Hœnheim, Illkirch-Graffenstaden, Kolbsheim, La Wantzenau, Lampertheim, Lingolsheim, Lipsheim, Mittelhausbergen, Mundolsheim, Niederhausbergen, Oberhausbergen, Oberschaeffolsheim, Osthoffen, Ostwald, Plobsheim, Reichstett, Schiltigheim, Souffelweyersheim, Strasbourg, Vendenheim, Wolfisheim",règlement écrit,alinea,"Article 15, alinéa 6",https://www.geoportail-urbanisme.gouv.fr/api/document/95d3871caefe158c101a466ab9e91c5b/files/246700488_reglement_20260206.pdf,zones repérées au « règlement graphique – plan vigilance » (dépassements réglementaires de qualité de l'air et abords d'axes routiers),"Le passage impose des règles constructives (fermeture des espaces extérieurs en façade sur axe routier, ventilation filtrante) motivées à la fois par le bruit et la pollution atmosphérique, dans une zone de vigilance qualité de l'air/bruit routier distincte du classement sonore réglementaire classique. Il s'agit d'une règle autonome d'urbanisme, applicable aux bâtiments, dans une zone spécifique délimitée graphiquement (plan vigilance), donc retenue avec portée géométrique zone_specifique.","les prescriptions liés à la qualité de l'air permettent de se protéger du bruit en obligean les espaces exterieurs des façades (balcon, avancé de fenetres) à pouvoir etre fermés",validé,2026-08-17
15,95d3871caefe158c101a466ab9e91c5b,21_246700488_orientations_amenagement_2_20260206.pdf,,occurrence_locale,zone_specifique,Plan Local d'Urbanisme intercommunal (PLUi) EUROMETROPOLE DE STRASBOURG,"Achenheim, Bischheim, Blaesheim, Breuschwickersheim, Eckbolsheim, Eckwersheim, Entzheim, Eschau, Fegersheim, Geispolsheim, Hangenbieten, Holtzheim, Hœnheim, Illkirch-Graffenstaden, Kolbsheim, La Wantzenau, Lampertheim, Lingolsheim, Lipsheim, Mittelhausbergen, Mundolsheim, Niederhausbergen, Oberhausbergen, Oberschaeffolsheim, Osthoffen, Ostwald, Plobsheim, Reichstett, Schiltigheim, Souffelweyersheim, Strasbourg, Vendenheim, Wolfisheim",OAP,page,page 440,https://www.geoportail-urbanisme.gouv.fr/api/document/95d3871caefe158c101a466ab9e91c5b/files/246700488_orientations_amenagement_2_20260206.pdf,OAP Communale COMMUNE DE STRASBOURG : « SECTEUR ETOILE »,"Le passage impose un principe d'aménagement explicite de protection du cœur d'îlot contre le bruit, à obtenir par la continuité du front bâti au Nord dans le secteur Lombardie. C'est une règle d'urbanisme autonome liée au bruit, concernant l'implantation du bâti, donc bien dans le périmètre diagBruit.",la contruction en ilot vise notamment à lutter contre le bruit et offrir des façades calmes,corrigé,2026-08-17
16,95d3871caefe158c101a466ab9e91c5b,23_246700488_orientations_amenagement_2_20260206.pdf,,occurrence_locale,zone_specifique,Plan Local d'Urbanisme intercommunal (PLUi) EUROMETROPOLE DE STRASBOURG,"Achenheim, Bischheim, Blaesheim, Breuschwickersheim, Eckbolsheim, Eckwersheim, Entzheim, Eschau, Fegersheim, Geispolsheim, Hangenbieten, Holtzheim, Hœnheim, Illkirch-Graffenstaden, Kolbsheim, La Wantzenau, Lampertheim, Lingolsheim, Lipsheim, Mittelhausbergen, Mundolsheim, Niederhausbergen, Oberhausbergen, Oberschaeffolsheim, Osthoffen, Ostwald, Plobsheim, Reichstett, Schiltigheim, Souffelweyersheim, Strasbourg, Vendenheim, Wolfisheim",OAP,page,page 449,https://www.geoportail-urbanisme.gouv.fr/api/document/95d3871caefe158c101a466ab9e91c5b/files/246700488_orientations_amenagement_2_20260206.pdf,OAP Communale COMMUNE DE STRASBOURG : « SECTEUR HEYRITZ »,"Le passage identifie la pollution sonore comme une contrainte environnementale à prendre en compte dans le développement de l'urbanisation de cette OAP, ce qui constitue une règle autonome relevant du périmètre diagBruit (prise en compte du bruit dans l'aménagement, pas un simple renvoi au classement sonore ou au PEB). Cependant la formulation reste générale et peu précise sur la nature concrète de la mesure à prendre, d'où une confiance modérée à faible.","Rappel simple de la nécessité de prendre en compte le bruit ""La localisation des programmations participe également à la création d'un territoire apaisé (nuisances sonores, accessibilité)."". L'OAP indique également l'obejctif de ""Renforcer l'isolation acoustique des constructions le long des infrastructures bruyantes : autoroute et contournement sud. "" mais sans préciser les objectifs chiffres de ce renforcement ",validé,2026-08-17
17,95d3871caefe158c101a466ab9e91c5b,25_246700488_orientations_amenagement_2_20260206.pdf,,occurrence_locale,zone_specifique,Plan Local d'Urbanisme intercommunal (PLUi) EUROMETROPOLE DE STRASBOURG,"Achenheim, Bischheim, Blaesheim, Breuschwickersheim, Eckbolsheim, Eckwersheim, Entzheim, Eschau, Fegersheim, Geispolsheim, Hangenbieten, Holtzheim, Hœnheim, Illkirch-Graffenstaden, Kolbsheim, La Wantzenau, Lampertheim, Lingolsheim, Lipsheim, Mittelhausbergen, Mundolsheim, Niederhausbergen, Oberhausbergen, Oberschaeffolsheim, Osthoffen, Ostwald, Plobsheim, Reichstett, Schiltigheim, Souffelweyersheim, Strasbourg, Vendenheim, Wolfisheim",OAP,page,page 458,https://www.geoportail-urbanisme.gouv.fr/api/document/95d3871caefe158c101a466ab9e91c5b/files/246700488_orientations_amenagement_2_20260206.pdf,OAP Communale secteur Musau/Neudorf,"Le passage mentionne explicitement de 'prendre en compte les contraintes (bruit, pollution)' dans le cadre d'une OAP sectorielle, ce qui constitue une recommandation autonome liée au bruit pour l'aménagement du secteur concerné. La formulation reste toutefois vague et générique, sans précision sur la nature de la contrainte de bruit ni sur les mesures à prendre, d'où une confiance limitée dans l'extrait.","L'OAP est vague sur les mesures à prendre, mais au dela des rappels de classement sonore, elle met en evidence ""L'activité de l'aérodrome génère par ailleurs des nuisances sonores bien que celui-ci ne dispose pas à ce jour de plan d'exposition au bruit. "" et aussi ""Créer une continuité avec une ambiance « villageoise » (jardins, vergers, maisons individuelles) à l'Est""",corrigé,2026-08-17
18,95d3871caefe158c101a466ab9e91c5b,26_246700488_orientations_amenagement_2_20260206.pdf,,occurrence_locale,zone_specifique,Plan Local d'Urbanisme intercommunal (PLUi) EUROMETROPOLE DE STRASBOURG,"Achenheim, Bischheim, Blaesheim, Breuschwickersheim, Eckbolsheim, Eckwersheim, Entzheim, Eschau, Fegersheim, Geispolsheim, Hangenbieten, Holtzheim, Hœnheim, Illkirch-Graffenstaden, Kolbsheim, La Wantzenau, Lampertheim, Lingolsheim, Lipsheim, Mittelhausbergen, Mundolsheim, Niederhausbergen, Oberhausbergen, Oberschaeffolsheim, Osthoffen, Ostwald, Plobsheim, Reichstett, Schiltigheim, Souffelweyersheim, Strasbourg, Vendenheim, Wolfisheim",OAP,page,page 483,https://www.geoportail-urbanisme.gouv.fr/api/document/95d3871caefe158c101a466ab9e91c5b/files/246700488_orientations_amenagement_2_20260206.pdf,OAP Communale COMMUNE DE STRASBOURG : « PORTE DES ROMAINS »,"Le passage identifie le bruit comme une contrainte à intégrer dans le secteur d'OAP, au même titre que la pollution de l'air et des sols. Il s'agit d'un simple constat d'enjeu sans détail sur une mesure concrète, mais cela oriente les objectifs du projet urbain (qualité des logements, accompagnement du TCSP) à prendre en compte cette nuisance. La formulation reste très générale et ne précise pas de prescription technique, d'où une confiance modérée dans l'extrait retenu.","L'OAP recommande d'intégrer le bruit dans les porjets, et pose comme objectif de ""Proposer des logements de qualit""",corrigé,2026-08-17
19,95d3871caefe158c101a466ab9e91c5b,28_246700488_orientations_amenagement_2_20260206.pdf,,occurrence_locale,zone_specifique,Plan Local d'Urbanisme intercommunal (PLUi) EUROMETROPOLE DE STRASBOURG,"Achenheim, Bischheim, Blaesheim, Breuschwickersheim, Eckbolsheim, Eckwersheim, Entzheim, Eschau, Fegersheim, Geispolsheim, Hangenbieten, Holtzheim, Hœnheim, Illkirch-Graffenstaden, Kolbsheim, La Wantzenau, Lampertheim, Lingolsheim, Lipsheim, Mittelhausbergen, Mundolsheim, Niederhausbergen, Oberhausbergen, Oberschaeffolsheim, Osthoffen, Ostwald, Plobsheim, Reichstett, Schiltigheim, Souffelweyersheim, Strasbourg, Vendenheim, Wolfisheim",OAP,page,page 510,https://www.geoportail-urbanisme.gouv.fr/api/document/95d3871caefe158c101a466ab9e91c5b/files/246700488_orientations_amenagement_2_20260206.pdf,OAP Communale COMMUNE DE STRASBOURG : « SECTEUR PETIT-MARAIS - SINGRIST »,"Le passage demande explicitement de prendre en compte le bruit lié à la proximité de la voie ferrée et de la route de Schirmeck dans la conception des projets, afin de réduire l'exposition des personnes aux nuisances. Il s'agit d'une règle liée au bruit existant à proximité des futures constructions, donc dans le périmètre diagBruit. La formulation reste toutefois générale et peu précise sur les mesures concrètes attendues.","L'OAP exprime clairement le besoin de prendre en compte le bruit dans la conception des logements, notamments ceux proches de la route de Schrimeck ""Afin de réduire l’exposition des personnes aux nuisances, les projets devront prendre en compte les enjeux de santé et de sécurité publique, au regard : du bruit, notamment dans la gestion de la proximité avec la voie ferrée au nord et de la route de Schirmeck au sud,""",corrigé,2026-08-17
20,95d3871caefe158c101a466ab9e91c5b,29_246700488_orientations_amenagement_2_20260206.pdf,,occurrence_locale,zone_specifique,Plan Local d'Urbanisme intercommunal (PLUi) EUROMETROPOLE DE STRASBOURG,"Achenheim, Bischheim, Blaesheim, Breuschwickersheim, Eckbolsheim, Eckwersheim, Entzheim, Eschau, Fegersheim, Geispolsheim, Hangenbieten, Holtzheim, Hœnheim, Illkirch-Graffenstaden, Kolbsheim, La Wantzenau, Lampertheim, Lingolsheim, Lipsheim, Mittelhausbergen, Mundolsheim, Niederhausbergen, Oberhausbergen, Oberschaeffolsheim, Osthoffen, Ostwald, Plobsheim, Reichstett, Schiltigheim, Souffelweyersheim, Strasbourg, Vendenheim, Wolfisheim",OAP,page,page 622,https://www.geoportail-urbanisme.gouv.fr/api/document/95d3871caefe158c101a466ab9e91c5b/files/246700488_orientations_amenagement_2_20260206.pdf,OAP Communale COMMUNE DE VENDENHEIM : « SECTEUR EPSAN » ,"Le passage prescrit une frange végétalisée le long de la RM301 pour atténuer les nuisances sonores (et la qualité de l'air) subies par le secteur aménagé, ce qui concerne bien l'aménagement urbain à proximité d'une infrastructure de transport, et non l'infrastructure elle-même. Ce n'est pas un simple renvoi au classement sonore : il s'agit d'une mesure d'aménagement paysager spécifique (frange végétalisée avec strates végétales) allant au-delà de l'isolement acoustique réglementaire standard. La règle s'applique à un secteur spécifique du projet en limite de la RM301, donc portée géométrique zone_specifique.","L'OAP rappelle que ""Afin de réduire l’exposition des personnes aux nuisances, les projets devront prendre en compte les enjeux de santé et de sécurité publique, au regard du bruit, notamment dans la gestion de la proximité avec la RM301 au Sud"" et insite sur les effets bénéfique de la végétalisation. Attention, si la végétalisation dminiue la gêne, elle ne réduit pas frcé&ment les niveaux de bruit (sauf grande distance et conditions particulières). enfin, ""Les bureaux liés aux activités des entreprises devront être orientés de sorte à ne pas être directement exposés à la RM301, afin de réduire les risques liés à la qualité de l’air et les nuisances sonores""",corrigé,2026-08-17
21,95d3871caefe158c101a466ab9e91c5b,2_246700488_orientations_amenagement_1_20260206.pdf,,occurrence_locale,zone_specifique,Plan Local d'Urbanisme intercommunal (PLUi) EUROMETROPOLE DE STRASBOURG,"Achenheim, Bischheim, Blaesheim, Breuschwickersheim, Eckbolsheim, Eckwersheim, Entzheim, Eschau, Fegersheim, Geispolsheim, Hangenbieten, Holtzheim, Hœnheim, Illkirch-Graffenstaden, Kolbsheim, La Wantzenau, Lampertheim, Lingolsheim, Lipsheim, Mittelhausbergen, Mundolsheim, Niederhausbergen, Oberhausbergen, Oberschaeffolsheim, Osthoffen, Ostwald, Plobsheim, Reichstett, Schiltigheim, Souffelweyersheim, Strasbourg, Vendenheim, Wolfisheim",OAP,page,page 121,https://www.geoportail-urbanisme.gouv.fr/api/document/95d3871caefe158c101a466ab9e91c5b/files/246700488_orientations_amenagement_1_20260206.pdf,"Les zones en dépassements réglementaires et en dépassements réglementaires potentiels, regroupées sous l’appellation « zone de dépassement » + Les zones tampons autour des infrastructures, appelées « zone tampon »","Le passage prescrit des mesures d'aménagement urbain (implantation des bâtiments, effet barrière, hauteur minimale) dans une zone tampon le long d'une voie, explicitement pour lutter contre le bruit (et la pollution) : c'est une règle autonome relevant du périmètre diagBruit, appliquée à une zone spécifique (zone tampon en bordure de voie) et non à l'ensemble du territoire.","l'OAP Air Climat Energie impose de mettre en oeuver (et de justifier cette mise en oeuvre) les principes d'aménagement suivant : Créer un effet barrière au bruit et à la pollution par l’implantation d’un bâtiment haut en première ligne. Il est admis qu’un bâtiment implanté en première ligne et présentant une hauteur minimale de R+3 participe à créer un effet barrière, dès lors que cette hauteur est par ailleurs autorisée par le règlement. Adapter la morphologie urbaine pour influencer la dispersion des polluants et la ventilation, et limiter ainsi la création de rues canyons",corrigé,2026-08-17
22,95d3871caefe158c101a466ab9e91c5b,2_246700488_orientations_amenagement_2_20260206.pdf,,occurrence_locale,zone_specifique,Plan Local d'Urbanisme intercommunal (PLUi) EUROMETROPOLE DE STRASBOURG,"Achenheim, Bischheim, Blaesheim, Breuschwickersheim, Eckbolsheim, Eckwersheim, Entzheim, Eschau, Fegersheim, Geispolsheim, Hangenbieten, Holtzheim, Hœnheim, Illkirch-Graffenstaden, Kolbsheim, La Wantzenau, Lampertheim, Lingolsheim, Lipsheim, Mittelhausbergen, Mundolsheim, Niederhausbergen, Oberhausbergen, Oberschaeffolsheim, Osthoffen, Ostwald, Plobsheim, Reichstett, Schiltigheim, Souffelweyersheim, Strasbourg, Vendenheim, Wolfisheim",OAP,page,page 102,https://www.geoportail-urbanisme.gouv.fr/api/document/95d3871caefe158c101a466ab9e91c5b/files/246700488_orientations_amenagement_2_20260206.pdf,OAP Communale COMMUNE DE GEISPOLSHEIM : « ENTRÉE NORD ROUTE D’ENTZHEIM »,"Le passage impose que la partie Nord de la zone, exposée au bruit de l'autoroute A35, fasse l'objet d'un traitement particulier via les formes urbaines et architecturales (implantation, hauteurs, orientation des bâtiments) pour limiter l'exposition des populations au bruit. Il ne s'agit pas d'un simple renvoi au classement sonore mais d'une prescription d'urbanisme autonome concernant l'aménagement du bâti, donc bien dans le périmètre diagBruit. La portée est limitée à la partie Nord de la zone concernée, sans contour automatique disponible.","""La partie Nord de la zone, donnant directement vers l'autoroute A35, doit faire l'objet d'un traitement particulier afin de préserver les futurs habitants des éventuelles nuisances (bruit, covisibilité, pollution de l'air). Afin de limiter les impacts de ces nuisances, tout aménagement doit favoriser des formes urbaines et architecturales permettant la limitation de l'exposition des populations, par exemple en travaillant sur l'implantation et les hauteurs du bâti, l'orientation ou la forme des logements. Par exemple, les bâtiments Plan Local d’Urbanisme OAP COMMUNALES SEPTEMBRE 2019 Commune de Geispolsheim Eurométropole de Strasbourg - 89 - de plus grand gabarit pouvent jouer le rôle d'écran. L'orientation des ouvertures, balcons, pièces de vie, etc, doit être privilégiée sur les façades qui ne sont pas orientées vers l'autoroute. Les installations techniques visant à aspirer de l'air (VMC, …) sont privilégiées sur les façades qui ne sont pas orientées vers l'autoroute. Dans le but de réduire les nuisances, il sera possible de recourir à des dispositifs architecturaux améliorant la ventilation et l'isolation phonique de type façade double.""",corrigé,2026-08-17
23,95d3871caefe158c101a466ab9e91c5b,3_246700488_orientations_amenagement_2_20260206.pdf,,occurrence_locale,zone_specifique,Plan Local d'Urbanisme intercommunal (PLUi) EUROMETROPOLE DE STRASBOURG,"Achenheim, Bischheim, Blaesheim, Breuschwickersheim, Eckbolsheim, Eckwersheim, Entzheim, Eschau, Fegersheim, Geispolsheim, Hangenbieten, Holtzheim, Hœnheim, Illkirch-Graffenstaden, Kolbsheim, La Wantzenau, Lampertheim, Lingolsheim, Lipsheim, Mittelhausbergen, Mundolsheim, Niederhausbergen, Oberhausbergen, Oberschaeffolsheim, Osthoffen, Ostwald, Plobsheim, Reichstett, Schiltigheim, Souffelweyersheim, Strasbourg, Vendenheim, Wolfisheim",OAP,page,page 113,https://www.geoportail-urbanisme.gouv.fr/api/document/95d3871caefe158c101a466ab9e91c5b/files/246700488_orientations_amenagement_2_20260206.pdf,COMMUNE DE GEISPOLSHEIM : « GARE ENTRÉE OUEST »,"Le passage recommande l'implantation privilégiée d'un équipement de type festif à un endroit précis (Ouest de la partie Nord) afin de maintenir les constructions à l'abri des nuisances sonores et automobiles. C'est une règle d'aménagement urbain liée au bruit, localisée à une zone spécifique du document, donc dans le périmètre diagBruit.","Cette OAP définit la construction de nouveaux équipement comme un moyen de lutte contre le bruit des routes, par effet ""cran"". Attention toutefois à ce que ces équipement ne deviennent pas des sources de bruit",corrigé,2026-08-17
24,95d3871caefe158c101a466ab9e91c5b,4_246700488_orientations_amenagement_1_20260206.pdf,,occurrence_locale,zone_specifique,Plan Local d'Urbanisme intercommunal (PLUi) EUROMETROPOLE DE STRASBOURG,"Achenheim, Bischheim, Blaesheim, Breuschwickersheim, Eckbolsheim, Eckwersheim, Entzheim, Eschau, Fegersheim, Geispolsheim, Hangenbieten, Holtzheim, Hœnheim, Illkirch-Graffenstaden, Kolbsheim, La Wantzenau, Lampertheim, Lingolsheim, Lipsheim, Mittelhausbergen, Mundolsheim, Niederhausbergen, Oberhausbergen, Oberschaeffolsheim, Osthoffen, Ostwald, Plobsheim, Reichstett, Schiltigheim, Souffelweyersheim, Strasbourg, Vendenheim, Wolfisheim",OAP,page,page 203,https://www.geoportail-urbanisme.gouv.fr/api/document/95d3871caefe158c101a466ab9e91c5b/files/246700488_orientations_amenagement_1_20260206.pdf,OAP Métropolitaine SECTEUR D’ENJEUX D’AGGLOMÉRATION : « COEUR MÉTROPOLITAIN DEUX-RIVES »,"Le passage identifie des contraintes de bruit et nuisances acoustiques liées au trafic routier et ferroviaire à proximité du port, à prendre en compte dans les choix programmatiques du site. Il s'agit d'une orientation qui concerne l'aménagement du site (choix programmatiques, donc urbanisation à proximité des infrastructures), mais la formulation reste très générale et ne précise pas de mesure concrète, d'où une confiance limitée. La portée est circonscrite au site métropolitain décrit dans le contexte, pas à l'ensemble du document.","C'est vague, mais l'OAP incite les aménageurs à prendre en compte le bruit et les autres nuisances fortes dans les ""choix programmatiques"", i.e : les phases très amont des projets",validé,2026-08-17
25,95d3871caefe158c101a466ab9e91c5b,4_246700488_orientations_amenagement_2_20260206.pdf,,occurrence_locale,zone_specifique,Plan Local d'Urbanisme intercommunal (PLUi) EUROMETROPOLE DE STRASBOURG,"Achenheim, Bischheim, Blaesheim, Breuschwickersheim, Eckbolsheim, Eckwersheim, Entzheim, Eschau, Fegersheim, Geispolsheim, Hangenbieten, Holtzheim, Hœnheim, Illkirch-Graffenstaden, Kolbsheim, La Wantzenau, Lampertheim, Lingolsheim, Lipsheim, Mittelhausbergen, Mundolsheim, Niederhausbergen, Oberhausbergen, Oberschaeffolsheim, Osthoffen, Ostwald, Plobsheim, Reichstett, Schiltigheim, Souffelweyersheim, Strasbourg, Vendenheim, Wolfisheim",OAP,page,page 165,https://www.geoportail-urbanisme.gouv.fr/api/document/95d3871caefe158c101a466ab9e91c5b/files/246700488_orientations_amenagement_2_20260206.pdf,OAP Communale COMMUNE DE ILLKIRCH-GRAFFENSTADEN : « SECTEUR HURON »,"Le passage prescrit que le projet urbain doit intégrer des dispositions constructives pour prendre en compte les nuisances sonores liées à la route de Lyon, au tramway et à des équipements publics. Il ne s'agit pas d'un simple renvoi au classement sonore mais d'une exigence propre à l'OAP visant les futures constructions. La règle s'applique à une zone spécifique du secteur de projet (Sud et Est), donc portée géométrique zone_specifique.","Le passage prescrit que le projet urbain doit intégrer des dispositions constructives pour prendre en compte les nuisances sonores liées à la route de Lyon, au tramway et à des équipements publics",corrigé,2026-08-17
26,95d3871caefe158c101a466ab9e91c5b,5_246700488_orientations_amenagement_2_20260206.pdf,,occurrence_locale,zone_specifique,Plan Local d'Urbanisme intercommunal (PLUi) EUROMETROPOLE DE STRASBOURG,"Achenheim, Bischheim, Blaesheim, Breuschwickersheim, Eckbolsheim, Eckwersheim, Entzheim, Eschau, Fegersheim, Geispolsheim, Hangenbieten, Holtzheim, Hœnheim, Illkirch-Graffenstaden, Kolbsheim, La Wantzenau, Lampertheim, Lingolsheim, Lipsheim, Mittelhausbergen, Mundolsheim, Niederhausbergen, Oberhausbergen, Oberschaeffolsheim, Osthoffen, Ostwald, Plobsheim, Reichstett, Schiltigheim, Souffelweyersheim, Strasbourg, Vendenheim, Wolfisheim",OAP,page,page 190,https://www.geoportail-urbanisme.gouv.fr/api/document/95d3871caefe158c101a466ab9e91c5b/files/246700488_orientations_amenagement_2_20260206.pdf,OAP Communale COMMUNE DE ILLKIRCH-GRAFFENSTADEN : « SECTEUR SUD DE LA ZAC PII - PARC D’INNOVATION »,"Le passage prescrit un recul inconstructible de 30 mètres par rapport à l'axe de la Route du Rhin pour se prémunir des nuisances sonores, ce qui constitue une règle d'urbanisme autonome (implantation des constructions) et non un simple renvoi au classement sonore ou au PEB. Cette règle concerne bien l'urbanisation à proximité de l'infrastructure (constructibilité des terrains riverains), donc elle relève du périmètre diagBruit et non uniquement de l'infrastructure elle-même. La zone concernée (le parc d'innovation le long de la RM 468) est une zone spécifique du PLU, sans contour administratif générique.","recul inconstructible de 30 mètres obligatoire par rapport à la RM 468, ""traitées obligatoirement en espaces verts (avec notamment la plantation d'arbres de haute tige) sur 60 % de leur profondeur en bordure de l'alignement pour les reculs inférieurs ou égaux à 15 m et 30 % pour les reculs supérieurs à 15 m""",corrigé,2026-08-17
27,95d3871caefe158c101a466ab9e91c5b,6_246700488_orientations_amenagement_1_20260206.pdf,,occurrence_locale,zone_specifique,Plan Local d'Urbanisme intercommunal (PLUi) EUROMETROPOLE DE STRASBOURG,"Achenheim, Bischheim, Blaesheim, Breuschwickersheim, Eckbolsheim, Eckwersheim, Entzheim, Eschau, Fegersheim, Geispolsheim, Hangenbieten, Holtzheim, Hœnheim, Illkirch-Graffenstaden, Kolbsheim, La Wantzenau, Lampertheim, Lingolsheim, Lipsheim, Mittelhausbergen, Mundolsheim, Niederhausbergen, Oberhausbergen, Oberschaeffolsheim, Osthoffen, Ostwald, Plobsheim, Reichstett, Schiltigheim, Souffelweyersheim, Strasbourg, Vendenheim, Wolfisheim",OAP,page,page 270,https://www.geoportail-urbanisme.gouv.fr/api/document/95d3871caefe158c101a466ab9e91c5b/files/246700488_orientations_amenagement_1_20260206.pdf,OAP Métropolitaine SECTEUR D’ENJEUX D’AGGLOMÉRATION : « ZONE COMMERCIALE NORD »,"Le passage contient deux prescriptions autonomes liées au bruit, distinctes du simple classement sonore : (1) interdiction d'implanter les VMC des futurs bâtiments sur les façades donnant sur l'A4 et la RD 63, et (2) obligation de dispositifs d'isolation acoustique pour les constructions situées dans les zones de bruit liées aux infrastructures de transport terrestre. Ces règles vont au-delà d'un simple renvoi au classement sonore standard car elles imposent des mesures constructives précises (localisation des équipements techniques, isolation) applicables aux bâtiments eux-mêmes, ce qui relève bien du périmètre diagBruit. La portée est géométriquement limitée aux abords de l'A4/RD63 et aux zones de bruit identifiées, donc zone_specifique.","sur les secteurs ""zones de bruit liées aux infrastructures de transport terrestre / façades sur A4 et RD 63"", l'OAP interdit ""d'implanter les VMC des futurs bâtiments sur les façades donnant sur l'A4 et la RD 63"". Il s'agit de  ""Intégrer les différentes nuisances du site pour proposer des solutions urbaines, paysagères et architecturales permettant la cohabitation avec du logement : route de Strasbourg (RD 263 : qualité d'air et pollution sonore), autoroutes (qualité d'air et pollution sonore), voie ferrée à l'ouest (pollution sonore), zone commerciale (ponctuellement selon les activités : qualité d'air, pollution sonore, vues peu qualitatives). Cette contextualisation implique également une organisation des logements et un traitement des façades et prolongements extérieurs spécifiques.""",validé,2026-08-17
28,95d3871caefe158c101a466ab9e91c5b,6_246700488_orientations_amenagement_2_20260206.pdf,,occurrence_locale,zone_specifique,Plan Local d'Urbanisme intercommunal (PLUi) EUROMETROPOLE DE STRASBOURG,"Achenheim, Bischheim, Blaesheim, Breuschwickersheim, Eckbolsheim, Eckwersheim, Entzheim, Eschau, Fegersheim, Geispolsheim, Hangenbieten, Holtzheim, Hœnheim, Illkirch-Graffenstaden, Kolbsheim, La Wantzenau, Lampertheim, Lingolsheim, Lipsheim, Mittelhausbergen, Mundolsheim, Niederhausbergen, Oberhausbergen, Oberschaeffolsheim, Osthoffen, Ostwald, Plobsheim, Reichstett, Schiltigheim, Souffelweyersheim, Strasbourg, Vendenheim, Wolfisheim",OAP,page,page 233,https://www.geoportail-urbanisme.gouv.fr/api/document/95d3871caefe158c101a466ab9e91c5b/files/246700488_orientations_amenagement_2_20260206.pdf,OAP Communale COMMUNE DE LA WANTZENAU : « SECTEUR DU SCHWEMMLOCH »,"Le passage identifie un secteur d'aménagement soumis aux nuisances sonores des RD 223, 468 et de la voie ferrée, et recommande d'agir sur la composition urbaine (maillage des voies, ouvertures/fermetures visuelles) et les formes urbaines (implantation et hauteur du bâti) pour limiter les impacts du bruit sur le futur quartier. Cette règle concerne bien l'aménagement urbain et le bâti à proximité des infrastructures, pas seulement les infrastructures elles-mêmes, et va au-delà d'un simple renvoi au classement sonore puisqu'elle prescrit des dispositions de composition urbaine et de forme bâtie.","l'OAP indique que la réussite du quartier va dépendre de la prise en compte des nuisances sonore, au travers de ""composition urbaine (maillage des voies, ouvertures/fermetures visuelles) et les formes urbaines (implantation et hauteur du bâti)""",validé,2026-08-17
29,95d3871caefe158c101a466ab9e91c5b,7_246700488_orientations_amenagement_2_20260206.pdf,,occurrence_locale,zone_specifique,Plan Local d'Urbanisme intercommunal (PLUi) EUROMETROPOLE DE STRASBOURG,"Achenheim, Bischheim, Blaesheim, Breuschwickersheim, Eckbolsheim, Eckwersheim, Entzheim, Eschau, Fegersheim, Geispolsheim, Hangenbieten, Holtzheim, Hœnheim, Illkirch-Graffenstaden, Kolbsheim, La Wantzenau, Lampertheim, Lingolsheim, Lipsheim, Mittelhausbergen, Mundolsheim, Niederhausbergen, Oberhausbergen, Oberschaeffolsheim, Osthoffen, Ostwald, Plobsheim, Reichstett, Schiltigheim, Souffelweyersheim, Strasbourg, Vendenheim, Wolfisheim",OAP,page,page 236,https://www.geoportail-urbanisme.gouv.fr/api/document/95d3871caefe158c101a466ab9e91c5b/files/246700488_orientations_amenagement_2_20260206.pdf,OAP Communale COMMUNE DE LA WANTZENAU : « SECTEUR TRISSERMATT »,"Le passage identifie une zone spécifique de l'OAP soumise aux nuisances sonores de la voie ferrée et recommande d'agir sur la composition urbaine (maillage des voies, orientation, implantation et hauteur du bâti) dès la conception du projet d'aménagement pour limiter les impacts. Ceci concerne directement la conception des bâtiments et de l'aménagement urbain, donc dans le périmètre diagBruit. Il ne s'agit pas d'un simple renvoi au classement sonore ou au PEB, mais d'une recommandation autonome sur les formes urbaines à adopter. La portée est limitée à cette zone d'OAP particulière, non à l'ensemble du document.","L'OAP ecommande de luttre contreles nuisances sonore de la voie ferrée, des la conception du projet, en agissant sur la composition globale (maillage des voies, ouvertures et fermetures visuelles, ...) et/ou sur les formes urbaines (implantation du bâti, hauteur du bâti",corrigé,2026-08-17
30,95d3871caefe158c101a466ab9e91c5b,8_246700488_orientations_amenagement_2_20260206.pdf,,occurrence_locale,zone_specifique,Plan Local d'Urbanisme intercommunal (PLUi) EUROMETROPOLE DE STRASBOURG,"Achenheim, Bischheim, Blaesheim, Breuschwickersheim, Eckbolsheim, Eckwersheim, Entzheim, Eschau, Fegersheim, Geispolsheim, Hangenbieten, Holtzheim, Hœnheim, Illkirch-Graffenstaden, Kolbsheim, La Wantzenau, Lampertheim, Lingolsheim, Lipsheim, Mittelhausbergen, Mundolsheim, Niederhausbergen, Oberhausbergen, Oberschaeffolsheim, Osthoffen, Ostwald, Plobsheim, Reichstett, Schiltigheim, Souffelweyersheim, Strasbourg, Vendenheim, Wolfisheim",OAP,page,page 251,https://www.geoportail-urbanisme.gouv.fr/api/document/95d3871caefe158c101a466ab9e91c5b/files/246700488_orientations_amenagement_2_20260206.pdf,OAP Communale COMMUNE DE LIPSHEIM : « SECTEUR NIEDERMATT »,"Le passage recommande de fermer relativement les façades latérales Est et Ouest des bâtiments pour des raisons acoustiques, en lien avec la voirie traversant le quartier. C'est une règle d'aménagement/orientation des bâtiments liée au bruit, donc dans le périmètre diagBruit, applicable à une zone d'OAP spécifique.","Sur ce secteur, les questions accoustiques sontclairement identifiées comme étant centrale par le cahpitre 3.2.1 : 3.2.1. La prise en compte des nuisances Le quartier de la Niedermatt est particulièrement soumis aux nuisances liées à la présence des infrastructures de transport qui génèrent un effet de coupure, des nuisances sonores et de la pollution atmosphérique. La réussite de ce futur quartier tiendra en grande partie à la prise en compte, en amont, de ces contraintes et nuisances. Afin de limiter les impacts négatifs, il sera possible d’agir sur la composition globale (maillage des voies, ouvertures et fermetures visuelles, ...), les formes urbaines (implantation du bâti, hauteur du bâti, ...) et la programmation (localisation et répartition des différents programmes, ...). Ainsi, l'habitat devra être protégé le plus possible des nuisances de la RD 1083 (bruit et pollution de l'air) et de la voie ferrée (bruit). Au-delà des préconisations citées ci-dessus, il sera possible de recourir à des dispositifs architecturaux adaptés de type façade double peau. Les installations techniques des futurs bâtiments visant à aspirer de l'air (VMC, etc) ainsi que les éventuels jardins, balcons et terrasses seront privilégiés sur les façades qui ne sont pas orientées vers la RD 1083. Les bâtiments d'activités ou de stationnement, de plus grand gabarit, pourront jouer le rôle d'écran le long des infrastructures. ",validé,2026-08-17
31,95d3871caefe158c101a466ab9e91c5b,9_246700488_orientations_amenagement_1_20260206.pdf,,occurrence_locale,zone_specifique,Plan Local d'Urbanisme intercommunal (PLUi) EUROMETROPOLE DE STRASBOURG,"Achenheim, Bischheim, Blaesheim, Breuschwickersheim, Eckbolsheim, Eckwersheim, Entzheim, Eschau, Fegersheim, Geispolsheim, Hangenbieten, Holtzheim, Hœnheim, Illkirch-Graffenstaden, Kolbsheim, La Wantzenau, Lampertheim, Lingolsheim, Lipsheim, Mittelhausbergen, Mundolsheim, Niederhausbergen, Oberhausbergen, Oberschaeffolsheim, Osthoffen, Ostwald, Plobsheim, Reichstett, Schiltigheim, Souffelweyersheim, Strasbourg, Vendenheim, Wolfisheim",OAP,page,page 290,https://www.geoportail-urbanisme.gouv.fr/api/document/95d3871caefe158c101a466ab9e91c5b/files/246700488_orientations_amenagement_1_20260206.pdf,"OAP Intercommunale ""Aménagements paysagers aux abords de l’A35""","Cette OAP définit un secteur spécifique de part et d'autre de l'A35 destiné à l'acquisition foncière pour créer des espaces végétalisés. L'objectif explicite est de renforcer les protections naturelles contre les nuisances acoustiques via un traitement paysager (végétalisation multi-strates) qui doit permettre d'atténuer les nuisances sonores. Il s'agit d'une règle autonome d'aménagement (traitement paysager anti-bruit) allant au-delà d'un simple renvoi au classement sonore ou au PEB, et concernant l'aménagement urbain (espaces végétalisés, abords de l'autoroute), donc dans le périmètre diagBruit. La portée est limitée au secteur des emplacements réservés identifié sur le plan de zonage, pas à l'ensemble du document.","L'OAP Intercommunale ""Aménagements paysagers aux abords de l’A35"" insiste sur la nécéssité de renforcer les protection acoustiques naturelles existantes en utilisant des ressources naturelles et végétales",corrigé,2026-08-17
32,95d3871caefe158c101a466ab9e91c5b,9_246700488_orientations_amenagement_2_20260206.pdf,,occurrence_locale,zone_specifique,Plan Local d'Urbanisme intercommunal (PLUi) EUROMETROPOLE DE STRASBOURG,"Achenheim, Bischheim, Blaesheim, Breuschwickersheim, Eckbolsheim, Eckwersheim, Entzheim, Eschau, Fegersheim, Geispolsheim, Hangenbieten, Holtzheim, Hœnheim, Illkirch-Graffenstaden, Kolbsheim, La Wantzenau, Lampertheim, Lingolsheim, Lipsheim, Mittelhausbergen, Mundolsheim, Niederhausbergen, Oberhausbergen, Oberschaeffolsheim, Osthoffen, Ostwald, Plobsheim, Reichstett, Schiltigheim, Souffelweyersheim, Strasbourg, Vendenheim, Wolfisheim",OAP,page,page 251,https://www.geoportail-urbanisme.gouv.fr/api/document/95d3871caefe158c101a466ab9e91c5b/files/246700488_orientations_amenagement_2_20260206.pdf,OAP Communale COMMUNE DE LIPSHEIM : « SECTEUR NIEDERMATT »,"Le passage recommande, pour l'aménagement du quartier de la Niedermatt, de prendre en compte les nuisances sonores liées à la RD 1083 et à la voie ferrée dès la conception urbaine (composition des voies, formes urbaines, implantation et hauteur du bâti, programmation), afin de protéger l'habitat du bruit. Il ne s'agit pas d'un simple renvoi au classement sonore mais d'une recommandation d'aménagement urbain et de conception du bâti visant à limiter l'exposition au bruit, ce qui relève du périmètre diagBruit. La règle s'applique spécifiquement au quartier de la Niedermatt, une zone identifiée sans contour administratif automatique.","""Le quartier de la Niedermatt est particulièrement soumis aux nuisances liées à la présence des infrastructures de transport qui génèrent un effet de coupure, des nuisances sonores et de la pollution atmosphérique. La réussite de ce futur quartier tiendra en grande partie à la prise en compte, en amont, de ces contraintes et nuisances. Afin de limiter les impacts négatifs, il sera possible d’agir sur la composition globale (maillage des voies, ouvertures et fermetures visuelles, ...), les formes urbaines (implantation du bâti, hauteur du bâti, ...) et la programmation (localisation et répartition des différents programmes, ...). Ainsi, l'habitat devra être protégé le plus possible des nuisances de la RD 1083 (bruit et pollution de l'air) et de la voie ferrée (bruit). Au-delà des préconisations citées ci-dessus, il sera possible de recourir à des dispositifs architecturaux adaptés de type façade double peau. Les installations techniques des futurs bâtiments visant à aspirer de l'air (VMC, etc) ainsi que les éventuels jardins, balcons et terrasses seront privilégiés sur les façades qui ne sont pas orientées vers la RD 1083. Les bâtiments d'activités ou de stationnement, de plus grand gabarit, pourront jouer le rôle d'écran le long des infrastructures. "" ""Les activités économiques, de préférence industrielles, artisanales et petite logistique, seront concentrées le long des voies ferrées et au Sud du secteur, pour tirer parti de l'effet de vitrine en entrée d'agglomération et protéger le quartier de la Niedermatt sur le plan acoustique""",corrigé,2026-08-17
33,5ef7415de742b3e83e90bd4ca2f8e2f0,3_67482_orientations_amenagement_20230707.pdf,,occurrence_locale,zone_specifique,Plan de Sauvegarde et de Mise en Valeur (PSMV) STRASBOURG,Strasbourg,OAP,page,page 22,https://www.geoportail-urbanisme.gouv.fr/api/document/5ef7415de742b3e83e90bd4ca2f8e2f0/files/67482_orientations_amenagement_20230707.pdf,,"Le passage évoque la préservation du jardin comme 'lieu de confort, calme, et rafraîchissement', ce qui constitue une recommandation de préservation d'une zone calme dans le cadre d'une OAP sur un site patrimonial précis (jardin/parc), donc à portée géométrique spécifique et non un simple renvoi au classement sonore ou au PEB.",,validé,2026-08-17
34,5ef7415de742b3e83e90bd4ca2f8e2f0,4_67482_orientations_amenagement_20230707.pdf,,occurrence_locale,zone_specifique,Plan de Sauvegarde et de Mise en Valeur (PSMV) STRASBOURG,Strasbourg,OAP,page,page 26,https://www.geoportail-urbanisme.gouv.fr/api/document/5ef7415de742b3e83e90bd4ca2f8e2f0/files/67482_orientations_amenagement_20230707.pdf,"PSMV ""abords de la Cathédrale""","Le passage évoque une recommandation d'aménagement urbain visant à 'améliorer le confort sonore par l'introduction de végétal' sur une place publique spécifique. Il ne s'agit pas d'un renvoi au classement sonore ou au PEB, mais d'une règle autonome propre à l'OAP concernant cet espace particulier. La formulation est cependant coupée entre le passage et le contexte après, ce qui limite la clarté de l'extrait.","Le PSMV recommande d'""Améliorer le confort sonore par l’introduction de végétal"", attention, concrètement cela peut etre complexe",validé,2026-08-17
